target,feature_set,model,evaluation,probability_type,bin,bin_n,event_n,mean_predicted_probability,observed_event_rate,absolute_gap,minimum_probability,maximum_probability,population,scenario
target_preterm,booking_strict,lightgbm,calibration_evaluation_2022,raw,1,17765,662,0.039508243625671104,0.03726428370391219,0.002243959921758916,0.02641141846722546,0.04321201979669021,singleton_primary,full_cohort
target_preterm,booking_strict,lightgbm,calibration_evaluation_2022,raw,2,17766,814,0.04612722949735906,0.04581785432849263,0.00030937516886643535,0.04321223719913991,0.04880241363649381,singleton_primary,full_cohort
target_preterm,booking_strict,lightgbm,calibration_evaluation_2022,raw,3,17766,932,0.051237961024187234,0.05245975458741416,0.0012217935632269292,0.04880241363649381,0.05341025829285755,singleton_primary,full_cohort
target_preterm,booking_strict,lightgbm,calibration_evaluation_2022,raw,4,17765,1006,0.05534834409352797,0.05662820151984239,0.0012798574263144166,0.05341025829285755,0.05726888251332676,singleton_primary,full_cohort
target_preterm,booking_strict,lightgbm,calibration_evaluation_2022,raw,5,17766,973,0.05897639779430078,0.05476753349093775,0.004208864303363029,0.05726923185044136,0.06058838695809084,singleton_primary,full_cohort
target_preterm,booking_strict,lightgbm,calibration_evaluation_2022,raw,6,17766,1067,0.0622705089360807,0.06005853878194304,0.0022119701541376616,0.060588624543749005,0.06394859391208427,singleton_primary,full_cohort
target_preterm,booking_strict,lightgbm,calibration_evaluation_2022,raw,7,17765,1113,0.06548336303497482,0.06265128060793695,0.002832082427037863,0.06394859391208427,0.06702401655035252,singleton_primary,full_cohort
target_preterm,booking_strict,lightgbm,calibration_evaluation_2022,raw,8,17766,1166,0.06853153493142247,0.06563098052459755,0.0029005544068249206,0.06702401655035252,0.07008534736796702,singleton_primary,full_cohort
target_preterm,booking_strict,lightgbm,calibration_evaluation_2022,raw,9,17766,1310,0.0716621091512646,0.07373635033209501,0.0020742411808304106,0.07008563571756721,0.07326005265807492,singleton_primary,full_cohort
target_preterm,booking_strict,lightgbm,calibration_evaluation_2022,raw,10,17766,1319,0.07489574976004859,0.0742429359450636,0.0006528138149849844,0.07326020974767584,0.07656612236859389,singleton_primary,full_cohort
target_preterm,booking_strict,lightgbm,calibration_evaluation_2022,raw,11,17765,1360,0.07827817324141273,0.07655502392344497,0.0017231493179677565,0.07656616180002955,0.0800393747513278,singleton_primary,full_cohort
target_preterm,booking_strict,lightgbm,calibration_evaluation_2022,raw,12,17766,1451,0.08195127721336358,0.08167285826860295,0.00027841894476063334,0.08003975641675919,0.08390608690998283,singleton_primary,full_cohort
target_preterm,booking_strict,lightgbm,calibration_evaluation_2022,raw,13,17766,1587,0.08600713584362246,0.08932792975346167,0.0033207939098392064,0.08390654104004902,0.08824446233895523,singleton_primary,full_cohort
target_preterm,booking_strict,lightgbm,calibration_evaluation_2022,raw,14,17765,1613,0.09069807719723488,0.09079650999155643,9.84327943215485e-05,0.08824451506098299,0.0933330043713252,singleton_primary,full_cohort
target_preterm,booking_strict,lightgbm,calibration_evaluation_2022,raw,15,17766,1702,0.09628028488601728,0.09580096814139367,0.0004793167446236063,0.0933331557580982,0.09944188800092146,singleton_primary,full_cohort
target_preterm,booking_strict,lightgbm,calibration_evaluation_2022,raw,16,17766,1797,0.10307282117247765,0.10114826072272881,0.001924560449748841,0.09944256582610098,0.10703258642823517,singleton_primary,full_cohort
target_preterm,booking_strict,lightgbm,calibration_evaluation_2022,raw,17,17765,1999,0.11192960194697554,0.11252462707571066,0.0005950251287351188,0.10703331905286478,0.11747872735771647,singleton_primary,full_cohort
target_preterm,booking_strict,lightgbm,calibration_evaluation_2022,raw,18,17766,2218,0.12481440009362395,0.12484520995159293,3.080985796898028e-05,0.11747878204023988,0.1334437766075352,singleton_primary,full_cohort
target_preterm,booking_strict,lightgbm,calibration_evaluation_2022,raw,19,17766,2615,0.1471643661713641,0.1471912642125408,2.6898041176698362e-05,0.13344502816811762,0.16522453680404564,singleton_primary,full_cohort
target_preterm,booking_strict,lightgbm,calibration_evaluation_2022,raw,20,17766,3926,0.2226474468794804,0.22098390183496566,0.0016635450445147415,0.16522525274968267,0.6511592467380679,singleton_primary,full_cohort
target_preterm,booking_strict,lightgbm,calibration_evaluation_2022,calibrated,1,17765,662,0.0388348142143684,0.03726428370391219,0.0015705305104562126,0.025780191650134794,0.04253970930592178,singleton_primary,full_cohort
target_preterm,booking_strict,lightgbm,calibration_evaluation_2022,calibrated,2,17766,814,0.04546134285047157,0.04581785432849263,0.0003565114780210571,0.042539927028824996,0.04814433384084696,singleton_primary,full_cohort
target_preterm,booking_strict,lightgbm,calibration_evaluation_2022,calibrated,3,17766,932,0.05058990118266223,0.05245975458741416,0.001869853404751931,0.04814433384084696,0.05277226518992621,singleton_primary,full_cohort
target_preterm,booking_strict,lightgbm,calibration_evaluation_2022,calibrated,4,17765,1006,0.054721063531399154,0.05662820151984239,0.0019071379884432332,0.05277226518992621,0.056652974370340545,singleton_primary,full_cohort
target_preterm,booking_strict,lightgbm,calibration_evaluation_2022,calibrated,5,17766,973,0.05837182546775974,0.05476753349093775,0.003604291976821994,0.05665332591220595,0.05999503222424875,singleton_primary,full_cohort
target_preterm,booking_strict,lightgbm,calibration_evaluation_2022,calibrated,6,17766,1067,0.06168989784488966,0.06005853878194304,0.001631359062946619,0.05999527153654416,0.06338120470314841,singleton_primary,full_cohort
target_preterm,booking_strict,lightgbm,calibration_evaluation_2022,calibrated,7,17765,1113,0.0649289346515778,0.06265128060793695,0.002277654043640845,0.06338120470314841,0.06648300107436612,singleton_primary,full_cohort
target_preterm,booking_strict,lightgbm,calibration_evaluation_2022,calibrated,8,17766,1166,0.068004412412678,0.06563098052459755,0.0023734318880804517,0.06648300107436612,0.06957292955221742,singleton_primary,full_cohort
target_preterm,booking_strict,lightgbm,calibration_evaluation_2022,calibrated,9,17766,1310,0.07116539208120785,0.07373635033209501,0.0025709582508871565,0.06957322070190479,0.07277963796154888,singleton_primary,full_cohort
target_preterm,booking_strict,lightgbm,calibration_evaluation_2022,calibrated,10,17766,1319,0.07443281651703855,0.0742429359450636,0.000189880571974943,0.072779796691849,0.07612144708188967,singleton_primary,full_cohort
target_preterm,booking_strict,lightgbm,calibration_evaluation_2022,calibrated,11,17765,1360,0.07785303658089382,0.07655502392344497,0.0012980126574488465,0.07612148695376926,0.07963476227143511,singleton_primary,full_cohort
target_preterm,booking_strict,lightgbm,calibration_evaluation_2022,calibrated,12,17766,1451,0.08156989166705182,0.08167285826860295,0.00010296660155112436,0.07963514847605378,0.08354894843564586,singleton_primary,full_cohort
target_preterm,booking_strict,lightgbm,calibration_evaluation_2022,calibrated,13,17766,1587,0.08567715093360102,0.08932792975346167,0.003650778819860645,0.08354940831268223,0.08794398937558455,singleton_primary,full_cohort
target_preterm,booking_strict,lightgbm,calibration_evaluation_2022,calibrated,14,17765,1613,0.09043134921137962,0.09079650999155643,0.0003651607801768153,0.08794404280723149,0.09310329349584169,singleton_primary,full_cohort
target_preterm,booking_strict,lightgbm,calibration_evaluation_2022,calibrated,15,17766,1702,0.09609380899454466,0.09580096814139367,0.00029284085315098296,0.09310344705382707,0.09930282751036763,singleton_primary,full_cohort
target_preterm,booking_strict,lightgbm,calibration_evaluation_2022,calibrated,16,17766,1797,0.1029907445452775,0.10114826072272881,0.0018424838225486878,0.09930351572148317,0.10701411933230703,singleton_primary,full_cohort
target_preterm,booking_strict,lightgbm,calibration_evaluation_2022,calibrated,17,17765,1999,0.11199382583344646,0.11252462707571066,0.0005308012422642061,0.10701486399608973,0.11763917207254428,singleton_primary,full_cohort
target_preterm,booking_strict,lightgbm,calibration_evaluation_2022,calibrated,18,17766,2218,0.12510966914497854,0.12484520995159293,0.00026445919338560775,0.11763922772790014,0.1339027139098229,singleton_primary,full_cohort
target_preterm,booking_strict,lightgbm,calibration_evaluation_2022,calibrated,19,17766,2615,0.14790357299590043,0.1471912642125408,0.000712308783359622,0.13390398993000238,0.16634840439044482,singleton_primary,full_cohort
target_preterm,booking_strict,lightgbm,calibration_evaluation_2022,calibrated,20,17766,3926,0.22514044355479532,0.22098390183496566,0.004156541719829654,0.1663491361758039,0.6613882023283748,singleton_primary,full_cohort
target_preterm,booking_strict,lightgbm,calibration_evaluation_2022,raw,1,13383,467,0.03897804396833664,0.03489501606515729,0.004083027903179347,0.02641141846722546,0.042350692188855926,singleton_primary,early_entry
target_preterm,booking_strict,lightgbm,calibration_evaluation_2022,raw,2,13384,613,0.04499371213771569,0.04580095636580992,0.0008072442280942296,0.04235092066756881,0.04743818779166185,singleton_primary,early_entry
target_preterm,booking_strict,lightgbm,calibration_evaluation_2022,raw,3,13384,669,0.049754604877824446,0.04998505678421997,0.0002304519063955207,0.047438983406099505,0.05190878870045111,singleton_primary,early_entry
target_preterm,booking_strict,lightgbm,calibration_evaluation_2022,raw,4,13384,765,0.053736392028905615,0.05715780035863718,0.0034214083297315623,0.05190959252451364,0.05555712297840574,singleton_primary,early_entry
target_preterm,booking_strict,lightgbm,calibration_evaluation_2022,raw,5,13384,725,0.05726594926675924,0.054169157202630006,0.0030967920641292376,0.05555712297840574,0.05893540314433666,singleton_primary,early_entry
target_preterm,booking_strict,lightgbm,calibration_evaluation_2022,raw,6,13384,741,0.060421389657569546,0.05536461446503287,0.005056775192536674,0.05893561939822423,0.06196764992638566,singleton_primary,early_entry
target_preterm,booking_strict,lightgbm,calibration_evaluation_2022,raw,7,13383,826,0.06353807179286917,0.06172009265486064,0.0018179791380085325,0.06196764992638566,0.0650562019526915,singleton_primary,early_entry
target_preterm,booking_strict,lightgbm,calibration_evaluation_2022,raw,8,13384,846,0.06656244688337387,0.06320980274955171,0.0033526441338221635,0.0650562019526915,0.0680464867048115,singleton_primary,early_entry
target_preterm,booking_strict,lightgbm,calibration_evaluation_2022,raw,9,13384,914,0.06956517294452053,0.0682904961147639,0.0012746768297566269,0.06804686840488126,0.07111026520823058,singleton_primary,early_entry
target_preterm,booking_strict,lightgbm,calibration_evaluation_2022,raw,10,13384,1020,0.072704645462743,0.07621040047818291,0.0035057550154399125,0.0711104554599453,0.07432562394064467,singleton_primary,early_entry
target_preterm,booking_strict,lightgbm,calibration_evaluation_2022,raw,11,13384,928,0.07599436447048406,0.06933652121936641,0.006657843251117651,0.0743256949911654,0.07769695895607993,singleton_primary,early_entry
target_preterm,booking_strict,lightgbm,calibration_evaluation_2022,raw,12,13384,1055,0.07951534963127364,0.07882546323968918,0.00068988639158446,0.07769695895607993,0.08141887478944161,singleton_primary,early_entry
target_preterm,booking_strict,lightgbm,calibration_evaluation_2022,raw,13,13384,1144,0.08342409434454917,0.08547519426180514,0.0020510999172559663,0.08141887777069612,0.08555655585960563,singleton_primary,early_entry
target_preterm,booking_strict,lightgbm,calibration_evaluation_2022,raw,14,13383,1178,0.08791458723375188,0.08802211761189568,0.00010753037814380251,0.08555655585960563,0.09042872415097783,singleton_primary,early_entry
target_preterm,booking_strict,lightgbm,calibration_evaluation_2022,raw,15,13384,1233,0.09325561047377223,0.0921249252839211,0.0011306851898511272,0.09042872415097783,0.09629537308999228,singleton_primary,early_entry
target_preterm,booking_strict,lightgbm,calibration_evaluation_2022,raw,16,13384,1306,0.09978108360172813,0.09757919904363418,0.0022018845580939472,0.0962956282236697,0.10350995814806738,singleton_primary,early_entry
target_preterm,booking_strict,lightgbm,calibration_evaluation_2022,raw,17,13384,1413,0.10816245575002369,0.10557381948595337,0.0025886362640703126,0.10351014365594109,0.11341472848346074,singleton_primary,early_entry
target_preterm,booking_strict,lightgbm,calibration_evaluation_2022,raw,18,13384,1560,0.120415109426947,0.11655708308427974,0.003858026342667256,0.11341479565835155,0.1286820725251504,singleton_primary,early_entry
target_preterm,booking_strict,lightgbm,calibration_evaluation_2022,raw,19,13384,1859,0.14185168943326543,0.13889719067543335,0.0029544987578320747,0.12868213337069623,0.15973086601760667,singleton_primary,early_entry
target_preterm,booking_strict,lightgbm,calibration_evaluation_2022,raw,20,13384,2840,0.21796268926087656,0.21219366407650928,0.005769025184367282,0.15973090484477626,0.6511592467380679,singleton_primary,early_entry
target_preterm,booking_strict,lightgbm,calibration_evaluation_2022,calibrated,1,13383,467,0.038304542530686034,0.03489501606515729,0.0034095264655287436,0.025780191650134794,0.04167726159779978,singleton_primary,early_entry
target_preterm,booking_strict,lightgbm,calibration_evaluation_2022,calibrated,2,13384,613,0.04432506232527981,0.04580095636580992,0.0014758940405301124,0.04167749033372131,0.04677556516124978,singleton_primary,early_entry
target_preterm,booking_strict,lightgbm,calibration_evaluation_2022,calibrated,3,13384,669,0.04910038355972252,0.04998505678421997,0.000884673224497444,0.04677636323003331,0.0512634714042924,singleton_primary,early_entry
target_preterm,booking_strict,lightgbm,calibration_evaluation_2022,calibrated,4,13384,765,0.05310025918627245,0.05715780035863718,0.0040575411723647245,0.05126427895226543,0.05493085165075372,singleton_primary,early_entry
target_preterm,booking_strict,lightgbm,calibration_evaluation_2022,calibrated,5,13384,725,0.05665016577525805,0.054169157202630006,0.002481008572628042,0.05493085165075372,0.05833042100120978,singleton_primary,early_entry
target_preterm,booking_strict,lightgbm,calibration_evaluation_2022,calibrated,6,13384,741,0.05982693193042746,0.05536461446503287,0.004462317465394584,0.05833063872533129,0.06138458233160335,singleton_primary,early_entry
target_preterm,booking_strict,lightgbm,calibration_evaluation_2022,calibrated,7,13383,826,0.06296745372008934,0.06172009265486064,0.0012473610652286998,0.06138458233160335,0.06449803133818054,singleton_primary,early_entry
target_preterm,booking_strict,lightgbm,calibration_evaluation_2022,calibrated,8,13384,846,0.0660174128685071,0.06320980274955171,0.0028076101189553893,0.06449803133818054,0.06751476849864017,singleton_primary,early_entry
target_preterm,booking_strict,lightgbm,calibration_evaluation_2022,calibrated,9,13384,914,0.06904783073639988,0.0682904961147639,0.0007573346216359772,0.0675151537176407,0.07060792390323188,singleton_primary,early_entry
target_preterm,booking_strict,lightgbm,calibration_evaluation_2022,calibrated,10,13384,1020,0.07221856298703952,0.07621040047818291,0.003991837491143388,0.07060811604827597,0.07385646557740586,singleton_primary,early_entry
target_preterm,booking_strict,lightgbm,calibration_evaluation_2022,calibrated,11,13384,928,0.07554344143024433,0.06933652121936641,0.006206920210877917,0.07385653738691121,0.0772650508844848,singleton_primary,early_entry
target_preterm,booking_strict,lightgbm,calibration_evaluation_2022,calibrated,12,13384,1055,0.07910465154483319,0.07882546323968918,0.00027918830514400694,0.0772650508844848,0.08103086039857349,singleton_primary,early_entry
target_preterm,booking_strict,lightgbm,calibration_evaluation_2022,calibrated,13,13384,1144,0.08306101518028369,0.08547519426180514,0.0024141790815214448,0.08103086341610956,0.08522056246173187,singleton_primary,early_entry
target_preterm,booking_strict,lightgbm,calibration_evaluation_2022,calibrated,14,13383,1178,0.08760986168113072,0.08802211761189568,0.00041225593076496536,0.08522056246173187,0.0901580749368311,singleton_primary,early_entry
target_preterm,booking_strict,lightgbm,calibration_evaluation_2022,calibrated,15,13384,1233,0.09302503436299071,0.0921249252839211,0.0009001090790696081,0.0901580749368311,0.09610887310786434,singleton_primary,early_entry
target_preterm,booking_strict,lightgbm,calibration_evaluation_2022,calibrated,16,13384,1306,0.09964756526172021,0.09757919904363418,0.0020683662180860235,0.09610913202460561,0.1034344804100413,singleton_primary,early_entry
target_preterm,booking_strict,lightgbm,calibration_evaluation_2022,calibrated,17,13384,1413,0.10816319179132285,0.10557381948595337,0.0025893723053694723,0.10343466887333329,0.11350389245162329,singleton_primary,early_entry
target_preterm,booking_strict,lightgbm,calibration_evaluation_2022,calibrated,18,13384,1560,0.12062943672642286,0.11655708308427974,0.004072353642143117,0.11350396078757424,0.1290490960607894,singleton_primary,early_entry
target_preterm,booking_strict,lightgbm,calibration_evaluation_2022,calibrated,19,13384,1859,0.14248174870972105,0.13889719067543335,0.0035845580342876993,0.12904915806588613,0.16073420210894837,singleton_primary,early_entry
target_preterm,booking_strict,lightgbm,calibration_evaluation_2022,calibrated,20,13384,2840,0.22034524655800625,0.21219366407650928,0.008151582481496972,0.16073424178066123,0.6613882023283748,singleton_primary,early_entry
target_preterm,booking_strict,lightgbm,temporal_test_2023,raw,1,174019,6882,0.03962640156493579,0.039547405743051045,7.899582188474613e-05,0.022287979156129047,0.04337609622061395,singleton_primary,full_cohort
target_preterm,booking_strict,lightgbm,temporal_test_2023,raw,2,174019,8088,0.046359260485818975,0.04647768347134508,0.00011842298552610514,0.04337625380941666,0.04908573975182543,singleton_primary,full_cohort
target_preterm,booking_strict,lightgbm,temporal_test_2023,raw,3,174019,9059,0.05158776306742969,0.05205753394744252,0.00046977088001283474,0.04908573975182543,0.053766964088407455,singleton_primary,full_cohort
target_preterm,booking_strict,lightgbm,temporal_test_2023,raw,4,174019,9567,0.055747542554634544,0.05497675541176538,0.0007707871428691629,0.053766964088407455,0.05766490206845521,singleton_primary,full_cohort
target_preterm,booking_strict,lightgbm,temporal_test_2023,raw,5,174019,10204,0.05935972827448645,0.058637275240059995,0.0007224530344264526,0.05766493975744839,0.06098878446320321,singleton_primary,full_cohort
target_preterm,booking_strict,lightgbm,temporal_test_2023,raw,6,174019,10815,0.06267012837224124,0.062148386095771155,0.0005217422764700885,0.06098878446320321,0.06429457222180382,singleton_primary,full_cohort
target_preterm,booking_strict,lightgbm,temporal_test_2023,raw,7,174019,11245,0.06584778299064181,0.06461938064234365,0.0012284023482981576,0.06429457222180382,0.0673993251622515,singleton_primary,full_cohort
target_preterm,booking_strict,lightgbm,temporal_test_2023,raw,8,174019,11726,0.06894403850343445,0.06738344663513754,0.0015605918682969067,0.06739941196521997,0.0705297871296815,singleton_primary,full_cohort
target_preterm,booking_strict,lightgbm,temporal_test_2023,raw,9,174019,12629,0.07212951369200275,0.0725725351829398,0.0004430214909370428,0.07052990214001578,0.07374514844757009,singleton_primary,full_cohort
target_preterm,booking_strict,lightgbm,temporal_test_2023,raw,10,174020,12988,0.07540252686650407,0.07463509941386047,0.0007674274526436042,0.07374514844757009,0.07710583364680502,singleton_primary,full_cohort
target_preterm,booking_strict,lightgbm,temporal_test_2023,raw,11,174019,13635,0.07884487979900366,0.07835351312213035,0.0004913666768733144,0.07710583364680502,0.08064792992161443,singleton_primary,full_cohort
target_preterm,booking_strict,lightgbm,temporal_test_2023,raw,12,174019,14126,0.08257818687864868,0.08117504410437941,0.0014031427742692698,0.08064792992161443,0.08454160897204739,singleton_primary,full_cohort
target_preterm,booking_strict,lightgbm,temporal_test_2023,raw,13,174019,15032,0.08671902393470933,0.08638137214901821,0.00033765178569111765,0.08454160897204739,0.08899667845731671,singleton_primary,full_cohort
target_preterm,booking_strict,lightgbm,temporal_test_2023,raw,14,174019,15842,0.0914998800828197,0.09103603629488734,0.0004638437879323637,0.08899667845731671,0.09416715583662529,singleton_primary,full_cohort
target_preterm,booking_strict,lightgbm,temporal_test_2023,raw,15,174019,16890,0.09716459532625092,0.09705836718978962,0.00010622813646130047,0.09416715583662529,0.10035848638652606,singleton_primary,full_cohort
target_preterm,booking_strict,lightgbm,temporal_test_2023,raw,16,174019,18143,0.10407952239830684,0.10425873036852298,0.0001792079702161442,0.10035865437007759,0.10817830497518106,singleton_primary,full_cohort
target_preterm,booking_strict,lightgbm,temporal_test_2023,raw,17,174019,19510,0.11317650674251227,0.11211419442704532,0.001062312315466954,0.10817830497518106,0.11885684255887308,singleton_primary,full_cohort
target_preterm,booking_strict,lightgbm,temporal_test_2023,raw,18,174019,21756,0.12634324272079914,0.1250208310586775,0.0013224116621216309,0.11885712789087517,0.13528264104052412,singleton_primary,full_cohort
target_preterm,booking_strict,lightgbm,temporal_test_2023,raw,19,174019,25886,0.14906639843751732,0.14875387170366455,0.00031252673385276375,0.13528269042708943,0.1677088538600957,singleton_primary,full_cohort
target_preterm,booking_strict,lightgbm,temporal_test_2023,raw,20,174020,38978,0.2261248634885347,0.22398574876450983,0.0021391147240248654,0.1677096277232706,0.7384844111977789,singleton_primary,full_cohort
target_preterm,booking_strict,lightgbm,temporal_test_2023,calibrated,1,174019,6882,0.038953000152563484,0.039547405743051045,0.0005944055904875609,0.021691775465004528,0.04270403295258939,singleton_primary,full_cohort
target_preterm,booking_strict,lightgbm,temporal_test_2023,calibrated,2,174019,8088,0.04569400962158754,0.04647768347134508,0.0007836738497575407,0.04270419078400462,0.048428686351232944,singleton_primary,full_cohort
target_preterm,booking_strict,lightgbm,temporal_test_2023,calibrated,3,174019,9059,0.050941270128105114,0.05205753394744252,0.0011162638193374097,0.048428686351232944,0.05313081798651221,singleton_primary,full_cohort
target_preterm,booking_strict,lightgbm,temporal_test_2023,calibrated,4,174019,9567,0.055122576158690546,0.05497675541176538,0.00014582074692516545,0.05313081798651221,0.05705151651899984,singleton_primary,full_cohort
target_preterm,booking_strict,lightgbm,temporal_test_2023,calibrated,5,174019,10204,0.05875778430865612,0.058637275240059995,0.00012050906859612659,0.0570515544502734,0.06039836191315158,singleton_primary,full_cohort
target_preterm,booking_strict,lightgbm,temporal_test_2023,calibrated,6,174019,10815,0.06209262366213946,0.062148386095771155,5.576243363169392e-05,0.06039836191315158,0.06373002821280711,singleton_primary,full_cohort
target_preterm,booking_strict,lightgbm,temporal_test_2023,calibrated,7,174019,11245,0.06529649776968206,0.06461938064234365,0.0006771171273384086,0.06373002821280711,0.06686169228448838,singleton_primary,full_cohort
target_preterm,booking_strict,lightgbm,temporal_test_2023,calibrated,8,174019,11726,0.06842079261294169,0.06738344663513754,0.0010373459778041522,0.06686177987384657,0.07002170849648619,singleton_primary,full_cohort
target_preterm,booking_strict,lightgbm,temporal_test_2023,calibrated,9,174019,12629,0.07163753475379936,0.0725725351829398,0.0009350004291404368,0.07002182463572862,0.0732698266865051,singleton_primary,full_cohort
target_preterm,booking_strict,lightgbm,temporal_test_2023,calibrated,10,174020,12988,0.07494510269236196,0.07463509941386047,0.0003100032785014889,0.0732698266865051,0.0766672179168844,singleton_primary,full_cohort
target_preterm,booking_strict,lightgbm,temporal_test_2023,calibrated,11,174019,13635,0.07842631429444881,0.07835351312213035,7.280117231846239e-05,0.0766672179168844,0.08025059246018944,singleton_primary,full_cohort
target_preterm,booking_strict,lightgbm,temporal_test_2023,calibrated,12,174019,14126,0.08220453657949468,0.08117504410437941,0.0010294924751152734,0.08025059246018944,0.08419255147397985,singleton_primary,full_cohort
target_preterm,booking_strict,lightgbm,temporal_test_2023,calibrated,13,174019,15032,0.0863983817133675,0.08638137214901821,1.700956434928791e-05,0.08419255147397985,0.08870638071866896,singleton_primary,full_cohort
target_preterm,booking_strict,lightgbm,temporal_test_2023,calibrated,14,174019,15842,0.09124435357627102,0.09103603629488734,0.00020831728138367978,0.08870638071866896,0.09394946646309027,singleton_primary,full_cohort
target_preterm,booking_strict,lightgbm,temporal_test_2023,calibrated,15,174019,16890,0.09699129616123953,0.09705836718978962,6.707102855009472e-05,0.09394946646309027,0.10023353474070731,singleton_primary,full_cohort
target_preterm,booking_strict,lightgbm,temporal_test_2023,calibrated,16,174019,18143,0.10401351146949661,0.10425873036852298,0.0002452188990263726,0.10023370532171495,0.1081787561073204,singleton_primary,full_cohort
target_preterm,booking_strict,lightgbm,temporal_test_2023,calibrated,17,174019,19510,0.1132621650545854,0.11211419442704532,0.0011479706275400875,0.1081787561073204,0.11904191928396524,singleton_primary,full_cohort
target_preterm,booking_strict,lightgbm,temporal_test_2023,calibrated,18,174019,21756,0.12666718378925326,0.1250208310586775,0.0016463527305757564,0.11904220973949249,0.1357776817296388,singleton_primary,full_cohort
target_preterm,booking_strict,lightgbm,temporal_test_2023,calibrated,19,174019,25886,0.14984532145343984,0.14875387170366455,0.0010914497497752917,0.13577773209026175,0.16888788436587268,singleton_primary,full_cohort
target_preterm,booking_strict,lightgbm,temporal_test_2023,calibrated,20,174020,38978,0.2287010404721845,0.22398574876450983,0.004715291707674679,0.16888867547370973,0.748442091112565,singleton_primary,full_cohort
target_preterm,booking_strict,lightgbm,temporal_test_2023,raw,1,130053,5011,0.039059732681723976,0.03853044528000123,0.0005292874017227486,0.022287979156129047,0.04247621751293441,singleton_primary,early_entry
target_preterm,booking_strict,lightgbm,temporal_test_2023,raw,2,130053,6008,0.04515786153984099,0.04619655063704797,0.001038689097206981,0.04247621751293441,0.04766756196209601,singleton_primary,early_entry
target_preterm,booking_strict,lightgbm,temporal_test_2023,raw,3,130053,6482,0.05001770987706742,0.049841218580117336,0.00017649129695008342,0.04766756196209601,0.052186421240786075,singleton_primary,early_entry
target_preterm,booking_strict,lightgbm,temporal_test_2023,raw,4,130053,7089,0.05407039421247717,0.05450854651565131,0.0004381523031741427,0.052186421240786075,0.05589433347208046,singleton_primary,early_entry
target_preterm,booking_strict,lightgbm,temporal_test_2023,raw,5,130053,7377,0.05761265933465966,0.05672302830384535,0.0008896310308143043,0.05589433347208046,0.059253307440714165,singleton_primary,early_entry
target_preterm,booking_strict,lightgbm,temporal_test_2023,raw,6,130053,7767,0.06076041655779375,0.059721805725358124,0.0010386108324356297,0.05925339362479315,0.062324459525806765,singleton_primary,early_entry
target_preterm,booking_strict,lightgbm,temporal_test_2023,raw,7,130053,8119,0.06386746062553292,0.06242839457759529,0.0014390660479376288,0.062324459525806765,0.06538127259045072,singleton_primary,early_entry
target_preterm,booking_strict,lightgbm,temporal_test_2023,raw,8,130053,8574,0.06687718740602575,0.06592696823602685,0.0009502191699988921,0.06538128012142629,0.06837434582094198,singleton_primary,early_entry
target_preterm,booking_strict,lightgbm,temporal_test_2023,raw,9,130053,8980,0.06992591281325564,0.0690487724235504,0.0008771403897052388,0.06837434582094198,0.07149588639325934,singleton_primary,early_entry
target_preterm,booking_strict,lightgbm,temporal_test_2023,raw,10,130053,9458,0.07309560104061086,0.07272419705812246,0.00037140398248840245,0.07149591529196196,0.07472421645739571,singleton_primary,early_entry
target_preterm,booking_strict,lightgbm,temporal_test_2023,raw,11,130053,9727,0.07643106449522741,0.0747925845616787,0.0016384799335487088,0.07472421645739571,0.07817276894899175,singleton_primary,early_entry
target_preterm,booking_strict,lightgbm,temporal_test_2023,raw,12,130053,10310,0.08002542211579627,0.07927537234819651,0.0007500497675997642,0.07817276894899175,0.08195585683701412,singleton_primary,early_entry
target_preterm,booking_strict,lightgbm,temporal_test_2023,raw,13,130053,10697,0.08400408998503336,0.08225108225108226,0.001753007733951109,0.08195588711701603,0.08617076606809268,singleton_primary,early_entry
target_preterm,booking_strict,lightgbm,temporal_test_2023,raw,14,130053,11362,0.08857680339971584,0.0873643822134053,0.0012124211863105416,0.0861707731439025,0.09110478140958714,singleton_primary,early_entry
target_preterm,booking_strict,lightgbm,temporal_test_2023,raw,15,130053,12062,0.09399580790588385,0.09274680322637693,0.001249004679506921,0.09110478140958714,0.09706017489692864,singleton_primary,early_entry
target_preterm,booking_strict,lightgbm,temporal_test_2023,raw,16,130053,12836,0.10061014983550816,0.09869822303214844,0.0019119268033597203,0.09706026807275032,0.10449500063038511,singleton_primary,early_entry
target_preterm,booking_strict,lightgbm,temporal_test_2023,raw,17,130053,14074,0.10926362585757037,0.10821741905223255,0.0010462068053378182,0.10449510725882302,0.11463215078027865,singleton_primary,early_entry
target_preterm,booking_strict,lightgbm,temporal_test_2023,raw,18,130053,15375,0.121814952023992,0.11822103296348412,0.0035939190605078775,0.11463224438325173,0.13031132303118825,singleton_primary,early_entry
target_preterm,booking_strict,lightgbm,temporal_test_2023,raw,19,130053,18172,0.14374526057360504,0.13972764949674363,0.00401761107686141,0.13031132303118825,0.1619878531648251,singleton_primary,early_entry
target_preterm,booking_strict,lightgbm,temporal_test_2023,raw,20,130053,28152,0.22137612282010544,0.2164655947959678,0.004910528024137634,0.1619878531648251,0.7384844111977789,singleton_primary,early_entry
target_preterm,booking_strict,lightgbm,temporal_test_2023,calibrated,1,130053,5011,0.03838622596624964,0.03853044528000123,0.0001442193137515882,0.021691775465004528,0.04180293144095929,singleton_primary,early_entry
target_preterm,booking_strict,lightgbm,temporal_test_2023,calibrated,2,130053,6008,0.04448959119241857,0.04619655063704797,0.0017069594446294037,0.04180293144095929,0.047005656419672304,singleton_primary,early_entry
target_preterm,booking_strict,lightgbm,temporal_test_2023,calibrated,3,130053,6482,0.04936453798081129,0.049841218580117336,0.00047668059930604245,0.047005656419672304,0.0515424028111103,singleton_primary,early_entry
target_preterm,booking_strict,lightgbm,temporal_test_2023,calibrated,4,130053,7089,0.05343602878272017,0.05450854651565131,0.0010725177329311414,0.0515424028111103,0.05527003342858861,singleton_primary,early_entry
target_preterm,booking_strict,lightgbm,temporal_test_2023,calibrated,5,130053,7377,0.05699907912397911,0.05672302830384535,0.0002760508201337594,0.05527003342858861,0.058650501128621475,singleton_primary,early_entry
target_preterm,booking_strict,lightgbm,temporal_test_2023,calibrated,6,130053,7767,0.060168427052987944,0.059721805725358124,0.0004466213276298203,0.05865058790649994,0.06174413807759147,singleton_primary,early_entry
target_preterm,booking_strict,lightgbm,temporal_test_2023,calibrated,7,130053,8119,0.06329951100195347,0.06242839457759529,0.0008711164243581787,0.06174413807759147,0.0648258678941287,singleton_primary,early_entry
target_preterm,booking_strict,lightgbm,temporal_test_2023,calibrated,8,130053,8574,0.06633495088390623,0.06592696823602685,0.0004079826478793763,0.06482587548949754,0.0678456633223162,singleton_primary,early_entry
target_preterm,booking_strict,lightgbm,temporal_test_2023,calibrated,9,130053,8980,0.06941204704928344,0.0690487724235504,0.0003632746257330455,0.0678456633223162,0.0709973999688629,singleton_primary,early_entry
target_preterm,booking_strict,lightgbm,temporal_test_2023,calibrated,10,130053,9458,0.072613570581463,0.07272419705812246,0.00011062647665945058,0.07099742915774668,0.07425933354023904,singleton_primary,early_entry
target_preterm,booking_strict,lightgbm,temporal_test_2023,calibrated,11,130053,9727,0.07598499031656589,0.0747925845616787,0.001192405754887188,0.07425933354023904,0.07774631338991991,singleton_primary,early_entry
target_preterm,booking_strict,lightgbm,temporal_test_2023,calibrated,12,130053,10310,0.07962076457843315,0.07927537234819651,0.00034539223023663523,0.07774631338991991,0.0815744060198638,singleton_primary,early_entry
target_preterm,booking_strict,lightgbm,temporal_test_2023,calibrated,13,130053,10697,0.08364833197835528,0.08225108225108226,0.0013972497272730228,0.08157443667158662,0.08584277227793122,singleton_primary,early_entry
target_preterm,booking_strict,lightgbm,temporal_test_2023,calibrated,14,130053,11362,0.08828099557531177,0.0873643822134053,0.0009166133619064737,0.08584277944630157,0.09084353273174144,singleton_primary,early_entry
target_preterm,booking_strict,lightgbm,temporal_test_2023,calibrated,15,130053,12062,0.09377588604722976,0.09274680322637693,0.0010290828208528308,0.09084353273174144,0.09688506201204412,singleton_primary,early_entry
target_preterm,booking_strict,lightgbm,temporal_test_2023,calibrated,16,130053,12836,0.10048943920019451,0.09869822303214844,0.0017912161680460753,0.09688515658083939,0.10443528645204016,singleton_primary,early_entry
target_preterm,booking_strict,lightgbm,temporal_test_2023,calibrated,17,130053,14074,0.10928273605335499,0.10821741905223255,0.0010653170011224455,0.10443539479442993,0.11474245113413221,singleton_primary,early_entry
target_preterm,booking_strict,lightgbm,temporal_test_2023,calibrated,18,130053,15375,0.12205481227569379,0.11822103296348412,0.0038337793122096703,0.11474254636941422,0.13070953428519574,singleton_primary,early_entry
target_preterm,booking_strict,lightgbm,temporal_test_2023,calibrated,19,130053,18172,0.144413990510708,0.13972764949674363,0.004686341013964368,0.13070953428519574,0.16304045929398883,singleton_primary,early_entry
target_preterm,booking_strict,lightgbm,temporal_test_2023,calibrated,20,130053,28152,0.22383976064984645,0.2164655947959678,0.00737416585387865,0.16304045929398883,0.748442091112565,singleton_primary,early_entry
target_nicu,booking_strict,lightgbm,calibration_evaluation_2022,raw,1,17745,713,0.03993415978537498,0.04018033248802479,0.00024617270264981617,0.025149546690077317,0.043085590602961694,singleton_primary,full_cohort
target_nicu,booking_strict,lightgbm,calibration_evaluation_2022,raw,2,17745,789,0.04560752624887781,0.04446322907861369,0.0011442971702641178,0.04308582603992353,0.04792933331753569,singleton_primary,full_cohort
target_nicu,booking_strict,lightgbm,calibration_evaluation_2022,raw,3,17745,930,0.049965255280712086,0.052409129332206254,0.0024438740514941687,0.04792933331753569,0.05193673704912482,singleton_primary,full_cohort
target_nicu,booking_strict,lightgbm,calibration_evaluation_2022,raw,4,17746,932,0.05379157404079823,0.05251887749351967,0.0012726965472785595,0.05193673704912482,0.05556172404209537,singleton_primary,full_cohort
target_nicu,booking_strict,lightgbm,calibration_evaluation_2022,raw,5,17745,1018,0.05726185644712736,0.05736827275288814,0.00010641630576077588,0.05556177972382763,0.05894559623930119,singleton_primary,full_cohort
target_nicu,booking_strict,lightgbm,calibration_evaluation_2022,raw,6,17745,1105,0.060685769940348765,0.06227106227106227,0.0015852923307135072,0.0589456151147328,0.062365202191471784,singleton_primary,full_cohort
target_nicu,booking_strict,lightgbm,calibration_evaluation_2022,raw,7,17746,1112,0.06407055774285424,0.06266200833990758,0.0014085494029466572,0.062365394258384964,0.06575948241385032,singleton_primary,full_cohort
target_nicu,booking_strict,lightgbm,calibration_evaluation_2022,raw,8,17745,1168,0.067500267776541,0.06582135812905043,0.0016789096474905674,0.0657595423734344,0.06927263399355477,singleton_primary,full_cohort
target_nicu,booking_strict,lightgbm,calibration_evaluation_2022,raw,9,17745,1255,0.07102525629783359,0.07072414764722457,0.00030110865060901937,0.06927263399355477,0.07268499666840346,singleton_primary,full_cohort
target_nicu,booking_strict,lightgbm,calibration_evaluation_2022,raw,10,17746,1305,0.07438685670226967,0.0735376986363124,0.0008491580659572701,0.07268510314052548,0.07612564752343999,singleton_primary,full_cohort
target_nicu,booking_strict,lightgbm,calibration_evaluation_2022,raw,11,17745,1426,0.07791887393485922,0.08036066497604959,0.0024417910411903693,0.07612609491042885,0.07971336339127157,singleton_primary,full_cohort
target_nicu,booking_strict,lightgbm,calibration_evaluation_2022,raw,12,17745,1404,0.08153839641898522,0.07912087912087912,0.0024175172981061033,0.07971339222640178,0.0834354756108268,singleton_primary,full_cohort
target_nicu,booking_strict,lightgbm,calibration_evaluation_2022,raw,13,17745,1502,0.08549186471395051,0.08464356156663849,0.0008483031473120184,0.08343571011153886,0.08761358106199271,singleton_primary,full_cohort
target_nicu,booking_strict,lightgbm,calibration_evaluation_2022,raw,14,17746,1670,0.08987952547260046,0.09410571396371013,0.0042261884911096725,0.08761371584240805,0.0922737642106158,singleton_primary,full_cohort
target_nicu,booking_strict,lightgbm,calibration_evaluation_2022,raw,15,17745,1628,0.09485943648107674,0.09174415328261482,0.003115283198461924,0.09227393036052753,0.0976363820200523,singleton_primary,full_cohort
target_nicu,booking_strict,lightgbm,calibration_evaluation_2022,raw,16,17745,1752,0.10080761653989967,0.09873203719357565,0.002075579346324019,0.09763648200879764,0.10424301370292269,singleton_primary,full_cohort
target_nicu,booking_strict,lightgbm,calibration_evaluation_2022,raw,17,17746,1990,0.10830953939971934,0.11213794657951087,0.0038284071797915348,0.10424333695882937,0.112879686070235,singleton_primary,full_cohort
target_nicu,booking_strict,lightgbm,calibration_evaluation_2022,raw,18,17745,2187,0.11885115973160183,0.12324598478444632,0.004394825052844484,0.11288001919618985,0.12595193779138578,singleton_primary,full_cohort
target_nicu,booking_strict,lightgbm,calibration_evaluation_2022,raw,19,17745,2485,0.136923530209201,0.14003944773175542,0.0031159175225544122,0.12595303737948976,0.1520641593348399,singleton_primary,full_cohort
target_nicu,booking_strict,lightgbm,calibration_evaluation_2022,raw,20,17746,3671,0.20676405756650573,0.20686351853938917,9.946097288343614e-05,0.15206566198854457,0.5832343524989516,singleton_primary,full_cohort
target_nicu,booking_strict,lightgbm,calibration_evaluation_2022,calibrated,1,17745,713,0.03876881275464951,0.04018033248802479,0.001411519733375284,0.02401241081533046,0.04194047847868799,singleton_primary,full_cohort
target_nicu,booking_strict,lightgbm,calibration_evaluation_2022,calibrated,2,17745,789,0.04448686180397326,0.04446322907861369,2.3632725359566675e-05,0.04194071588499257,0.04683414542475635,singleton_primary,full_cohort
target_nicu,booking_strict,lightgbm,calibration_evaluation_2022,calibrated,3,17745,930,0.048896850841288024,0.052409129332206254,0.0035122784909182303,0.04683414542475635,0.050896171702108986,singleton_primary,full_cohort
target_nicu,booking_strict,lightgbm,calibration_evaluation_2022,calibrated,4,17746,932,0.05278043929082754,0.05251887749351967,0.00026156179730787293,0.050896171702108986,0.05458007303122042,singleton_primary,full_cohort
target_nicu,booking_strict,lightgbm,calibration_evaluation_2022,calibrated,5,17745,1018,0.05631104866100674,0.05736827275288814,0.0010572240918814008,0.05458012968372965,0.05802650809354435,singleton_primary,full_cohort
target_nicu,booking_strict,lightgbm,calibration_evaluation_2022,calibrated,6,17745,1105,0.059801829488716006,0.06227106227106227,0.002469232782346266,0.05802652733742914,0.06151628283570453,singleton_primary,full_cohort
target_nicu,booking_strict,lightgbm,calibration_evaluation_2022,calibrated,7,17746,1112,0.06325936628870137,0.06266200833990758,0.0005973579487937863,0.061516479031722554,0.0649866993222315,singleton_primary,full_cohort
target_nicu,booking_strict,lightgbm,calibration_evaluation_2022,calibrated,8,17745,1168,0.06676917523089104,0.06582135812905043,0.000947817101840609,0.06498676068156531,0.06858505885641002,singleton_primary,full_cohort
target_nicu,booking_strict,lightgbm,calibration_evaluation_2022,calibrated,9,17745,1255,0.0703827402949432,0.07072414764722457,0.00034140735228137264,0.06858505885641002,0.07208606751209613,singleton_primary,full_cohort
target_nicu,booking_strict,lightgbm,calibration_evaluation_2022,calibrated,10,17746,1305,0.07383442715404469,0.0735376986363124,0.0002967285177322837,0.07208617683715567,0.07562164280828508,singleton_primary,full_cohort
target_nicu,booking_strict,lightgbm,calibration_evaluation_2022,calibrated,11,17745,1426,0.0774666798934958,0.08036066497604959,0.002893985082553785,0.07562210288705225,0.0793139470511499,singleton_primary,full_cohort
target_nicu,booking_strict,lightgbm,calibration_evaluation_2022,calibrated,12,17745,1404,0.08119451576301305,0.07912087912087912,0.002073636642133933,0.0793139767490424,0.0831502857306924,singleton_primary,full_cohort
target_nicu,booking_strict,lightgbm,calibration_evaluation_2022,calibrated,13,17745,1502,0.0852724419016848,0.08464356156663849,0.0006288803350463085,0.08315052760466018,0.08746315790831385,singleton_primary,full_cohort
target_nicu,booking_strict,lightgbm,calibration_evaluation_2022,calibrated,14,17746,1670,0.08980526799889903,0.09410571396371013,0.004300445964811106,0.08746329714348462,0.0922813334199647,singleton_primary,full_cohort
target_nicu,booking_strict,lightgbm,calibration_evaluation_2022,calibrated,15,17745,1628,0.09495836766885801,0.09174415328261482,0.003214214386243197,0.09228150534097819,0.09783510933023158,singleton_primary,full_cohort
target_nicu,booking_strict,lightgbm,calibration_evaluation_2022,calibrated,16,17745,1752,0.10112435947536555,0.09873203719357565,0.0023923222817898993,0.09783521297213028,0.10468996099646084,singleton_primary,full_cohort
target_nicu,booking_strict,lightgbm,calibration_evaluation_2022,calibrated,17,17746,1990,0.10891660663219314,0.11213794657951087,0.003221339947317728,0.10469029672221065,0.11367037236153173,singleton_primary,full_cohort
target_nicu,booking_strict,lightgbm,calibration_evaluation_2022,calibrated,18,17745,2187,0.11989278181089671,0.12324598478444632,0.0033532029735496016,0.113670719137949,0.12729939870798002,singleton_primary,full_cohort
target_nicu,booking_strict,lightgbm,calibration_evaluation_2022,calibrated,19,17745,2485,0.1387726123779332,0.14003944773175542,0.0012668353538222155,0.12730054680443526,0.1546302417728258,singleton_primary,full_cohort
target_nicu,booking_strict,lightgbm,calibration_evaluation_2022,calibrated,20,17746,3671,0.21222142826421087,0.20686351853938917,0.005357909724821697,0.1546318179573977,0.6051659899424551,singleton_primary,full_cohort
target_nicu,booking_strict,lightgbm,calibration_evaluation_2022,raw,1,13361,510,0.03954910830213155,0.0381707955991318,0.0013783127029997483,0.025149546690077317,0.042451067382655146,singleton_primary,early_entry
target_nicu,booking_strict,lightgbm,calibration_evaluation_2022,raw,2,13361,592,0.04484789024696482,0.04430806077389417,0.0005398294730706507,0.04245192055980542,0.04707230138738774,singleton_primary,early_entry
target_nicu,booking_strict,lightgbm,calibration_evaluation_2022,raw,3,13362,672,0.04903975163344249,0.05029187247418051,0.0012521208407380163,0.04707230138738774,0.05091292115506468,singleton_primary,early_entry
target_nicu,booking_strict,lightgbm,calibration_evaluation_2022,raw,4,13361,692,0.05272467107782098,0.05179253049921413,0.0009321405786068479,0.05091292115506468,0.05450554004029084,singleton_primary,early_entry
target_nicu,booking_strict,lightgbm,calibration_evaluation_2022,raw,5,13362,732,0.05613965660719569,0.05478221823080377,0.0013574383763919201,0.054505648672009174,0.05776673929249767,singleton_primary,early_entry
target_nicu,booking_strict,lightgbm,calibration_evaluation_2022,raw,6,13361,779,0.05944428449920406,0.0583040191602425,0.0011402653389615616,0.057767415903212535,0.0611477141466424,singleton_primary,early_entry
target_nicu,booking_strict,lightgbm,calibration_evaluation_2022,raw,7,13362,822,0.06278010486178345,0.061517736865738665,0.0012623679960447887,0.0611477141466424,0.06443756265298844,singleton_primary,early_entry
target_nicu,booking_strict,lightgbm,calibration_evaluation_2022,raw,8,13361,796,0.06609169317946423,0.05957637901354689,0.006515314165917337,0.06443799759269196,0.06778374033033843,singleton_primary,early_entry
target_nicu,booking_strict,lightgbm,calibration_evaluation_2022,raw,9,13362,858,0.0695568551394933,0.06421194431971262,0.005344910819780682,0.06778414100244469,0.07129988191117881,singleton_primary,early_entry
target_nicu,booking_strict,lightgbm,calibration_evaluation_2022,raw,10,13361,928,0.07295761068033342,0.06945587905096924,0.00350173162936418,0.0713000784093414,0.07463275543332748,singleton_primary,early_entry
target_nicu,booking_strict,lightgbm,calibration_evaluation_2022,raw,11,13361,979,0.0764196473833232,0.07327295861088241,0.0031466887724407866,0.07463275543332748,0.07822025832601931,singleton_primary,early_entry
target_nicu,booking_strict,lightgbm,calibration_evaluation_2022,raw,12,13362,999,0.08005795265499586,0.07476425684777728,0.005293695807218585,0.07822030210945032,0.08193133402046662,singleton_primary,early_entry
target_nicu,booking_strict,lightgbm,calibration_evaluation_2022,raw,13,13361,1087,0.0839355613637705,0.08135618591422798,0.002579375449542523,0.0819325530566066,0.08599448199421518,singleton_primary,early_entry
target_nicu,booking_strict,lightgbm,calibration_evaluation_2022,raw,14,13362,1101,0.08826704819493063,0.08239784463403682,0.005869203560893807,0.08599469168151605,0.09061075991919446,singleton_primary,early_entry
target_nicu,booking_strict,lightgbm,calibration_evaluation_2022,raw,15,13361,1202,0.093151557497888,0.08996332609834594,0.003188231399542066,0.0906109329013999,0.09580380665173503,singleton_primary,early_entry
target_nicu,booking_strict,lightgbm,calibration_evaluation_2022,raw,16,13362,1209,0.09896517040606166,0.09048046699595869,0.008484703410102976,0.09580434080534214,0.10227859165630244,singleton_primary,early_entry
target_nicu,booking_strict,lightgbm,calibration_evaluation_2022,raw,17,13361,1415,0.10629435635272313,0.10590524661327745,0.00038910973944568383,0.10227882152710983,0.11075716670942673,singleton_primary,early_entry
target_nicu,booking_strict,lightgbm,calibration_evaluation_2022,raw,18,13362,1525,0.11665300302452697,0.11412962131417452,0.0025233817103524486,0.110760220965143,0.12364049444806305,singleton_primary,early_entry
target_nicu,booking_strict,lightgbm,calibration_evaluation_2022,raw,19,13361,1765,0.13443926555425065,0.1321008906518973,0.002338374902353335,0.12364085735229023,0.14937450360416735,singleton_primary,early_entry
target_nicu,booking_strict,lightgbm,calibration_evaluation_2022,raw,20,13362,2606,0.20430970477828994,0.19503068402933693,0.00927902074895301,0.14937557050096956,0.5832343524989516,singleton_primary,early_entry
target_nicu,booking_strict,lightgbm,calibration_evaluation_2022,calibrated,1,13361,510,0.03838138509190764,0.0381707955991318,0.0002105894927758381,0.02401241081533046,0.0413008162246901,singleton_primary,early_entry
target_nicu,booking_strict,lightgbm,calibration_evaluation_2022,calibrated,2,13361,592,0.043719494111650284,0.04430806077389417,0.0005885666622438834,0.041301676084411855,0.04596695112651137,singleton_primary,early_entry
target_nicu,booking_strict,lightgbm,calibration_evaluation_2022,calibrated,3,13362,672,0.047958986279614875,0.05029187247418051,0.0023328861945656337,0.04596695112651137,0.04985731768148968,singleton_primary,early_entry
target_nicu,booking_strict,lightgbm,calibration_evaluation_2022,calibrated,4,13361,692,0.051696529411293886,0.05179253049921413,9.600108792024581e-05,0.04985731768148968,0.05350583271495815,singleton_primary,early_entry
target_nicu,booking_strict,lightgbm,calibration_evaluation_2022,calibrated,5,13362,732,0.05516846571343784,0.05478221823080377,0.0003862474826340709,0.05350594316679222,0.056825057365525615,singleton_primary,early_entry
target_nicu,booking_strict,lightgbm,calibration_evaluation_2022,calibrated,6,13361,779,0.05853528811765477,0.0583040191602425,0.0002312689574122742,0.056825746702613276,0.06027303952055885,singleton_primary,early_entry
target_nicu,booking_strict,lightgbm,calibration_evaluation_2022,calibrated,7,13362,822,0.061940406167752336,0.061517736865738665,0.00042266930201367153,0.06027303952055885,0.06363438442039122,singleton_primary,early_entry
target_nicu,booking_strict,lightgbm,calibration_evaluation_2022,calibrated,8,13361,796,0.0653269421806018,0.05957637901354689,0.005750563167054905,0.06363482920664904,0.06705928261242074,singleton_primary,early_entry
target_nicu,booking_strict,lightgbm,calibration_evaluation_2022,calibrated,9,13362,858,0.06887670548020805,0.06421194431971262,0.004664761160495426,0.06705969305908795,0.07066429279363504,singleton_primary,early_entry
target_nicu,booking_strict,lightgbm,calibration_evaluation_2022,calibrated,10,13361,928,0.07236622028910603,0.06945587905096924,0.002910341238136785,0.07066449442759377,0.07408689916537345,singleton_primary,early_entry
target_nicu,booking_strict,lightgbm,calibration_evaluation_2022,calibrated,11,13361,979,0.07592424423060161,0.07327295861088241,0.002651285619719196,0.07408689916537345,0.07777663998144028,singleton_primary,early_entry
target_nicu,booking_strict,lightgbm,calibration_evaluation_2022,calibrated,12,13362,999,0.07966910758731188,0.07476425684777728,0.0049048507395346025,0.07777668504707787,0.08159930342684961,singleton_primary,early_entry
target_nicu,booking_strict,lightgbm,calibration_evaluation_2022,calibrated,13,13361,1087,0.08366641689685317,0.08135618591422798,0.002310230982625186,0.08160056005557668,0.0857910378975729,singleton_primary,early_entry
target_nicu,booking_strict,lightgbm,calibration_evaluation_2022,calibrated,14,13362,1101,0.08813862730248799,0.08239784463403682,0.005740782668451169,0.08579125438714083,0.09056105227758152,singleton_primary,early_entry
target_nicu,booking_strict,lightgbm,calibration_evaluation_2022,calibrated,15,13361,1202,0.09319013739342079,0.08996332609834594,0.0032268112950748495,0.09056123116660855,0.09593612723684347,singleton_primary,early_entry
target_nicu,booking_strict,lightgbm,calibration_evaluation_2022,calibrated,16,13362,1209,0.0992132845479635,0.09048046699595869,0.00873281755200482,0.09593668058554333,0.10265033401848006,singleton_primary,early_entry
target_nicu,booking_strict,lightgbm,calibration_evaluation_2022,calibrated,17,13361,1415,0.1068219012199195,0.10590524661327745,0.000916654606642045,0.102650572621766,0.11146147462096588,singleton_primary,early_entry
target_nicu,booking_strict,lightgbm,calibration_evaluation_2022,calibrated,18,13362,1525,0.11760183156656094,0.11412962131417452,0.0034722102523864207,0.11146465230883977,0.12488657869459423,singleton_primary,early_entry
target_nicu,booking_strict,lightgbm,calibration_evaluation_2022,calibrated,19,13361,1765,0.13617383698744978,0.1321008906518973,0.004072946335552469,0.12488695742132186,0.15180953129131278,singleton_primary,early_entry
target_nicu,booking_strict,lightgbm,calibration_evaluation_2022,calibrated,20,13362,2606,0.2096389386072288,0.19503068402933693,0.01460825457789186,0.15181064994803903,0.6051659899424551,singleton_primary,early_entry
target_nicu,booking_strict,lightgbm,temporal_test_2023,raw,1,173829,7203,0.04008484279641225,0.04143727456293254,0.001352431766520286,0.020839616876685313,0.04328902429180713,singleton_primary,full_cohort
target_nicu,booking_strict,lightgbm,temporal_test_2023,raw,2,173829,8295,0.04587378739898665,0.04771931035672989,0.001845522957743241,0.04328902429180713,0.04827067750571744,singleton_primary,full_cohort
target_nicu,booking_strict,lightgbm,temporal_test_2023,raw,3,173829,9132,0.05034908412921281,0.052534387242635004,0.002185303113422195,0.04827067750571744,0.052357043693818196,singleton_primary,full_cohort
target_nicu,booking_strict,lightgbm,temporal_test_2023,raw,4,173829,9596,0.054234512547773464,0.055203677176995786,0.0009691646292223216,0.052357043693818196,0.056031463084729144,singleton_primary,full_cohort
target_nicu,booking_strict,lightgbm,temporal_test_2023,raw,5,173830,10422,0.05775059454424511,0.05995512857389403,0.0022045340296489233,0.05603147369400795,0.05947461831331837,singleton_primary,full_cohort
target_nicu,booking_strict,lightgbm,temporal_test_2023,raw,6,173829,10874,0.06121877421816269,0.06255573005654982,0.0013369558383871313,0.05947461831331837,0.06295753773509445,singleton_primary,full_cohort
target_nicu,booking_strict,lightgbm,temporal_test_2023,raw,7,173829,11743,0.0646899554729134,0.06755489590344534,0.00286494043053194,0.06295753773509445,0.06644716616611063,singleton_primary,full_cohort
target_nicu,booking_strict,lightgbm,temporal_test_2023,raw,8,173829,12109,0.0682218537927046,0.06966041339477302,0.0014385596020684288,0.06644719333480763,0.07003251233821725,singleton_primary,full_cohort
target_nicu,booking_strict,lightgbm,temporal_test_2023,raw,9,173829,12811,0.07174650875894897,0.0736988649764999,0.001952356217550924,0.07003253345104746,0.07342558208240764,singleton_primary,full_cohort
target_nicu,booking_strict,lightgbm,temporal_test_2023,raw,10,173830,13336,0.07513741366384277,0.07671863314732785,0.0015812194834850801,0.07342558208240764,0.07689742362330927,singleton_primary,full_cohort
target_nicu,booking_strict,lightgbm,temporal_test_2023,raw,11,173829,13813,0.07866500896892266,0.07946315056751176,0.0007981415985890972,0.07689744036423543,0.08044699341099032,singleton_primary,full_cohort
target_nicu,booking_strict,lightgbm,temporal_test_2023,raw,12,173829,14628,0.08235239389899326,0.08415166629273596,0.0017992723937426958,0.08044699341099032,0.08430339194530924,singleton_primary,full_cohort
target_nicu,booking_strict,lightgbm,temporal_test_2023,raw,13,173829,15461,0.08637276312936701,0.08894373205851727,0.0025709689291502635,0.08430351073371144,0.08850580924517577,singleton_primary,full_cohort
target_nicu,booking_strict,lightgbm,temporal_test_2023,raw,14,173829,16092,0.09083275867451886,0.0925737362580467,0.0017409775835278418,0.08850587684774128,0.09327517915540086,singleton_primary,full_cohort
target_nicu,booking_strict,lightgbm,temporal_test_2023,raw,15,173830,16978,0.09590796878569813,0.09767013749065179,0.0017621687049536594,0.09327517915540086,0.09872860732310013,singleton_primary,full_cohort
target_nicu,booking_strict,lightgbm,temporal_test_2023,raw,16,173829,17861,0.10194913490189421,0.10275040413279718,0.0008012692309029706,0.09872860732310013,0.10544361513615796,singleton_primary,full_cohort
target_nicu,booking_strict,lightgbm,temporal_test_2023,raw,17,173829,19437,0.10960116840644359,0.11181678546157431,0.0022156170551307225,0.10544370265319271,0.11424908991445569,singleton_primary,full_cohort
target_nicu,booking_strict,lightgbm,temporal_test_2023,raw,18,173829,21325,0.1202571767681842,0.12267803416000782,0.0024208573918236137,0.11424908991445569,0.12736166859075237,singleton_primary,full_cohort
target_nicu,booking_strict,lightgbm,temporal_test_2023,raw,19,173829,24881,0.13867189312371014,0.14313491995006586,0.004463026826355715,0.12736185213845996,0.15438527024377743,singleton_primary,full_cohort
target_nicu,booking_strict,lightgbm,temporal_test_2023,raw,20,173830,37288,0.21025077568899536,0.2145084277742622,0.00425765208526685,0.15438548213556108,0.7085519263930737,singleton_primary,full_cohort
target_nicu,booking_strict,lightgbm,temporal_test_2023,calibrated,1,173829,7203,0.03892040893300454,0.04143727456293254,0.0025168656299279987,0.019763781881856284,0.042145630994909145,singleton_primary,full_cohort
target_nicu,booking_strict,lightgbm,temporal_test_2023,calibrated,2,173829,8295,0.04475596764749338,0.04771931035672989,0.0029633427092365106,0.042145630994909145,0.04717969016917178,singleton_primary,full_cohort
target_nicu,booking_strict,lightgbm,temporal_test_2023,calibrated,3,173829,9132,0.049285991320921096,0.052534387242635004,0.0032483959217139077,0.04717969016917178,0.051322860587516686,singleton_primary,full_cohort
target_nicu,booking_strict,lightgbm,temporal_test_2023,calibrated,4,173829,9596,0.053230658620661744,0.055203677176995786,0.0019730185563340413,0.051322860587516686,0.05505807171014785,singleton_primary,full_cohort
target_nicu,booking_strict,lightgbm,temporal_test_2023,calibrated,5,173830,10422,0.05680890894911636,0.05995512857389403,0.0031462196247776728,0.05505808250755137,0.058565940053739156,singleton_primary,full_cohort
target_nicu,booking_strict,lightgbm,temporal_test_2023,calibrated,6,173829,10874,0.06034586385241278,0.06255573005654982,0.0022098662041370454,0.058565940053739156,0.06212145053183138,singleton_primary,full_cohort
target_nicu,booking_strict,lightgbm,temporal_test_2023,calibrated,7,173829,11743,0.06389277752377756,0.06755489590344534,0.0036621183796677753,0.06212145053183138,0.065690561321956,singleton_primary,full_cohort
target_nicu,booking_strict,lightgbm,temporal_test_2023,calibrated,8,173829,12109,0.06750840431580908,0.06966041339477302,0.002152009078963943,0.06569058913470974,0.0693641874419473,singleton_primary,full_cohort
target_nicu,booking_strict,lightgbm,temporal_test_2023,calibrated,9,173829,12811,0.07112286760193244,0.0736988649764999,0.002575997374567457,0.06936420909359156,0.07284662541542346,singleton_primary,full_cohort
target_nicu,booking_strict,lightgbm,temporal_test_2023,calibrated,10,173830,13336,0.0746058196946187,0.07671863314732785,0.002112813452709153,0.07284662541542346,0.07641544505169634,singleton_primary,full_cohort
target_nicu,booking_strict,lightgbm,temporal_test_2023,calibrated,11,173829,13813,0.07823468471407322,0.07946315056751176,0.00122846585343854,0.07641546227325169,0.08006964042600676,singleton_primary,full_cohort
target_nicu,booking_strict,lightgbm,temporal_test_2023,calibrated,12,173829,14628,0.0820336348999014,0.08415166629273596,0.002118031392834563,0.08006964042600676,0.0840456403914263,singleton_primary,full_cohort
target_nicu,booking_strict,lightgbm,temporal_test_2023,calibrated,13,173829,15461,0.0861818991976117,0.08894373205851727,0.0027618328609055748,0.08404576295551901,0.08838502394140901,singleton_primary,full_cohort
target_nicu,booking_strict,lightgbm,temporal_test_2023,calibrated,14,173829,16092,0.09079097609997439,0.0925737362580467,0.0017827601580723135,0.08838509380074754,0.0933177059183001,singleton_primary,full_cohort
target_nicu,booking_strict,lightgbm,temporal_test_2023,calibrated,15,173830,16978,0.09604444754946005,0.09767013749065179,0.0016256899411917353,0.0933177059183001,0.09896743162323099,singleton_primary,full_cohort
target_nicu,booking_strict,lightgbm,temporal_test_2023,calibrated,16,173829,17861,0.10230894384286343,0.10275040413279718,0.0004414602899337483,0.09896743162323099,0.1059370878077648,singleton_primary,full_cohort
target_nicu,booking_strict,lightgbm,temporal_test_2023,calibrated,17,173829,19437,0.1102598141099529,0.11181678546157431,0.0015569713516214029,0.10593717873155602,0.11509613412958666,singleton_primary,full_cohort
target_nicu,booking_strict,lightgbm,temporal_test_2023,calibrated,18,173829,21325,0.12135874737019155,0.12267803416000782,0.0013192867898162708,0.11509613412958666,0.12877153633161012,singleton_primary,full_cohort
target_nicu,booking_strict,lightgbm,temporal_test_2023,calibrated,19,173829,24881,0.1406025560194627,0.14313491995006586,0.00253236393060316,0.128771728032758,0.15706534127986224,singleton_primary,full_cohort
target_nicu,booking_strict,lightgbm,temporal_test_2023,calibrated,20,173830,37288,0.21589290562140218,0.2145084277742622,0.0013844778471399644,0.15706556361434704,0.7307587030239382,singleton_primary,full_cohort
target_nicu,booking_strict,lightgbm,temporal_test_2023,raw,1,129863,5281,0.039678966420465825,0.040665932559697526,0.0009869661392317014,0.020839616876685313,0.0426316257305034,singleton_primary,early_entry
target_nicu,booking_strict,lightgbm,temporal_test_2023,raw,2,129864,6051,0.04506364718791477,0.04659489927924598,0.0015312520913312103,0.0426316257305034,0.04733931962874363,singleton_primary,early_entry
target_nicu,booking_strict,lightgbm,temporal_test_2023,raw,3,129864,6496,0.04936501410844215,0.05002156101768004,0.0006565469092378873,0.04733931962874363,0.05125639541385408,singleton_primary,early_entry
target_nicu,booking_strict,lightgbm,temporal_test_2023,raw,4,129863,6905,0.05312144962999973,0.05317141911090919,4.996948090946196e-05,0.05125639541385408,0.054925099148001394,singleton_primary,early_entry
target_nicu,booking_strict,lightgbm,temporal_test_2023,raw,5,129864,7350,0.056584374633966546,0.056597671410090554,1.3296776124008258e-05,0.054925099148001394,0.05825224171766886,singleton_primary,early_entry
target_nicu,booking_strict,lightgbm,temporal_test_2023,raw,6,129864,7731,0.05993716729339883,0.05953150988726668,0.00040565740613215245,0.05825224171766886,0.061618799368654546,singleton_primary,early_entry
target_nicu,booking_strict,lightgbm,temporal_test_2023,raw,7,129863,8114,0.06331433113276702,0.06248123021953905,0.0008331009132279688,0.06161885261478883,0.06500987774519981,singleton_primary,early_entry
target_nicu,booking_strict,lightgbm,temporal_test_2023,raw,8,129864,8617,0.06672575069241508,0.06635403191030617,0.0003717187821089124,0.06500987774519981,0.06846280572115912,singleton_primary,early_entry
target_nicu,booking_strict,lightgbm,temporal_test_2023,raw,9,129864,9112,0.07024014090440706,0.07016571182159798,7.44290828090799e-05,0.06846280572115912,0.07195801983653477,singleton_primary,early_entry
target_nicu,booking_strict,lightgbm,temporal_test_2023,raw,10,129864,9438,0.07363879668879934,0.07267603030863057,0.0009627663801687752,0.07195802845012934,0.07535432784634198,singleton_primary,early_entry
target_nicu,booking_strict,lightgbm,temporal_test_2023,raw,11,129863,9774,0.07713064155931385,0.07526393198986624,0.0018667095694476082,0.07535432784634198,0.07892783132496495,singleton_primary,early_entry
target_nicu,booking_strict,lightgbm,temporal_test_2023,raw,12,129864,10330,0.08077924169932292,0.07954475451241298,0.0012344871869099383,0.07892783132496495,0.08271033981288453,singleton_primary,early_entry
target_nicu,booking_strict,lightgbm,temporal_test_2023,raw,13,129864,10749,0.08474203827634161,0.082771206800961,0.001970831475380602,0.08271038344475623,0.08685308449895168,singleton_primary,early_entry
target_nicu,booking_strict,lightgbm,temporal_test_2023,raw,14,129863,11440,0.08914087158838015,0.08809283629671269,0.0010480352916674568,0.08685308449895168,0.09152403591995242,singleton_primary,early_entry
target_nicu,booking_strict,lightgbm,temporal_test_2023,raw,15,129864,11979,0.094157181300799,0.09224265385326187,0.0019145274475371316,0.09152414045305643,0.09693618986940256,singleton_primary,early_entry
target_nicu,booking_strict,lightgbm,temporal_test_2023,raw,16,129864,12622,0.10009027844706345,0.09719398755621265,0.0028962908908507917,0.09693619147167647,0.10349140317399302,singleton_primary,early_entry
target_nicu,booking_strict,lightgbm,temporal_test_2023,raw,17,129863,13578,0.10760859367918514,0.10455634014307386,0.003052253536111285,0.10349140317399302,0.11214101704082102,singleton_primary,early_entry
target_nicu,booking_strict,lightgbm,temporal_test_2023,raw,18,129864,14857,0.11806147990224627,0.11440429988295447,0.0036571800192918003,0.11214114937361168,0.12506673337895077,singleton_primary,early_entry
target_nicu,booking_strict,lightgbm,temporal_test_2023,raw,19,129864,17248,0.13617472969785852,0.1328158689090125,0.0033588607888460076,0.12506683229591087,0.15163494022005541,singleton_primary,early_entry
target_nicu,booking_strict,lightgbm,temporal_test_2023,raw,20,129864,26502,0.20738746965245047,0.20407503234152652,0.0033124373109239547,0.15163529421731342,0.7085519263930737,singleton_primary,early_entry
target_nicu,booking_strict,lightgbm,temporal_test_2023,calibrated,1,129863,5281,0.03851198185593229,0.040665932559697526,0.0021539507037652353,0.019763781881856284,0.04148280250349885,singleton_primary,early_entry
target_nicu,booking_strict,lightgbm,temporal_test_2023,calibrated,2,129864,6051,0.04393741199713111,0.04659489927924598,0.002657487282114873,0.04148280250349885,0.04623707623316499,singleton_primary,early_entry
target_nicu,booking_strict,lightgbm,temporal_test_2023,calibrated,3,129864,6496,0.0482885280371142,0.05002156101768004,0.0017330329805658393,0.04623707623316499,0.050205756060227105,singleton_primary,early_entry
target_nicu,booking_strict,lightgbm,temporal_test_2023,calibrated,4,129863,6905,0.052099553052664324,0.05317141911090919,0.001071866058244865,0.050205756060227105,0.05393247854421065,singleton_primary,early_entry
target_nicu,booking_strict,lightgbm,temporal_test_2023,calibrated,5,129864,7350,0.05562117597853258,0.056597671410090554,0.0009764954315579708,0.05393247854421065,0.05731976320868343,singleton_primary,early_entry
target_nicu,booking_strict,lightgbm,temporal_test_2023,calibrated,6,129864,7731,0.059038008042956606,0.05953150988726668,0.0004935018443100736,0.05731976320868343,0.06075399055231659,singleton_primary,early_entry
target_nicu,booking_strict,lightgbm,temporal_test_2023,calibrated,7,129863,8114,0.06248633360385106,0.06248123021953905,5.103384312005188e-06,0.0607540449207176,0.06421974422403959,singleton_primary,early_entry
target_nicu,booking_strict,lightgbm,temporal_test_2023,calibrated,8,129864,8617,0.06597602918117186,0.06635403191030617,0.00037800272913431077,0.06421974422403959,0.06775503115028074,singleton_primary,early_entry
target_nicu,booking_strict,lightgbm,temporal_test_2023,calibrated,9,129864,9112,0.06957737660150365,0.07016571182159798,0.000588335220094327,0.06775503115028074,0.07133973595447514,singleton_primary,early_entry
target_nicu,booking_strict,lightgbm,temporal_test_2023,calibrated,10,129864,9438,0.07306585917968464,0.07267603030863057,0.00038982887105407094,0.07133974479591094,0.07482857475945688,singleton_primary,early_entry
target_nicu,booking_strict,lightgbm,temporal_test_2023,calibrated,11,129863,9774,0.0766556025845999,0.07526393198986624,0.0013916705947336627,0.07482857475945688,0.07850504175403561,singleton_primary,early_entry
target_nicu,booking_strict,lightgbm,temporal_test_2023,calibrated,12,129864,10330,0.08041220109008881,0.07954475451241298,0.0008674465776758317,0.07850504175403561,0.0824024548502342,singleton_primary,early_entry
target_nicu,booking_strict,lightgbm,temporal_test_2023,calibrated,13,129864,10749,0.08449854405016988,0.082771206800961,0.0017273372492088712,0.08240249984135067,0.08667763386412249,singleton_primary,early_entry
target_nicu,booking_strict,lightgbm,temporal_test_2023,calibrated,14,129863,11440,0.08904169065797093,0.08809283629671269,0.0009488543612582445,0.08667763386412249,0.09150566228338562,singleton_primary,early_entry
target_nicu,booking_strict,lightgbm,temporal_test_2023,calibrated,15,129864,11979,0.09423119104712716,0.09224265385326187,0.0019885371938652835,0.09150577041987766,0.09710941472944064,singleton_primary,early_entry
target_nicu,booking_strict,lightgbm,temporal_test_2023,calibrated,16,129864,12622,0.10038017847354894,0.09719398755621265,0.003186190917336282,0.09710941638989011,0.10390944012023892,singleton_primary,early_entry
target_nicu,booking_strict,lightgbm,temporal_test_2023,calibrated,17,129863,13578,0.10818788275828901,0.10455634014307386,0.003631542615215158,0.10390944012023892,0.11290150671282405,singleton_primary,early_entry
target_nicu,booking_strict,lightgbm,temporal_test_2023,calibrated,18,129864,14857,0.11906959859575576,0.11440429988295447,0.0046652987128012885,0.11290164444246256,0.1263752299193884,singleton_primary,early_entry
target_nicu,booking_strict,lightgbm,temporal_test_2023,calibrated,19,129864,17248,0.13798947269757125,0.1328158689090125,0.005173603788558745,0.12637533318072947,0.15418003341848344,singleton_primary,early_entry
target_nicu,booking_strict,lightgbm,temporal_test_2023,calibrated,20,129864,26502,0.21287854031085873,0.20407503234152652,0.008803507969332214,0.15418040471489616,0.7307587030239382,singleton_primary,early_entry
target_lbw,booking_strict,lightgbm,calibration_evaluation_2022,raw,1,17766,341,0.0197001570890335,0.01919396600247664,0.0005061910865568585,0.009189571792748654,0.022926022546210154,singleton_primary,full_cohort
target_lbw,booking_strict,lightgbm,calibration_evaluation_2022,raw,2,17767,433,0.025449571333985344,0.024371024933866156,0.0010785464001191875,0.022926617066675373,0.02804505613071047,singleton_primary,full_cohort
target_lbw,booking_strict,lightgbm,calibration_evaluation_2022,raw,3,17767,558,0.03037755716269286,0.031406540215005344,0.0010289830523124849,0.02804505613071047,0.03258771563656327,singleton_primary,full_cohort
target_lbw,booking_strict,lightgbm,calibration_evaluation_2022,raw,4,17767,626,0.034765686272067275,0.03523386052794507,0.00046817425587779293,0.032588086653179756,0.03686198753926893,singleton_primary,full_cohort
target_lbw,booking_strict,lightgbm,calibration_evaluation_2022,raw,5,17767,706,0.0388021700052393,0.03973659030787415,0.000934420302634853,0.0368620395815692,0.0406886900903462,singleton_primary,full_cohort
target_lbw,booking_strict,lightgbm,calibration_evaluation_2022,raw,6,17767,801,0.042499871542266275,0.04508358192153993,0.002583710379273657,0.04068869824133575,0.0442579902355273,singleton_primary,full_cohort
target_lbw,booking_strict,lightgbm,calibration_evaluation_2022,raw,7,17767,812,0.046070780430451715,0.04570270726628018,0.000368073164171534,0.0442581196722996,0.04789144018364384,singleton_primary,full_cohort
target_lbw,booking_strict,lightgbm,calibration_evaluation_2022,raw,8,17767,903,0.049675890773031924,0.05082456239094951,0.001148671617917589,0.04789144018364384,0.051508041310466865,singleton_primary,full_cohort
target_lbw,booking_strict,lightgbm,calibration_evaluation_2022,raw,9,17767,938,0.05346200211179436,0.052794506669668485,0.0006674954421258747,0.05150810731747264,0.055463313989777545,singleton_primary,full_cohort
target_lbw,booking_strict,lightgbm,calibration_evaluation_2022,raw,10,17767,1009,0.057475687702835225,0.05679067934935555,0.0006850083534796769,0.05546349839966214,0.05957623625613863,singleton_primary,full_cohort
target_lbw,booking_strict,lightgbm,calibration_evaluation_2022,raw,11,17766,1095,0.06178752018186324,0.061634582911178654,0.00015293727068458468,0.05957623625613863,0.06409424011274852,singleton_primary,full_cohort
target_lbw,booking_strict,lightgbm,calibration_evaluation_2022,raw,12,17767,1125,0.06650991087847011,0.06331963753025271,0.003190273348217393,0.06409472219351871,0.06896003696461367,singleton_primary,full_cohort
target_lbw,booking_strict,lightgbm,calibration_evaluation_2022,raw,13,17767,1273,0.07168664630844687,0.07164968762312152,3.695868532535562e-05,0.06896022339918023,0.0744569385490579,singleton_primary,full_cohort
target_lbw,booking_strict,lightgbm,calibration_evaluation_2022,raw,14,17767,1374,0.07748372752796524,0.07733438397028199,0.0001493435576832569,0.0744569385490579,0.08062830006438682,singleton_primary,full_cohort
target_lbw,booking_strict,lightgbm,calibration_evaluation_2022,raw,15,17767,1467,0.08401076297967419,0.08256880733944955,0.0014419556402246458,0.08062867814802038,0.08764965096973844,singleton_primary,full_cohort
target_lbw,booking_strict,lightgbm,calibration_evaluation_2022,raw,16,17767,1635,0.09184758144880843,0.09202453987730061,0.00017695842849217713,0.08765115964794823,0.0964023829180224,singleton_primary,full_cohort
target_lbw,booking_strict,lightgbm,calibration_evaluation_2022,raw,17,17767,1816,0.10160805297485265,0.10221196600439016,0.0006039130295375089,0.09640321078958443,0.1075354733343535,singleton_primary,full_cohort
target_lbw,booking_strict,lightgbm,calibration_evaluation_2022,raw,18,17767,2105,0.11498383055678114,0.11847807733438397,0.003494246777602822,0.10753782060486786,0.12352153887374485,singleton_primary,full_cohort
target_lbw,booking_strict,lightgbm,calibration_evaluation_2022,raw,19,17767,2401,0.1359679461390235,0.13513817752012158,0.0008297686189019104,0.12352157351225306,0.15160216679510816,singleton_primary,full_cohort
target_lbw,booking_strict,lightgbm,calibration_evaluation_2022,raw,20,17767,3479,0.19847852795490833,0.19581246130466595,0.0026660666502423824,0.15160249267401427,0.6186787991108672,singleton_primary,full_cohort
target_lbw,booking_strict,lightgbm,calibration_evaluation_2022,calibrated,1,17766,341,0.01950635505481599,0.01919396600247664,0.0003123890523393513,0.009057263578624119,0.02272012417680352,singleton_primary,full_cohort
target_lbw,booking_strict,lightgbm,calibration_evaluation_2022,calibrated,2,17767,433,0.02523717278550456,0.024371024933866156,0.0008661478516384033,0.022720716912890022,0.027827041787807164,singleton_primary,full_cohort
target_lbw,booking_strict,lightgbm,calibration_evaluation_2022,calibrated,3,17767,558,0.03015615291700427,0.031406540215005344,0.0012503872980010738,0.027827041787807164,0.03236377489217057,singleton_primary,full_cohort
target_lbw,booking_strict,lightgbm,calibration_evaluation_2022,calibrated,4,17767,626,0.034540443436363054,0.03523386052794507,0.0006934170915820145,0.032364145590117376,0.036636010161243626,singleton_primary,full_cohort
target_lbw,booking_strict,lightgbm,calibration_evaluation_2022,calibrated,5,17767,706,0.038576377795808796,0.03973659030787415,0.0011602125120653561,0.03663606219783304,0.04046345763152391,singleton_primary,full_cohort
target_lbw,booking_strict,lightgbm,calibration_evaluation_2022,calibrated,6,17767,801,0.04227584004637155,0.04508358192153993,0.0028077418751683847,0.04046346578649834,0.04403542224600907,singleton_primary,full_cohort
target_lbw,booking_strict,lightgbm,calibration_evaluation_2022,calibrated,7,17767,812,0.04585031210852671,0.04570270726628018,0.00014760484224653203,0.044035551811787844,0.04767336746220722,singleton_primary,full_cohort
target_lbw,booking_strict,lightgbm,calibration_evaluation_2022,calibrated,8,17767,903,0.049460705260501316,0.05082456239094951,0.001363857130448197,0.04767336746220722,0.0512960868888721,singleton_primary,full_cohort
target_lbw,booking_strict,lightgbm,calibration_evaluation_2022,calibrated,9,17767,938,0.05325406458341865,0.052794506669668485,0.00045955791375016514,0.05129615302173206,0.05525978286933319,singleton_primary,full_cohort
target_lbw,booking_strict,lightgbm,calibration_evaluation_2022,calibrated,10,17767,1009,0.0572771646012007,0.05679067934935555,0.0004864852518451507,0.05525996771197299,0.05938323708664375,singleton_primary,full_cohort
target_lbw,booking_strict,lightgbm,calibration_evaluation_2022,calibrated,11,17766,1095,0.0616009631803117,0.061634582911178654,3.3619730866955855e-05,0.05938323708664375,0.06391473205956959,singleton_primary,full_cohort
target_lbw,booking_strict,lightgbm,calibration_evaluation_2022,calibrated,12,17767,1125,0.06633847392989649,0.06331963753025271,0.0030188363996437734,0.06391521568163572,0.06879713194613175,singleton_primary,full_cohort
target_lbw,booking_strict,lightgbm,calibration_evaluation_2022,calibrated,13,17767,1273,0.07153402005786204,0.07164968762312152,0.00011566756525947797,0.06879731905583134,0.07431516430117059,singleton_primary,full_cohort
target_lbw,booking_strict,lightgbm,calibration_evaluation_2022,calibrated,14,17767,1374,0.077354700157604,0.07733438397028199,2.031618732201146e-05,0.07431516430117059,0.08051299128861121,singleton_primary,full_cohort
target_lbw,booking_strict,lightgbm,calibration_evaluation_2022,calibrated,15,17767,1467,0.08391123124679555,0.08256880733944955,0.0013424239073459993,0.08051337107713684,0.08756765315131718,singleton_primary,full_cohort
target_lbw,booking_strict,lightgbm,calibration_evaluation_2022,calibrated,16,17767,1635,0.09178718040453408,0.09202453987730061,0.0002373594727665268,0.08756916932941541,0.09636618906132,singleton_primary,full_cohort
target_lbw,booking_strict,lightgbm,calibration_evaluation_2022,calibrated,17,17767,1816,0.1016013950013914,0.10221196600439016,0.0006105710029987582,0.09636702147328811,0.10756358321526877,singleton_primary,full_cohort
target_lbw,booking_strict,lightgbm,calibration_evaluation_2022,calibrated,18,17767,2105,0.11505874898432437,0.11847807733438397,0.0034193283500595917,0.10756594469394785,0.12365205151427004,singleton_primary,full_cohort
target_lbw,booking_strict,lightgbm,calibration_evaluation_2022,calibrated,19,17767,2401,0.13618612556042606,0.13513817752012158,0.001047948040304475,0.12365208638605427,0.15193521481330477,singleton_primary,full_cohort
target_lbw,booking_strict,lightgbm,calibration_evaluation_2022,calibrated,20,17767,3479,0.1992019015030839,0.19581246130466595,0.0033894401984179423,0.1519355431805256,0.6223122713647388,singleton_primary,full_cohort
target_lbw,booking_strict,lightgbm,calibration_evaluation_2022,raw,1,13379,237,0.019235952425195216,0.017714328425143883,0.0015216240000513331,0.009189571792748654,0.02226338259960151,singleton_primary,early_entry
target_lbw,booking_strict,lightgbm,calibration_evaluation_2022,raw,2,13379,322,0.024423766940610797,0.024067568577621646,0.00035619836298915117,0.022265358428096918,0.02662325489951412,singleton_primary,early_entry
target_lbw,booking_strict,lightgbm,calibration_evaluation_2022,raw,3,13379,369,0.02889330443341613,0.02758053666193288,0.0013127677714832517,0.026623593054304465,0.031039181968446287,singleton_primary,early_entry
target_lbw,booking_strict,lightgbm,calibration_evaluation_2022,raw,4,13379,433,0.03303618132197845,0.032364152776739666,0.0006720285452387828,0.031039181968446287,0.035050210000995195,singleton_primary,early_entry
target_lbw,booking_strict,lightgbm,calibration_evaluation_2022,raw,5,13379,493,0.036953918315483426,0.036848792884371026,0.0001051254311124003,0.035051685930485535,0.038816266485040093,singleton_primary,early_entry
target_lbw,booking_strict,lightgbm,calibration_evaluation_2022,raw,6,13379,560,0.0405721623981913,0.04185664100455939,0.0012844786063680863,0.03881661096487647,0.042348179189854465,singleton_primary,early_entry
target_lbw,booking_strict,lightgbm,calibration_evaluation_2022,raw,7,13379,564,0.04404072511338881,0.04215561701173481,0.0018851081016540011,0.0423492538345062,0.045753528942519994,singleton_primary,early_entry
target_lbw,booking_strict,lightgbm,calibration_evaluation_2022,raw,8,13379,629,0.04752078080196704,0.04701397712833545,0.0005068036736315881,0.0457546083797781,0.04924734123674164,singleton_primary,early_entry
target_lbw,booking_strict,lightgbm,calibration_evaluation_2022,raw,9,13379,650,0.05107147549315275,0.04858360116600643,0.002487874327146325,0.04924734123674164,0.05296725553006756,singleton_primary,early_entry
target_lbw,booking_strict,lightgbm,calibration_evaluation_2022,raw,10,13379,717,0.054934683210799924,0.05359144928619478,0.0013432339246051417,0.05296753388353871,0.05689005848285582,singleton_primary,early_entry
target_lbw,booking_strict,lightgbm,calibration_evaluation_2022,raw,11,13379,753,0.05898341661337269,0.0562822333507736,0.002701183262599091,0.056890543286233,0.06119541426579705,singleton_primary,early_entry
target_lbw,booking_strict,lightgbm,calibration_evaluation_2022,raw,12,13379,796,0.063497657461344,0.05949622542790941,0.004001432033434595,0.06119541426579705,0.06589502700718934,singleton_primary,early_entry
target_lbw,booking_strict,lightgbm,calibration_evaluation_2022,raw,13,13379,851,0.06842936962162871,0.0636071455265715,0.004822224095057212,0.06589616295832872,0.0711166154435857,singleton_primary,early_entry
target_lbw,booking_strict,lightgbm,calibration_evaluation_2022,raw,14,13379,941,0.07397729842332695,0.07033410568801854,0.003643192735308415,0.0711166154435857,0.0769791043009273,singleton_primary,early_entry
target_lbw,booking_strict,lightgbm,calibration_evaluation_2022,raw,15,13379,1010,0.08028001372047748,0.07549144181179461,0.00478857190868287,0.0769791043009273,0.08375573675626798,singleton_primary,early_entry
target_lbw,booking_strict,lightgbm,calibration_evaluation_2022,raw,16,13379,1131,0.08772909696642914,0.08453546602885119,0.0031936309375779487,0.08375573675626798,0.09200752179297707,singleton_primary,early_entry
target_lbw,booking_strict,lightgbm,calibration_evaluation_2022,raw,17,13379,1273,0.0971738077610909,0.09514911428357874,0.0020246934775121628,0.09200843308745797,0.10265741143301316,singleton_primary,early_entry
target_lbw,booking_strict,lightgbm,calibration_evaluation_2022,raw,18,13379,1457,0.10992082373656684,0.10890201061364825,0.0010188131229185854,0.10265770294871225,0.11819252374969376,singleton_primary,early_entry
target_lbw,booking_strict,lightgbm,calibration_evaluation_2022,raw,19,13379,1693,0.13039404799399829,0.12654159503699827,0.0038524529570000132,0.11819394269750697,0.1459004498087281,singleton_primary,early_entry
target_lbw,booking_strict,lightgbm,calibration_evaluation_2022,raw,20,13380,2445,0.19193015777801678,0.1827354260089686,0.00919473176904817,0.14590081898983706,0.6186787991108672,singleton_primary,early_entry
target_lbw,booking_strict,lightgbm,calibration_evaluation_2022,calibrated,1,13379,237,0.01904393053242555,0.017714328425143883,0.0013296021072816654,0.009057263578624119,0.022059532005364927,singleton_primary,early_entry
target_lbw,booking_strict,lightgbm,calibration_evaluation_2022,calibrated,2,13379,322,0.024213861275693953,0.024067568577621646,0.00014629269807230755,0.022061501551123363,0.0264079853617918,singleton_primary,early_entry
target_lbw,booking_strict,lightgbm,calibration_evaluation_2022,calibrated,3,13379,369,0.028674030158662586,0.02758053666193288,0.001093493496729707,0.026408322809706425,0.03081679893443939,singleton_primary,early_entry
target_lbw,booking_strict,lightgbm,calibration_evaluation_2022,calibrated,4,13379,433,0.032811998448500516,0.032364152776739666,0.0004478456717608506,0.03081679893443939,0.03482470638403703,singleton_primary,early_entry
target_lbw,booking_strict,lightgbm,calibration_evaluation_2022,calibrated,5,13379,493,0.03672803026660505,0.036848792884371026,0.00012076261776597375,0.034826181699913535,0.038590383540609466,singleton_primary,early_entry
target_lbw,booking_strict,lightgbm,calibration_evaluation_2022,calibrated,6,13379,560,0.040346951529256304,0.04185664100455939,0.0015096894753030832,0.038590728090591754,0.04212395992731881,singleton_primary,early_entry
target_lbw,booking_strict,lightgbm,calibration_evaluation_2022,calibrated,7,13379,564,0.04381800919974165,0.04215561701173481,0.0016623921880068449,0.04212503535711669,0.045532602011489454,singleton_primary,early_entry
target_lbw,booking_strict,lightgbm,calibration_evaluation_2022,calibrated,8,13379,629,0.04730223586330165,0.04701397712833545,0.0002882587349661986,0.045533682740661,0.0490313771806464,singleton_primary,early_entry
target_lbw,booking_strict,lightgbm,calibration_evaluation_2022,calibrated,9,13379,650,0.0508587660484526,0.04858360116600643,0.002275164882446175,0.0490313771806464,0.05275820543925073,singleton_primary,early_entry
target_lbw,booking_strict,lightgbm,calibration_evaluation_2022,calibrated,10,13379,717,0.05472999668231144,0.05359144928619478,0.001138547396116657,0.052758484369798166,0.05668998325232088,singleton_primary,early_entry
target_lbw,booking_strict,lightgbm,calibration_evaluation_2022,calibrated,11,13379,753,0.05878887015880039,0.0562822333507736,0.002506636808026791,0.05669046926628734,0.061007026937483465,singleton_primary,early_entry
target_lbw,booking_strict,lightgbm,calibration_evaluation_2022,calibrated,12,13379,796,0.063316343526525,0.05949622542790941,0.003820118098615592,0.061007026937483465,0.065721422210847,singleton_primary,early_entry
target_lbw,booking_strict,lightgbm,calibration_evaluation_2022,calibrated,13,13379,851,0.06826465017114348,0.0636071455265715,0.004657504644571986,0.0657225619769141,0.07096171201841577,singleton_primary,early_entry
target_lbw,booking_strict,lightgbm,calibration_evaluation_2022,calibrated,14,13379,941,0.07383369731837539,0.07033410568801854,0.0034995916303568464,0.07096171201841577,0.07684781053510646,singleton_primary,early_entry
target_lbw,booking_strict,lightgbm,calibration_evaluation_2022,calibrated,15,13379,1010,0.08016327283848332,0.07549144181179461,0.004671831026688708,0.07684781053510646,0.08365486414434552,singleton_primary,early_entry
target_lbw,booking_strict,lightgbm,calibration_evaluation_2022,calibrated,16,13379,1131,0.08764767092335833,0.08453546602885119,0.0031122048945071423,0.08365486414434552,0.0919477677887964,singleton_primary,early_entry
target_lbw,booking_strict,lightgbm,calibration_evaluation_2022,calibrated,17,13379,1273,0.09714211579500567,0.09514911428357874,0.0019930015114269367,0.09194868385364527,0.10265656980217984,singleton_primary,early_entry
target_lbw,booking_strict,lightgbm,calibration_evaluation_2022,calibrated,18,13379,1457,0.10996396243010564,0.10890201061364825,0.0010619518164573932,0.10265686301288908,0.11828770462920246,singleton_primary,early_entry
target_lbw,booking_strict,lightgbm,calibration_evaluation_2022,calibrated,19,13379,1693,0.13057280637771615,0.12654159503699827,0.004031211340717877,0.11828913283300409,0.14619040362341912,singleton_primary,early_entry
target_lbw,booking_strict,lightgbm,calibration_evaluation_2022,calibrated,20,13380,2445,0.19259932460467227,0.1827354260089686,0.009863898595703663,0.14619077556546511,0.6223122713647388,singleton_primary,early_entry
target_lbw,booking_strict,lightgbm,temporal_test_2023,raw,1,174015,3333,0.01977330046554327,0.01915352124816826,0.0006197792173750112,0.00873090176369082,0.023038268560611298,singleton_primary,full_cohort
target_lbw,booking_strict,lightgbm,temporal_test_2023,raw,2,174016,4584,0.025607901382983765,0.02634240529606473,0.0007345039130809659,0.023038687364484885,0.028293150325533048,singleton_primary,full_cohort
target_lbw,booking_strict,lightgbm,temporal_test_2023,raw,3,174016,5303,0.03066153818630594,0.030474209268113277,0.00018732891819266476,0.028293150325533048,0.032903918756939314,singleton_primary,full_cohort
target_lbw,booking_strict,lightgbm,temporal_test_2023,raw,4,174016,6148,0.03512542177632956,0.03533008458992277,0.00020466281359320798,0.032903918756939314,0.0372306395341722,singleton_primary,full_cohort
target_lbw,booking_strict,lightgbm,temporal_test_2023,raw,5,174016,6636,0.03919951541986959,0.03813442442074292,0.001065090999126668,0.0372306395341722,0.04109973676662507,singleton_primary,full_cohort
target_lbw,booking_strict,lightgbm,temporal_test_2023,raw,6,174015,7248,0.04293222271257333,0.04165158176019309,0.0012806409523802437,0.04109973676662507,0.04474167075563004,singleton_primary,full_cohort
target_lbw,booking_strict,lightgbm,temporal_test_2023,raw,7,174016,8052,0.046604998708469125,0.04627160720853255,0.00033339149993657363,0.04474167075563004,0.0484544301075461,singleton_primary,full_cohort
target_lbw,booking_strict,lightgbm,temporal_test_2023,raw,8,174016,8724,0.05028464222833021,0.050133321073924236,0.000151321154405977,0.0484544301075461,0.05215973837208127,singleton_primary,full_cohort
target_lbw,booking_strict,lightgbm,temporal_test_2023,raw,9,174016,9361,0.054145555458253114,0.053793904008826776,0.00035165144942633786,0.05215973837208127,0.05613922804261911,singleton_primary,full_cohort
target_lbw,booking_strict,lightgbm,temporal_test_2023,raw,10,174016,10005,0.05818436804222926,0.057494713129827145,0.000689654912402117,0.05613927404630419,0.06028367251104868,singleton_primary,full_cohort
target_lbw,booking_strict,lightgbm,temporal_test_2023,raw,11,174015,10712,0.06255801609010066,0.06155791167428095,0.0010001044158197067,0.06028367251104868,0.06486996134365015,singleton_primary,full_cohort
target_lbw,booking_strict,lightgbm,temporal_test_2023,raw,12,174016,11714,0.06729735785326657,0.06731564913571166,1.8291282445084822e-05,0.06487000354853799,0.06979258241313606,singleton_primary,full_cohort
target_lbw,booking_strict,lightgbm,temporal_test_2023,raw,13,174016,12444,0.07253822001480295,0.07151066568591394,0.0010275543288890132,0.06979259203214007,0.07538489506401634,singleton_primary,full_cohort
target_lbw,booking_strict,lightgbm,temporal_test_2023,raw,14,174016,13169,0.07837149791946049,0.07567694924604634,0.002694548673414149,0.07538489506401634,0.08149574092836627,singleton_primary,full_cohort
target_lbw,booking_strict,lightgbm,temporal_test_2023,raw,15,174016,14641,0.08493051064529575,0.0841359415226186,0.0007945691226771412,0.08149574092836627,0.08853854227720834,singleton_primary,full_cohort
target_lbw,booking_strict,lightgbm,temporal_test_2023,raw,16,174015,15830,0.09279274091344208,0.09096916932448353,0.0018235715889585585,0.08853854227720834,0.09739224904207788,singleton_primary,full_cohort
target_lbw,booking_strict,lightgbm,temporal_test_2023,raw,17,174016,17454,0.10258604026175075,0.10030112173593232,0.0022849185258184274,0.09739224904207788,0.10848291870672111,singleton_primary,full_cohort
target_lbw,booking_strict,lightgbm,temporal_test_2023,raw,18,174016,19950,0.11596586553846662,0.11464463037881574,0.0013212351596508798,0.10848291870672111,0.124558761782885,singleton_primary,full_cohort
target_lbw,booking_strict,lightgbm,temporal_test_2023,raw,19,174016,23803,0.1372518956015113,0.13678627252666423,0.00046562307484707133,0.1245588947895911,0.1534236550778682,singleton_primary,full_cohort
target_lbw,booking_strict,lightgbm,temporal_test_2023,raw,20,174016,34665,0.2007171041945488,0.19920582015446855,0.0015112840400802463,0.15342419347310718,0.7139218872548485,singleton_primary,full_cohort
target_lbw,booking_strict,lightgbm,temporal_test_2023,calibrated,1,174015,3333,0.019579224207462245,0.01915352124816826,0.00042570295929398455,0.008602574423435967,0.022832034960888713,singleton_primary,full_cohort
target_lbw,booking_strict,lightgbm,temporal_test_2023,calibrated,2,174016,4584,0.025395144495558245,0.02634240529606473,0.0009472608005064859,0.022832452520223676,0.028074702692819396,singleton_primary,full_cohort
target_lbw,booking_strict,lightgbm,temporal_test_2023,calibrated,3,174016,5303,0.03043978189571401,0.030474209268113277,3.442737239926774e-05,0.028074702692819396,0.03267971571778894,singleton_primary,full_cohort
target_lbw,booking_strict,lightgbm,temporal_test_2023,calibrated,4,174016,6148,0.034900022415227945,0.03533008458992277,0.000430062174694823,0.03267971571778894,0.03700463285245737,singleton_primary,full_cohort
target_lbw,booking_strict,lightgbm,temporal_test_2023,calibrated,5,174016,6636,0.03897381536983913,0.03813442442074292,0.0008393909490962068,0.03700463285245737,0.04087471777874273,singleton_primary,full_cohort
target_lbw,booking_strict,lightgbm,temporal_test_2023,calibrated,6,174015,7248,0.04270853124736313,0.04165158176019309,0.0010569494871700419,0.04087471777874273,0.04451960070194903,singleton_primary,full_cohort
target_lbw,booking_strict,lightgbm,temporal_test_2023,calibrated,7,174016,8052,0.04638521372758393,0.04627160720853255,0.00011360651905138047,0.04451960070194903,0.04823720537075432,singleton_primary,full_cohort
target_lbw,booking_strict,lightgbm,temporal_test_2023,calibrated,8,174016,8724,0.05007051046716648,0.050133321073924236,6.281060675775857e-05,0.04823720537075432,0.05194905101201428,singleton_primary,full_cohort
target_lbw,booking_strict,lightgbm,temporal_test_2023,calibrated,9,174016,9361,0.05393909910777802,0.053793904008826776,0.00014519509895124377,0.05194905101201428,0.055937307388563395,singleton_primary,full_cohort
target_lbw,booking_strict,lightgbm,temporal_test_2023,calibrated,10,174016,10005,0.0579876850069912,0.057494713129827145,0.0004929718771640584,0.05593735350350606,0.060092656919988656,singleton_primary,full_cohort
target_lbw,booking_strict,lightgbm,temporal_test_2023,calibrated,11,174015,10712,0.062373785804075134,0.06155791167428095,0.0008158741297941835,0.060092656919988656,0.06469296061937949,singleton_primary,full_cohort
target_lbw,booking_strict,lightgbm,temporal_test_2023,calibrated,12,174016,11714,0.06712863362654808,0.06731564913571166,0.00018701550916357113,0.06469300296215913,0.06963272110320531,singleton_primary,full_cohort
target_lbw,booking_strict,lightgbm,temporal_test_2023,calibrated,13,174016,12444,0.07238889793801266,0.07151066568591394,0.0008782322520987235,0.06963273075770704,0.0752469213535961,singleton_primary,full_cohort
target_lbw,booking_strict,lightgbm,temporal_test_2023,calibrated,14,174016,13169,0.07824630251044858,0.07567694924604634,0.0025693532644022327,0.0752469213535961,0.0813843696538502,singleton_primary,full_cohort
target_lbw,booking_strict,lightgbm,temporal_test_2023,calibrated,15,174016,14641,0.08483536149930797,0.0841359415226186,0.0006994199766893611,0.0813843696538502,0.088460987792575,singleton_primary,full_cohort
target_lbw,booking_strict,lightgbm,temporal_test_2023,calibrated,16,174015,15830,0.09273730473094616,0.09096916932448353,0.0017681354064626315,0.088460987792575,0.09736151087993856,singleton_primary,full_cohort
target_lbw,booking_strict,lightgbm,temporal_test_2023,calibrated,17,174016,17454,0.10258504117813755,0.10030112173593232,0.002283919442205226,0.09736151087993856,0.10851678462140224,singleton_primary,full_cohort
target_lbw,booking_strict,lightgbm,temporal_test_2023,calibrated,18,174016,19950,0.11604706924798992,0.11464463037881574,0.001402438869174183,0.10851678462140224,0.12469628021202765,singleton_primary,full_cohort
target_lbw,booking_strict,lightgbm,temporal_test_2023,calibrated,19,174016,23803,0.13747935383221663,0.13678627252666423,0.000693081305552401,0.12469641411973038,0.15377065509074744,singleton_primary,full_cohort
target_lbw,booking_strict,lightgbm,temporal_test_2023,calibrated,20,174016,34665,0.20145918224296946,0.19920582015446855,0.00225336208850091,0.1537711976227186,0.7175711425988207,singleton_primary,full_cohort
target_lbw,booking_strict,lightgbm,temporal_test_2023,raw,1,130004,2290,0.019268798397012725,0.01761484262022707,0.0016539557767856553,0.00873090176369082,0.02232869782841119,singleton_primary,early_entry
target_lbw,booking_strict,lightgbm,temporal_test_2023,raw,2,130005,3251,0.02451423747954354,0.025006730510364984,0.0004924930308214427,0.02232869782841119,0.02677804116822932,singleton_primary,early_entry
target_lbw,booking_strict,lightgbm,temporal_test_2023,raw,3,130004,3671,0.029096268376191465,0.02823759268945571,0.0008586756867357548,0.02677804116822932,0.031245061783564485,singleton_primary,early_entry
target_lbw,booking_strict,lightgbm,temporal_test_2023,raw,4,130005,4236,0.03327744370652342,0.032583362178377755,0.0006940815281456653,0.031245061783564485,0.03529261753859099,singleton_primary,early_entry
target_lbw,booking_strict,lightgbm,temporal_test_2023,raw,5,130005,4584,0.03724106935007298,0.035260182300680745,0.001980887049392234,0.03529261753859099,0.03911517476100365,singleton_primary,early_entry
target_lbw,booking_strict,lightgbm,temporal_test_2023,raw,6,130004,4949,0.04088626216150908,0.03806805944432479,0.00281820271718429,0.039115638734412504,0.0426808847444009,singleton_primary,early_entry
target_lbw,booking_strict,lightgbm,temporal_test_2023,raw,7,130005,5596,0.044391056155315585,0.04304449828852736,0.0013465578667882228,0.0426808847444009,0.046158012255864696,singleton_primary,early_entry
target_lbw,booking_strict,lightgbm,temporal_test_2023,raw,8,130005,6089,0.047967992603182776,0.046836660128456595,0.0011313324747261808,0.04615805072728643,0.04973877990249255,singleton_primary,early_entry
target_lbw,booking_strict,lightgbm,temporal_test_2023,raw,9,130004,6454,0.0515776821610885,0.04964462631919018,0.0019330558418983249,0.049738866667030736,0.053478924623900144,singleton_primary,early_entry
target_lbw,booking_strict,lightgbm,temporal_test_2023,raw,10,130005,7002,0.05546442141497218,0.05385946694357909,0.00160495447139309,0.053478924623900144,0.057443424462999215,singleton_primary,early_entry
target_lbw,booking_strict,lightgbm,temporal_test_2023,raw,11,130005,7458,0.059574676141262266,0.05736702434521749,0.0022076517960447767,0.05744347466599525,0.06178706287652092,singleton_primary,early_entry
target_lbw,booking_strict,lightgbm,temporal_test_2023,raw,12,130004,8080,0.0641094109223198,0.06215193378665272,0.001957477135667074,0.06178706287652092,0.06651841414621458,singleton_primary,early_entry
target_lbw,booking_strict,lightgbm,temporal_test_2023,raw,13,130005,8628,0.0690690804989473,0.06636667820468443,0.0027024022942628706,0.06651850680640638,0.0717631501118029,singleton_primary,early_entry
target_lbw,booking_strict,lightgbm,temporal_test_2023,raw,14,130005,9308,0.07468704396445083,0.07159724625975925,0.003089797704691588,0.0717631501118029,0.0777053967269387,singleton_primary,early_entry
target_lbw,booking_strict,lightgbm,temporal_test_2023,raw,15,130004,10034,0.08105236785910368,0.07718224054644472,0.0038701273126589553,0.0777053967269387,0.08453101621293707,singleton_primary,early_entry
target_lbw,booking_strict,lightgbm,temporal_test_2023,raw,16,130005,11035,0.08847864500984974,0.0848813507172801,0.003597294292569636,0.08453103462967679,0.09282923022923956,singleton_primary,early_entry
target_lbw,booking_strict,lightgbm,temporal_test_2023,raw,17,130005,12165,0.09796676861389332,0.09357332410291912,0.004393444510974204,0.09282923022923956,0.1035198238444456,singleton_primary,early_entry
target_lbw,booking_strict,lightgbm,temporal_test_2023,raw,18,130004,13737,0.11079365011504567,0.10566597950832282,0.005127670606722853,0.1035198238444456,0.11908850922931223,singleton_primary,early_entry
target_lbw,booking_strict,lightgbm,temporal_test_2023,raw,19,130005,16534,0.13137182637313805,0.12717972385677473,0.004192102516363316,0.1190886737846934,0.1471225768747121,singleton_primary,early_entry
target_lbw,booking_strict,lightgbm,temporal_test_2023,raw,20,130005,24051,0.1938749906176356,0.18500057690088842,0.008874413716747187,0.14712261043277827,0.7139218872548485,singleton_primary,early_entry
target_lbw,booking_strict,lightgbm,temporal_test_2023,calibrated,1,130004,2290,0.019076650055156064,0.01761484262022707,0.0014618074349289946,0.008602574423435967,0.022124640110080748,singleton_primary,early_entry
target_lbw,booking_strict,lightgbm,temporal_test_2023,calibrated,2,130005,3251,0.02430410205684969,0.025006730510364984,0.000702628453515295,0.022124640110080748,0.02656245079774858,singleton_primary,early_entry
target_lbw,booking_strict,lightgbm,temporal_test_2023,calibrated,3,130004,3671,0.02887667911332455,0.02823759268945571,0.0006390864238688398,0.02656245079774858,0.03102244503641619,singleton_primary,early_entry
target_lbw,booking_strict,lightgbm,temporal_test_2023,calibrated,4,130005,4236,0.03305308099272702,0.032583362178377755,0.00046971881434926255,0.03102244503641619,0.03506701819310864,singleton_primary,early_entry
target_lbw,booking_strict,lightgbm,temporal_test_2023,calibrated,5,130005,4584,0.03701516279112231,0.035260182300680745,0.0017549804904415656,0.03506701819310864,0.038889359631445373,singleton_primary,early_entry
target_lbw,booking_strict,lightgbm,temporal_test_2023,calibrated,6,130004,4949,0.04066120787341177,0.03806805944432479,0.0025931484290869847,0.03888982372090474,0.0424569164063963,singleton_primary,early_entry
target_lbw,booking_strict,lightgbm,temporal_test_2023,calibrated,7,130005,5596,0.04416869017001097,0.04304449828852736,0.001124191881483605,0.0424569164063963,0.045937580119742166,singleton_primary,early_entry
target_lbw,booking_strict,lightgbm,temporal_test_2023,calibrated,8,130005,6089,0.04775009859450203,0.046836660128456595,0.0009134384660454339,0.045937618639241805,0.049523635655224565,singleton_primary,early_entry
target_lbw,booking_strict,lightgbm,temporal_test_2023,calibrated,9,130004,6454,0.051365928171895725,0.04964462631919018,0.0017213018527055465,0.04952372256707566,0.05327094996591119,singleton_primary,early_entry
target_lbw,booking_strict,lightgbm,temporal_test_2023,calibrated,10,130005,7002,0.05526096178860234,0.05385946694357909,0.001401494845023249,0.05327094996591119,0.05724474686791217,singleton_primary,early_entry
target_lbw,booking_strict,lightgbm,temporal_test_2023,calibrated,11,130005,7458,0.05938175001529793,0.05736702434521749,0.0020147256700804375,0.057244797199139184,0.06160042377855813,singleton_primary,early_entry
target_lbw,booking_strict,lightgbm,temporal_test_2023,calibrated,12,130004,8080,0.06393003639857342,0.06215193378665272,0.0017781026119206983,0.06160042377855813,0.06634691992805601,singleton_primary,early_entry
target_lbw,booking_strict,lightgbm,temporal_test_2023,calibrated,13,130005,8628,0.06890666696074588,0.06636667820468443,0.0025399887560614426,0.06634701290449004,0.07161071920562526,singleton_primary,early_entry
target_lbw,booking_strict,lightgbm,temporal_test_2023,calibrated,14,130005,9308,0.07454632004256084,0.07159724625975925,0.002949073782801598,0.07161071920562526,0.0775772083150724,singleton_primary,early_entry
target_lbw,booking_strict,lightgbm,temporal_test_2023,calibrated,15,130004,10034,0.08093911277643363,0.07718224054644472,0.0037568722299889112,0.0775772083150724,0.08443382347995498,singleton_primary,early_entry
target_lbw,booking_strict,lightgbm,temporal_test_2023,calibrated,16,130005,11035,0.08840096522248109,0.0848813507172801,0.0035196145052009825,0.08443384198457843,0.09277379732250685,singleton_primary,early_entry
target_lbw,booking_strict,lightgbm,temporal_test_2023,calibrated,17,130005,12165,0.09793947469361707,0.09357332410291912,0.004366150590697948,0.09277379732250685,0.10352401539971642,singleton_primary,early_entry
target_lbw,booking_strict,lightgbm,temporal_test_2023,calibrated,18,130004,13737,0.11084218281548382,0.10566597950832282,0.005176203307160995,0.10352401539971642,0.1191895511435924,singleton_primary,early_entry
target_lbw,booking_strict,lightgbm,temporal_test_2023,calibrated,19,130005,16534,0.13155746361090798,0.12717972385677473,0.0043777397541332475,0.1191897167784083,0.14742169167078376,singleton_primary,early_entry
target_lbw,booking_strict,lightgbm,temporal_test_2023,calibrated,20,130005,24051,0.1945603176667073,0.18500057690088842,0.009559740765818892,0.14742172548097943,0.7175711425988207,singleton_primary,early_entry
