year,target,nominal_fraction,replicate,full_event_n,B_early,B_all,C00_tp,C01_tp,C10_tp,C11_tp,availability_main_at_early_budget,capacity_main_in_early_cohort,interaction,ordered_capacity_within_early_cohort,ordered_availability_at_all_budget,availability_at_early_budget,capacity_in_all_cohort,shapley_availability,shapley_capacity,total_topq_contrast,identity_factorial_error,identity_shapley_error,interaction_via_availability_error,interaction_via_capacity_error
2024,target_preterm,0.05,0,308269,130149,175639,27873,34341,30957,38572,0.010004249535308443,0.020981675095452346,0.0037207763349542122,0.020981675095452346,0.013725025870262655,0.010004249535308443,0.024702451430406558,0.01186463770278555,0.022842063262929452,0.034706700965715,0.0,0.0,0.0,0.0
2024,target_preterm,0.1,0,308269,260299,351278,45061,55391,51171,63085,0.019820351705815364,0.03350969445516738,0.005138369411131216,0.03350969445516738,0.02495872111694658,0.019820351705815364,0.0386480638662986,0.022389536411380973,0.03607887916073299,0.05846841557211396,0.0,0.0,0.0,0.0
2024,target_preterm,0.05,1,307388,130149,175639,27347,33676,30535,37921,0.010371257173344431,0.020589613127382986,0.003438650825666592,0.020589613127382986,0.013809907999011023,0.010371257173344431,0.024028263953049578,0.012090582586177727,0.022308938540216282,0.03439952112639401,0.0,0.0,0.0,0.0
2024,target_preterm,0.1,1,307388,260299,351278,44229,54750,50341,62133,0.01988366494463023,0.03422710060249587,0.0041348393561232155,0.03422710060249587,0.024018504300753446,0.01988366494463023,0.038361939958619085,0.021951084622691838,0.03629452028055748,0.058245604903249315,0.0,0.0,0.0,0.0
2024,target_preterm,0.05,2,307675,130149,175639,27779,34322,30727,38299,0.00958153896156659,0.02126594620947428,0.003344438124644508,0.02126594620947428,0.012925977086211099,0.00958153896156659,0.024610384334118787,0.011253758023888845,0.022938165271796533,0.03419192329568538,0.0,0.0,0.0,0.0
2024,target_preterm,0.1,2,307675,260299,351278,44850,55342,50954,62910,0.019839115950272213,0.034100918176647455,0.004758267652555437,0.034100918176647455,0.02459738360282765,0.019839115950272213,0.03885918582920289,0.02221824977654993,0.03648005200292517,0.058698301779475104,0.0,0.0,0.0,0.0
2024,target_preterm,0.05,3,307594,130149,175639,27779,34143,30712,38287,0.009535296527240458,0.020689610330500596,0.003937007874015755,0.020689610330500596,0.013472304401256213,0.009535296527240458,0.02462661820451635,0.011503800464248336,0.022658114267508474,0.03416191473175681,0.0,0.0,0.0,0.0
2024,target_preterm,0.1,3,307594,260299,351278,44823,55174,50652,62559,0.01895030462232683,0.033651501654778704,0.00505861622788481,0.033651501654778704,0.02400892085021164,0.01895030462232683,0.038710117882663514,0.021479612736269235,0.03618080976872111,0.057660422504990344,0.0,0.0,0.0,0.0
2024,target_preterm,0.05,4,307209,130149,175639,27684,34257,30686,38260,0.009771849132024127,0.021395857543236044,0.00325836808166427,0.021395857543236044,0.013030217213688397,0.009771849132024127,0.024654225624900314,0.011401033172856262,0.02302504158406818,0.03442607475692444,0.0,0.0,0.0,0.0
2024,target_preterm,0.1,4,307209,260299,351278,44777,55105,50889,62600,0.01989525046466739,0.03361880674068793,0.004501821235705972,0.03361880674068793,0.024397071700373363,0.01989525046466739,0.0381206279763939,0.022146161082520377,0.035869717358540915,0.05801587844106129,0.0,0.0,0.0,0.0
2024,target_preterm,0.05,5,307509,130149,175639,27688,34076,30756,38419,0.009976943764247556,0.020773375738596264,0.004146220110630913,0.020773375738596264,0.01412316387487847,0.009976943764247556,0.024919595849227177,0.012050053819563013,0.02284648579391172,0.034896539613474734,0.0,0.0,0.0,0.0
2024,target_preterm,0.1,5,307509,260299,351278,44433,54809,50887,62662,0.020988003603146566,0.033742101857181434,0.0045494603409981516,0.033742101857181434,0.025537463944144717,0.020988003603146566,0.038291562198179585,0.02326273377364564,0.03601683202768051,0.05927956580132615,0.0,0.0,0.0,0.0
2024,target_preterm,0.05,6,307419,130149,175639,27537,34118,30605,38167,0.009979864614744052,0.02140726500313904,0.0031910844807900574,0.02140726500313904,0.01317094909553411,0.009979864614744052,0.024598349483929097,0.011575406855139081,0.023002807243534068,0.03457821409867315,0.0,0.0,0.0,0.0
2024,target_preterm,0.1,6,307419,260299,351278,44588,55007,50825,62525,0.02028827105676617,0.033891854439706076,0.0041669512944873255,0.033891854439706076,0.024455222351253497,0.02028827105676617,0.0380588057341934,0.022371746704009834,0.03597533008694974,0.05834707679095957,0.0,0.0,0.0,0.0
2024,target_preterm,0.05,7,307341,130149,175639,27524,34003,30608,38215,0.010034456841098327,0.021080819025121933,0.0036701904399347868,0.021080819025121933,0.013704647281033114,0.010034456841098327,0.02475100946505672,0.01186955206106572,0.022915914245089326,0.03478546630615505,0.0,0.0,0.0,0.0
2024,target_preterm,0.1,7,307341,260299,351278,44439,54873,50691,62422,0.020342225736234343,0.033949261569396844,0.0042200682629392194,0.033949261569396844,0.024562293999173562,0.020342225736234343,0.03816932983233606,0.022452259867703953,0.03605929570086645,0.058511555568570406,0.0,0.0,0.0,0.0
2024,target_preterm,0.05,8,307914,130149,175639,27805,34441,30839,38471,0.009853400624849795,0.021551472164305613,0.003234669420682401,0.021551472164305613,0.013088070045532196,0.009853400624849795,0.024786141584988014,0.011470735335190996,0.023168806874646813,0.03463954220983781,0.0,0.0,0.0,0.0
2024,target_preterm,0.1,8,307914,260299,351278,45035,55309,51048,62890,0.019528179946348645,0.03336645946595476,0.005092330975532133,0.03336645946595476,0.02462051092188078,0.019528179946348645,0.038458790441486895,0.02207434543411471,0.03591262495372083,0.05798697038783554,0.0,0.0,0.0,0.0
2024,target_preterm,0.05,9,307257,130149,175639,27721,34254,30598,38138,0.009363497007391211,0.021262330882616184,0.0032773866828094966,0.021262330882616184,0.012640883690200708,0.009363497007391211,0.02453971756542568,0.01100219034879596,0.022901024224020933,0.03390321457281689,0.0,0.0,0.0,0.0
2024,target_preterm,0.1,9,307257,260299,351278,44578,55036,50757,62405,0.020110200906732795,0.034036653355334456,0.003872979297461082,0.034036653355334456,0.023983180204193877,0.020110200906732795,0.03790963265279554,0.022046690555463336,0.035973143004065,0.05801983355952833,0.0,0.0,0.0,0.0
2024,target_preterm,0.05,10,308046,130149,175639,27859,34301,30617,38390,0.008953208287074008,0.020912461125935727,0.004320783259643038,0.020912461125935727,0.013273991546717046,0.008953208287074008,0.025233244385578765,0.011113599916895527,0.023072852755757246,0.03418645267265277,0.0,0.0,0.0,0.0
2024,target_preterm,0.1,10,308046,260299,351278,44862,55170,50824,62794,0.01935425228699611,0.03346253481622874,0.0053952981048285,0.03346253481622874,0.02474955039182461,0.01935425228699611,0.03885783292105724,0.02205190133941036,0.03616018386864299,0.05821208520805335,0.0,0.0,0.0,0.0
2024,target_preterm,0.05,11,307628,130149,175639,27571,33967,30654,38309,0.010021844565514193,0.020791345391186766,0.004092605354519094,0.020791345391186766,0.014114449920033287,0.010021844565514193,0.02488395074570586,0.01206814724277374,0.022837648068446313,0.03490579531122005,0.0,0.0,0.0,0.0
2024,target_preterm,0.1,11,307628,260299,351278,44459,54813,50713,62457,0.02032974891752376,0.03365753442469477,0.004518444354870171,0.03365753442469477,0.02484819327239393,0.02032974891752376,0.03817597877956494,0.022588971094958846,0.035916756602129854,0.0585057276970887,0.0,0.0,0.0,0.0
2024,target_preterm,0.05,12,308451,130149,175639,27834,34159,30812,38488,0.009654693938421346,0.020505688099568486,0.0043799501379473554,0.020505688099568486,0.014034644076368702,0.009654693938421346,0.024885638237515842,0.011844669007395024,0.022695663168542164,0.03454033217593719,0.0,0.0,0.0,0.0
2024,target_preterm,0.1,12,308451,260299,351278,44800,55265,50931,62867,0.019876738930980936,0.03392759303746787,0.004768990860785027,0.03392759303746787,0.024645729791765963,0.019876738930980936,0.038696583898252895,0.02226123436137345,0.03631208846786038,0.05857332282923383,0.0,0.0,0.0,0.0
2024,target_preterm,0.05,13,308176,130149,175639,27563,33975,30553,38110,0.009702248066040184,0.020806292508177143,0.003715409376460199,0.020806292508177143,0.013417657442500383,0.009702248066040184,0.024521701884637342,0.011559952754270283,0.022663997196407243,0.034223949950677526,0.0,0.0,0.0,0.0
2024,target_preterm,0.1,13,308176,260299,351278,44553,54992,50550,62516,0.019459659415398983,0.03387350085665333,0.004954960801619862,0.03387350085665333,0.024414620217018845,0.019459659415398983,0.038828461658273195,0.021937139816208914,0.036350981257463263,0.05828812107367218,0.0,0.0,0.0,0.0
2024,target_preterm,0.05,14,307844,130149,175639,27962,34602,30935,38469,0.009657488857993016,0.021569366302412907,0.0029040682943308888,0.021569366302412907,0.012561557152323904,0.009657488857993016,0.024473434596743796,0.01110952300515846,0.02302140044957835,0.03413092345473681,0.0,0.0,0.0,0.0
2024,target_preterm,0.1,14,307844,260299,351278,44989,55554,51159,62854,0.020042618988838495,0.03431933057002898,0.0036706903496576126,0.03431933057002898,0.023713309338496108,0.020042618988838495,0.03799002091968659,0.0218779641636673,0.036154675744857784,0.058032639908525085,0.0,0.0,0.0,0.0
2024,target_preterm,0.05,15,307454,130149,175639,27945,34448,31119,38736,0.010323495547301373,0.021151131551386537,0.003623306250691169,0.021151131551386537,0.013946801797992542,0.010323495547301373,0.024774437802077706,0.012135148672646957,0.02296278467673212,0.03509793334937908,0.0,0.0,0.0,0.0
2024,target_preterm,0.1,15,307454,260299,351278,45047,55373,51377,63212,0.020588445751234336,0.03358551197902776,0.004908051285720777,0.03358551197902776,0.025496497036955112,0.020588445751234336,0.03849356326474854,0.023042471394094724,0.03603953762188815,0.05908200901598287,0.0,0.0,0.0,0.0
2024,target_preterm,0.05,16,307578,130149,175639,27749,34105,30609,38272,0.00929845437580061,0.02066467692747856,0.0042493286255844,0.02066467692747856,0.013547783001385011,0.00929845437580061,0.02491400555306296,0.01142311868859281,0.02278934124027076,0.03421245992886357,0.0,0.0,0.0,0.0
2024,target_preterm,0.1,16,307578,260299,351278,44583,55024,50812,62475,0.020251773533867812,0.03394586088731963,0.003972975960569364,0.03394586088731963,0.024224749494437176,0.020251773533867812,0.03791883684788899,0.022238261514152494,0.03593234886760431,0.058170610381756804,0.0,0.0,0.0,0.0
2024,target_preterm,0.05,17,307197,130149,175639,27847,34399,30708,38370,0.00931324199129549,0.02132833328450473,0.003613316536294306,0.02132833328450473,0.012926558527589796,0.00931324199129549,0.024941649820799036,0.011119900259442643,0.023134991552651883,0.034254891812094526,0.0,0.0,0.0,0.0
2024,target_preterm,0.1,17,307197,260299,351278,44702,55052,50898,62728,0.020169467800792318,0.03369173527085226,0.004817755381725741,0.03369173527085226,0.02498722318251806,0.020169467800792318,0.038509490652578,0.02257834549165519,0.03610061296171513,0.05867895845337032,0.0,0.0,0.0,0.0
2024,target_preterm,0.05,18,307784,130149,175639,27917,34327,30874,38617,0.009607386998674389,0.020826293764458187,0.004330959374106519,0.020826293764458187,0.013938346372780908,0.009607386998674389,0.025157253138564706,0.011772866685727648,0.022991773451511446,0.034764640137239095,0.0,0.0,0.0,0.0
2024,target_preterm,0.1,18,307784,260299,351278,45018,55422,51091,63120,0.019731370051724595,0.03380292672783511,0.005279676656356397,0.03380292672783511,0.02501104670808099,0.019731370051724595,0.039082603384191505,0.022371208379902793,0.03644276505601331,0.0588139734359161,0.0,0.0,0.0,0.0
2024,target_preterm,0.05,19,308163,130149,175639,27622,34000,30572,38183,0.009572855923650786,0.020696839010523646,0.004001129272495407,0.020696839010523646,0.013573985196146193,0.009572855923650786,0.024697968283019053,0.01157342055989849,0.02269740364677135,0.03427082420666984,0.0,0.0,0.0,0.0
2024,target_preterm,0.1,19,308163,260299,351278,44476,54836,50519,62289,0.019609751981905676,0.03361857198949905,0.004575500627914453,0.03361857198949905,0.02418525260982013,0.019609751981905676,0.038194072617413505,0.021897502295862903,0.03590632230345628,0.05780382459931918,0.0,0.0,0.0,0.0
2024,target_preterm,0.05,20,307227,130149,175639,27578,34038,30417,38116,0.009240724285300442,0.021026797774935144,0.004032848675409387,0.021026797774935144,0.013273572960709829,0.009240724285300442,0.02505964645034453,0.011257148623005135,0.023043222112639837,0.03430037073564497,0.0,0.0,0.0,0.0
2024,target_preterm,0.1,20,307227,260299,351278,44595,54933,50646,62456,0.019695534572156753,0.03364938628440861,0.0047912455610997495,0.03364938628440861,0.024486780133256503,0.019695534572156753,0.03844063184550836,0.022091157352706628,0.036045009064958486,0.058136166417665114,0.0,0.0,0.0,0.0
2024,target_preterm,0.05,21,307838,130149,175639,27772,34341,30712,38407,0.009550477848738623,0.021339145914409524,0.0036577680468298235,0.021339145914409524,0.013208245895568446,0.009550477848738623,0.024996913961239348,0.011379361872153534,0.023168029937824436,0.03454739180997797,0.0,0.0,0.0,0.0
2024,target_preterm,0.1,21,307838,260299,351278,44982,55462,51021,62943,0.01961746113215393,0.03404388022271454,0.004684281992476558,0.03404388022271454,0.024301743124630487,0.01961746113215393,0.0387281622151911,0.021959602128392208,0.03638602121895282,0.05834562334734503,0.0,0.0,0.0,0.0
2024,target_preterm,0.05,22,308087,130149,175639,27737,34225,30718,38374,0.009675838318397079,0.02105898658495814,0.0037911369191170052,0.02105898658495814,0.013466975237514084,0.009675838318397079,0.024850123504075144,0.011571406777955581,0.022954555044516642,0.03452596182247222,0.0,0.0,0.0,0.0
2024,target_preterm,0.1,22,308087,260299,351278,44867,55288,50855,62751,0.019436068383281324,0.033824861159347824,0.004787608694946599,0.033824861159347824,0.024223677078227923,0.019436068383281324,0.03861246985429442,0.021829872730754624,0.036218665506821124,0.05804853823757575,0.0,0.0,0.0,0.0
2024,target_preterm,0.05,23,307319,130149,175639,27593,33975,30714,38224,0.01015557124681521,0.020766695192942844,0.003670453177317373,0.020766695192942844,0.013826024424132582,0.01015557124681521,0.024437148370260217,0.011990797835473896,0.02260192178160153,0.034592719617075426,0.0,0.0,0.0,0.0
2024,target_preterm,0.1,23,307319,260299,351278,44502,54783,50677,62653,0.02009312798753085,0.0334538378687943,0.005515441609532795,0.0334538378687943,0.025608569597063646,0.02009312798753085,0.038969279478327096,0.02285084879229725,0.0362115586735607,0.05906240746585795,0.0,0.0,0.0,0.0
2024,target_preterm,0.05,24,306948,130149,175639,27641,34061,30547,38190,0.009467401644578224,0.02091559482387896,0.003984388235140815,0.02091559482387896,0.01345178987971904,0.009467401644578224,0.024899983059019776,0.011459595762148632,0.022907788941449368,0.034367384703598,0.0,0.0,0.0,0.0
2024,target_preterm,0.1,24,306948,260299,351278,44426,54772,50664,62331,0.02032266051578771,0.03370603489841928,0.004303660554882238,0.03370603489841928,0.02462632107066995,0.02032266051578771,0.03800969545330152,0.02247449079322883,0.0358578651758604,0.05833235596908923,0.0,0.0,0.0,0.0
2024,target_preterm,0.05,25,308047,130149,175639,27572,33970,30638,38261,0.0099530266485309,0.02076955789213983,0.003976665898385648,0.02076955789213983,0.013929692546916547,0.0099530266485309,0.024746223790525476,0.011941359597723723,0.022757890841332652,0.034699250439056376,0.0,0.0,0.0,0.0
2024,target_preterm,0.1,25,308047,260299,351278,44688,55072,50707,62782,0.01953922615704748,0.03370914178680526,0.005489422068710281,0.03370914178680526,0.02502864822575776,0.01953922615704748,0.03919856385551554,0.02228393719140262,0.0364538528211604,0.05873779001256302,0.0,0.0,0.0,0.0
2024,target_preterm,0.05,26,308056,130149,175639,27918,34313,30851,38530,0.009520996182512273,0.02075921261069416,0.004168073337315281,0.02075921261069416,0.013689069519827554,0.009520996182512273,0.024927285948009442,0.011605032851169914,0.0228432492793518,0.034448282130521715,0.0,0.0,0.0,0.0
2024,target_preterm,0.1,26,308056,260299,351278,44691,55206,50986,62857,0.02043459630716493,0.034133404316098376,0.004401797075856334,0.034133404316098376,0.024836393383021266,0.02043459630716493,0.03853520139195471,0.0226354948450931,0.03633430285402654,0.05896979769911964,0.0,0.0,0.0,0.0
2024,target_preterm,0.05,27,306759,130149,175639,27346,33716,30363,37916,0.009835082263275077,0.020765486913179393,0.003856447569590471,0.020765486913179393,0.013691529832865548,0.009835082263275077,0.024621934482769864,0.011763306048070313,0.02269371069797463,0.03445701674604494,0.0,0.0,0.0,0.0
2024,target_preterm,0.1,27,306759,260299,351278,44275,54790,50297,62197,0.019631045869884817,0.03427772290299552,0.004514944956790196,0.03427772290299552,0.024145990826675012,0.019631045869884817,0.03879266785978572,0.021888518348279914,0.03653519538139062,0.058423713729670534,0.0,0.0,0.0,0.0
2024,target_preterm,0.05,28,307971,130149,175639,27674,34047,30932,38375,0.01057891814489026,0.020693506856165028,0.0034743531046754483,0.020693506856165028,0.014053271249565708,0.01057891814489026,0.024167859960840476,0.012316094697227983,0.022430683408502752,0.034746778105730736,0.0,0.0,0.0,0.0
2024,target_preterm,0.1,28,307971,260299,351278,44441,54742,50978,62675,0.02122602452828351,0.03344795451519786,0.004532894330959741,0.03344795451519786,0.02575891885924325,0.02122602452828351,0.0379808488461576,0.02349247169376338,0.03571440168067773,0.05920687337444111,0.0,0.0,0.0,0.0
2024,target_preterm,0.05,29,307846,130149,175639,27886,34270,30886,38449,0.009745132306412954,0.020737641548046762,0.0038298369964202827,0.020737641548046762,0.013574969302833237,0.009745132306412954,0.024567478544467045,0.011660050804623096,0.022652560046256903,0.03431261085088,0.0,0.0,0.0,0.0
2024,target_preterm,0.1,29,307846,260299,351278,44628,55152,50982,62571,0.02064019022498262,0.034185924130896606,0.0034595219687766077,0.034185924130896606,0.024099712193759226,0.02064019022498262,0.03764544609967321,0.022369951209370922,0.03591568511528491,0.05828563632465583,0.0,0.0,0.0,0.0
2024,target_preterm,0.05,30,307652,130149,175639,27493,34042,30524,38140,0.009852040617320867,0.02128703860205687,0.003468204334767855,0.02128703860205687,0.013320244952088722,0.009852040617320867,0.024755242936824726,0.011586142784704795,0.023021140769440798,0.03460728355414559,0.0,0.0,0.0,0.0
2024,target_preterm,0.1,30,307652,260299,351278,44667,55038,50692,62675,0.01958381547982785,0.03371016603175017,0.005239686398918253,0.03371016603175017,0.0248235018787461,0.01958381547982785,0.038949852430668425,0.022203658679286975,0.0363300092312093,0.05853366791049627,0.0,0.0,0.0,0.0
2024,target_preterm,0.05,31,307948,130149,175639,27896,34417,30962,38585,0.009956226375881644,0.021175653032330127,0.003578526244690669,0.021175653032330127,0.013534752620572313,0.009956226375881644,0.024754179277020796,0.011745489498226978,0.022964916154675462,0.03471040565290244,0.0,0.0,0.0,0.0
2024,target_preterm,0.1,31,307948,260299,351278,44891,55355,51236,63072,0.020604127969657215,0.03397976281709897,0.004455297647654816,0.03397976281709897,0.02505942561731203,0.020604127969657215,0.038435060464753784,0.022831776793484623,0.036207411640926376,0.059039188434411,0.0,0.0,0.0,0.0
2024,target_preterm,0.05,32,308445,130149,175639,27962,34331,30722,38510,0.008948110684238689,0.020648738024607316,0.00460049603657052,0.020648738024607316,0.013548606720809209,0.008948110684238689,0.025249234061177836,0.011248358702523949,0.022948986042892576,0.034197344745416525,0.0,0.0,0.0,0.0
2024,target_preterm,0.1,32,308445,260299,351278,44756,55304,50937,62623,0.020039229035970746,0.034197344745416525,0.0036894746227042197,0.034197344745416525,0.023728703658674966,0.020039229035970746,0.037886819368120744,0.021883966347322856,0.036042082056768635,0.05792604840409149,0.0,0.0,0.0,0.0
2024,target_preterm,0.05,33,306821,130149,175639,27645,34007,30578,38148,0.009559319603286598,0.020735216950599863,0.003937149021742317,0.020735216950599863,0.013496468625028915,0.009559319603286598,0.02467236597234218,0.011527894114157756,0.022703791461471022,0.03423168557562878,0.0,0.0,0.0,0.0
2024,target_preterm,0.1,33,306821,260299,351278,44513,54862,50494,62320,0.019493450578676186,0.03372976425994312,0.004813881709530926,0.03372976425994312,0.024307332288207112,0.019493450578676186,0.038543645969474044,0.02190039143344165,0.03613670511470858,0.05803709654815023,0.0,0.0,0.0,0.0
2024,target_preterm,0.05,34,307262,130149,175639,27518,33957,30625,38081,0.0101118914802351,0.02095605704577852,0.0033098788655935435,0.02095605704577852,0.013421770345828643,0.0101118914802351,0.024265935911372064,0.011766830913031871,0.022610996478575292,0.03437782739160716,0.0,0.0,0.0,0.0
2024,target_preterm,0.1,34,307262,260299,351278,44462,55002,50583,62292,0.01992110967187613,0.03430297270733121,0.003804570692112902,0.03430297270733121,0.023725680363989032,0.01992110967187613,0.03810754339944411,0.02182339501793258,0.03620525805338766,0.05802865307132024,0.0,0.0,0.0,0.0
2024,target_preterm,0.05,35,308156,130149,175639,27484,33855,30471,38173,0.009693142434351432,0.02067459338776463,0.004319240903957744,0.02067459338776463,0.014012383338309176,0.009693142434351432,0.024993834291722375,0.011852762886330304,0.022834213839743503,0.03468697672607381,0.0,0.0,0.0,0.0
2024,target_preterm,0.1,35,308156,260299,351278,44377,54987,50644,62496,0.02033710198730515,0.034430613066109395,0.004030426147795252,0.034430613066109395,0.024367528135100402,0.02033710198730515,0.038461039213904646,0.022352315061202777,0.03644582614000702,0.0587981412012098,0.0,0.0,0.0,0.0
2024,target_preterm,0.05,36,307268,130149,175639,27482,34026,30330,38035,0.00926878164989521,0.02129736907195022,0.0037784604970253904,0.02129736907195022,0.013047242146920601,0.00926878164989521,0.02507582956897561,0.011158011898407906,0.023186599320462915,0.03434461121887082,0.0,0.0,0.0,0.0
2024,target_preterm,0.1,36,307268,260299,351278,44545,54861,50625,62571,0.019787286668315612,0.03357329757735919,0.005304815340354346,0.03357329757735919,0.02509210200866996,0.019787286668315612,0.038878112917713537,0.022439694338492785,0.03622570524753636,0.05866539958602915,0.0,0.0,0.0,0.0
2024,target_preterm,0.05,37,307645,130149,175639,27747,34060,30658,38326,0.009462204813990155,0.02052040501227065,0.004404427180679016,0.02052040501227065,0.01386663199466917,0.009462204813990155,0.024924832192949664,0.011664418404329663,0.022722618602610156,0.03438703700693982,0.0,0.0,0.0,0.0
2024,target_preterm,0.1,37,307645,260299,351278,44548,54833,50632,62541,0.019776040566237052,0.03343139007622423,0.005278811617286161,0.03343139007622423,0.025054852183523213,0.019776040566237052,0.03871020169351039,0.022415446374880132,0.03607079588486731,0.05848624225974744,0.0,0.0,0.0,0.0
2024,target_preterm,0.05,38,308670,130149,175639,27904,34298,30800,38560,0.009382188097320762,0.020714679107137077,0.004425438170214138,0.020714679107137077,0.0138076262675349,0.009382188097320762,0.025140117277351215,0.011594907182427831,0.022927398192244146,0.03452230537467198,0.0,0.0,0.0,0.0
2024,target_preterm,0.1,38,308670,260299,351278,44712,55013,51090,62896,0.020662843813781695,0.033372209803349845,0.004875757281238874,0.033372209803349845,0.02553860109502057,0.020662843813781695,0.03824796708458872,0.023100722454401132,0.03581008844396928,0.058910810898370414,0.0,0.0,0.0,0.0
2024,target_preterm,0.05,39,307351,130149,175639,27488,33844,30632,38191,0.010229346903052217,0.020679939222582655,0.003914091706225115,0.020679939222582655,0.014143438609277331,0.010229346903052217,0.02459403092880777,0.012186392756164774,0.022636985075695212,0.034823377831859986,0.0,0.0,0.0,0.0
2024,target_preterm,0.1,39,307351,260299,351278,44212,54632,50496,62225,0.020445679369841013,0.03390260646622267,0.004258974267205867,0.03390260646622267,0.02470465363704688,0.020445679369841013,0.03816158073342854,0.022575166503443947,0.03603209359982561,0.058607260103269554,0.0,0.0,0.0,0.0
2024,target_preterm,0.05,40,308179,130149,175639,27585,34241,30630,38203,0.009880621327215677,0.02159783762034402,0.0029755434341730003,0.02159783762034402,0.012856164761388678,0.009880621327215677,0.02457338105451702,0.011368393044302177,0.02308560933743052,0.0344540023817327,0.0,0.0,0.0,0.0
2024,target_preterm,0.1,40,308179,260299,351278,44722,55224,50909,62794,0.020075994795232643,0.03407759775974353,0.004487651656991554,0.03407759775974353,0.024563646452224197,0.020075994795232643,0.03856524941673509,0.02231982062372842,0.03632142358823931,0.05864124421196773,0.0,0.0,0.0,0.0
2024,target_preterm,0.05,41,307681,130149,175639,27627,34039,30656,38257,0.00984461178948326,0.02083976586139541,0.0038643920164066065,0.02083976586139541,0.013709003805889866,0.00984461178948326,0.024704157877802016,0.011776807797686563,0.022771961869598713,0.034548769667285276,0.0,0.0,0.0,0.0
2024,target_preterm,0.1,41,307681,260299,351278,44630,55195,50824,62554,0.0201312398230635,0.03433751190356246,0.003786389149801256,0.03433751190356246,0.023917628972864757,0.0201312398230635,0.03812390105336372,0.02202443439796413,0.03623070647846309,0.05825514087642722,0.0,0.0,0.0,0.0
2024,target_preterm,0.05,42,306808,130149,175639,27699,34109,30639,38304,0.009582540220593988,0.020892545174832466,0.004090506114573289,0.020892545174832466,0.013673046335167277,0.009582540220593988,0.024983051289405755,0.011627793277880633,0.02293779823211911,0.034565591509999744,0.0,0.0,0.0,0.0
2024,target_preterm,0.1,42,306808,260299,351278,44837,55137,50881,62877,0.01969961669839118,0.03357148444629868,0.005527887147662364,0.03357148444629868,0.025227503846053545,0.01969961669839118,0.03909937159396104,0.022463560272222363,0.03633542802012986,0.05879898829235222,0.0,0.0,0.0,0.0
2024,target_preterm,0.05,43,307970,130149,175639,27804,34341,30645,38291,0.00922492450563367,0.021226093450660788,0.0036010000974120715,0.021226093450660788,0.01282592460304574,0.00922492450563367,0.02482709354807286,0.011025424554339705,0.023026593499366824,0.03405201805370653,0.0,0.0,0.0,0.0
2024,target_preterm,0.1,43,307970,260299,351278,44813,55131,50868,62800,0.01966100594213724,0.03350326330486736,0.005240770204890083,0.03350326330486736,0.02490177614702732,0.01966100594213724,0.03874403350975744,0.02228139104458228,0.0361236484073124,0.05840503945189468,0.0,0.0,0.0,0.0
2024,target_preterm,0.05,44,308255,130149,175639,27403,33924,30492,38036,0.010020924234805606,0.021154563591831446,0.0033186809621903873,0.021154563591831446,0.013339605196995993,0.010020924234805606,0.024473244554021834,0.0116802647159008,0.02281390407292664,0.03449416878882744,0.0,0.0,0.0,0.0
2024,target_preterm,0.1,44,308255,260299,351278,44418,54871,50686,62485,0.02033381453666608,0.03391023665471771,0.004366514736176191,0.03391023665471771,0.02470032927284227,0.02033381453666608,0.0382767513908939,0.022517071904754174,0.0360934940228058,0.05861056592755998,0.0,0.0,0.0,0.0
2024,target_preterm,0.05,45,307254,130149,175639,27406,33838,30548,37999,0.010226067032487782,0.02093382022691323,0.0033164743176655187,0.02093382022691323,0.0135425413501533,0.010226067032487782,0.02425029454457875,0.011884304191320541,0.02259205738574599,0.03447636157706653,0.0,0.0,0.0,0.0
2024,target_preterm,0.1,45,307254,260299,351278,44332,54741,50550,62419,0.020237328073841182,0.03387750851087376,0.00475176889479062,0.03387750851087376,0.024989096968631802,0.020237328073841182,0.03862927740566438,0.022613212521236492,0.03625339295826907,0.05886660547950556,0.0,0.0,0.0,0.0
2024,target_preterm,0.05,46,307792,130149,175639,27938,34458,30826,38570,0.00938295992098559,0.021183136663720945,0.003976711545459283,0.021183136663720945,0.013359671466444872,0.00938295992098559,0.025159848209180227,0.011371315693715231,0.023171492436450586,0.03454280813016582,0.0,0.0,0.0,0.0
2024,target_preterm,0.1,46,307792,260299,351278,45086,55594,51198,63098,0.019857566148567873,0.03413993865987422,0.004522534698757574,0.03413993865987422,0.024380100847325448,0.019857566148567873,0.038662473358631794,0.02211883349794666,0.03640120600925301,0.05852003950719967,0.0,0.0,0.0,0.0
2024,target_preterm,0.05,47,307830,130149,175639,27868,34293,30800,38505,0.009524737679888262,0.020871909820355403,0.004158139232693342,0.020871909820355403,0.013682876912581604,0.009524737679888262,0.025030049053048745,0.011603807296234933,0.022950979436702074,0.03455478673293701,0.0,0.0,0.0,0.0
2024,target_preterm,0.1,47,307830,260299,351278,44889,55306,50915,62753,0.019575739856414254,0.03384010655231784,0.004616184257544759,0.03384010655231784,0.024191924113959012,0.019575739856414254,0.0384562908098626,0.021883831985186633,0.03614819868109022,0.05803203066627685,0.0,0.0,0.0,0.0
2024,target_preterm,0.05,48,306580,130149,175639,27317,33772,30292,37981,0.009703829343075218,0.021054863330941365,0.0040250505577663215,0.021054863330941365,0.01372887990084154,0.009703829343075218,0.025079913888707686,0.011716354621958379,0.023067388609824525,0.034783743231782904,0.0,0.0,0.0,0.0
2024,target_preterm,0.1,48,306580,260299,351278,44257,54650,50329,62157,0.01980559723400091,0.0338997977689347,0.004680670624306854,0.0338997977689347,0.024486267858307764,0.01980559723400091,0.03858046839324156,0.022145932546154337,0.03624013308108813,0.05838606562724247,0.0,0.0,0.0,0.0
2024,target_preterm,0.05,49,307030,130149,175639,27474,33867,30460,38111,0.009725433996677857,0.020822069504608673,0.0040973194801810775,0.020822069504608673,0.013822753476858934,0.009725433996677857,0.02491938898478975,0.011774093736768396,0.02287072924469921,0.03464482298146761,0.0,0.0,0.0,0.0
2024,target_preterm,0.1,49,307030,260299,351278,44193,54570,50544,62236,0.020685275054554947,0.03379800019542065,0.004282969090968286,0.03379800019542065,0.024968244145523233,0.020685275054554947,0.03808096928638893,0.02282675960003909,0.03593948474090479,0.05876624434094388,0.0,0.0,0.0,0.0
2024,target_preterm,0.05,50,308104,130149,175639,27700,34179,30716,38268,0.009788902448523873,0.02102861371484953,0.003482590294186391,0.02102861371484953,0.013271492742710264,0.009788902448523873,0.02451120400903592,0.011530197595617069,0.022769908861942724,0.03430010645755979,0.0,0.0,0.0,0.0
2024,target_preterm,0.1,50,308104,260299,351278,44465,54841,50860,62612,0.020755978500765965,0.03367694025394022,0.004466024459273521,0.03367694025394022,0.025222002960039486,0.020755978500765965,0.03814296471321374,0.022988990730402725,0.03590995248357698,0.058898943213979704,0.0,0.0,0.0,0.0
2024,target_preterm,0.05,51,307552,130149,175639,27467,33919,30396,37996,0.009523592758297783,0.020978566226199147,0.003732702112163158,0.020978566226199147,0.013256294870460941,0.009523592758297783,0.024711268338362305,0.011389943814379362,0.022844917282280726,0.03423486109666009,0.0,0.0,0.0,0.0
2024,target_preterm,0.1,51,307552,260299,351278,44541,54889,50516,62406,0.019427608989699308,0.03364634273228592,0.005013786286546668,0.03364634273228592,0.024441395276245975,0.019427608989699308,0.03866012901883259,0.02193450213297264,0.036153235875559256,0.0580877380085319,0.0,0.0,0.0,0.0
2024,target_preterm,0.05,52,308085,130149,175639,28016,34461,31019,38616,0.009747309995618084,0.020919551422497032,0.003739227810506854,0.020919551422497032,0.013486537806124937,0.009747309995618084,0.024658779233003886,0.01161692390087151,0.02278916532775046,0.03440608922862197,0.0,0.0,0.0,0.0
2024,target_preterm,0.1,52,308085,260299,351278,45074,55467,51190,63133,0.019851664313420003,0.03373419673142153,0.005031079085317358,0.03373419673142153,0.02488274339873736,0.019851664313420003,0.03876527581673889,0.022367203856078682,0.03624973627408021,0.05861694013015889,0.0,0.0,0.0,0.0
2024,target_preterm,0.05,53,307802,130149,175639,27569,33981,30659,38188,0.010038921124619071,0.020831573544031548,0.003628956277087231,0.020831573544031548,0.013667877401706302,0.010038921124619071,0.02446052982111878,0.011853399263162687,0.022646051682575163,0.03449945094573785,0.0,0.0,0.0,0.0
2024,target_preterm,0.1,53,307802,260299,351278,44567,55012,50718,62601,0.01998362583738897,0.03393415247464279,0.004671834491003973,0.03393415247464279,0.024655460328392942,0.01998362583738897,0.038605986965646766,0.022319543082890955,0.03627006972014478,0.058589612803035734,0.0,0.0,0.0,0.0
2024,target_preterm,0.05,54,307668,130149,175639,27679,34042,30795,38398,0.010127800096207604,0.020681383829322525,0.004030318395153207,0.020681383829322525,0.01415811849136081,0.010127800096207604,0.02471170222447573,0.012142959293784207,0.02269654302689913,0.034839502320683335,0.0,0.0,0.0,0.0
2024,target_preterm,0.1,54,307668,260299,351278,44626,55118,50816,62553,0.02011908940806323,0.03410169403382868,0.00404656967900463,0.03410169403382868,0.02416565908706786,0.02011908940806323,0.03814826371283331,0.022142374247565544,0.03612497887333099,0.05826735312089654,0.0,0.0,0.0,0.0
2024,target_preterm,0.05,55,307613,130149,175639,27660,34054,30564,38277,0.009440433271675777,0.020785857554784737,0.004287855194676435,0.020785857554784737,0.013728288466352212,0.009440433271675777,0.02507371274946117,0.011584360869013995,0.022929785152122954,0.03451414602113695,0.0,0.0,0.0,0.0
2024,target_preterm,0.1,55,307613,260299,351278,44674,55077,50685,62833,0.01954078663775588,0.03381846670979444,0.005672712141554487,0.03381846670979444,0.025213498779310367,0.01954078663775588,0.039491178851348924,0.022377142708533124,0.03665482278057168,0.059031965489104804,0.0,0.0,0.0,0.0
2024,target_preterm,0.05,56,308376,130149,175639,27784,34297,30637,38285,0.009251692738734524,0.0211203206475212,0.0036805717695281154,0.0211203206475212,0.01293226450826264,0.009251692738734524,0.024800892417049317,0.011091978623498581,0.02296060653228526,0.03405258515578384,0.0,0.0,0.0,0.0
2024,target_preterm,0.1,56,308376,260299,351278,44903,55472,50846,62783,0.019271927776480652,0.03427309518250446,0.004436142890497319,0.03427309518250446,0.02370807066697797,0.019271927776480652,0.03870923807300178,0.02148999922172931,0.03649116662775312,0.05798116584948243,0.0,0.0,0.0,0.0
2024,target_preterm,0.05,57,308127,130149,175639,27622,34133,30641,38268,0.009797908005465289,0.021130897324804387,0.0036218831845310495,0.021130897324804387,0.013419791189996338,0.009797908005465289,0.024752780509335437,0.011608849597730814,0.022941838917069912,0.034550688514800726,0.0,0.0,0.0,0.0
2024,target_preterm,0.1,57,308127,260299,351278,44585,55060,50973,62746,0.02073171127489637,0.03399572254297739,0.004212548721793302,0.03399572254297739,0.02494425999668967,0.02073171127489637,0.03820827126477069,0.02283798563579302,0.03610199690387404,0.05893998253966706,0.0,0.0,0.0,0.0
2024,target_preterm,0.05,58,307155,130149,175639,27656,34078,30503,38137,0.009268935879279197,0.02090801061353388,0.003945890511305367,0.02090801061353388,0.013214826390584564,0.009268935879279197,0.024853901124839248,0.01124188113493188,0.022880955869186564,0.034122837004118445,0.0,0.0,0.0,0.0
2024,target_preterm,0.1,58,307155,260299,351278,44637,55197,50530,62448,0.019185753121388233,0.03438003613810617,0.004421220556396599,0.03438003613810617,0.02360697367778483,0.019185753121388233,0.03880125669450277,0.021396363399586532,0.03659064641630447,0.057987009815891,0.0,0.0,0.0,0.0
2024,target_preterm,0.05,59,308176,130149,175639,27759,34194,30679,38291,0.009475105134728212,0.020880925185608232,0.0038192461450599624,0.020880925185608232,0.013294351279788175,0.009475105134728212,0.024700171330668194,0.011384728207258193,0.022790548258138213,0.034175276465396406,0.0,0.0,0.0,0.0
2024,target_preterm,0.1,59,308176,260299,351278,44815,55243,50865,62735,0.019631639063392353,0.033837806967447176,0.004679144385026729,0.033837806967447176,0.024310783448419082,0.019631639063392353,0.038516951352473905,0.021971211255905718,0.03617737915996054,0.05814859041586626,0.0,0.0,0.0,0.0
2024,target_preterm,0.05,60,307156,130149,175639,27688,34053,30545,38185,0.009301462449048684,0.020722369089322693,0.004150985167146334,0.020722369089322693,0.013452447616195018,0.009301462449048684,0.024873354256469027,0.01137695503262185,0.02279786167289586,0.03417481670551771,0.0,0.0,0.0,0.0
2024,target_preterm,0.1,60,307156,260299,351278,44588,55022,50638,62461,0.019696831577439483,0.033969709203141074,0.004522132076208829,0.033969709203141074,0.024218963653648312,0.019696831577439483,0.0384918412793499,0.021957897615543898,0.03623077524124549,0.058188672856789386,0.0,0.0,0.0,0.0
2024,target_preterm,0.05,61,308164,130149,175639,27542,33998,30632,38196,0.01002712841214419,0.020949883828091542,0.0035954881167170605,0.020949883828091542,0.01362261652886125,0.01002712841214419,0.024545371944808603,0.01182487247050272,0.022747627886450072,0.03457250035695279,0.0,0.0,0.0,0.0
2024,target_preterm,0.1,61,308164,260299,351278,44422,54724,50692,62400,0.020346309108137228,0.033430251424566154,0.004562505678794404,0.033430251424566154,0.024908814786931632,0.020346309108137228,0.03799275710336056,0.02262756194753443,0.035711504263963356,0.058339066211497786,0.0,0.0,0.0,0.0
2024,target_preterm,0.05,62,308602,130149,175639,27873,34331,30841,38493,0.009617565667105213,0.020926630417171632,0.003869061120796352,0.020926630417171632,0.013486626787901565,0.009617565667105213,0.024795691537967984,0.011552096227503389,0.022861160977569808,0.0344132572050732,0.0,0.0,0.0,0.0
2024,target_preterm,0.1,62,308602,260299,351278,44863,55222,51055,63023,0.020064678777195227,0.033567507663592594,0.0052138352959475165,0.033567507663592594,0.025278514073142744,0.020064678777195227,0.03878134295954011,0.022671596425168986,0.03617442531156635,0.05884602173673534,0.0,0.0,0.0,0.0
2024,target_preterm,0.05,63,307504,130149,175639,27834,34342,30644,38452,0.009138092512617726,0.021163952338831366,0.004227587283417433,0.021163952338831366,0.01336567979603516,0.009138092512617726,0.0253915396222488,0.011251886154326443,0.023277745980540082,0.034529632134866525,0.0,0.0,0.0,0.0
2024,target_preterm,0.1,63,307504,260299,351278,44913,55318,51087,62878,0.020077787606014863,0.033836958218429664,0.004507258442166623,0.033836958218429664,0.024585046048181486,0.020077787606014863,0.038344216660596286,0.022331416827098174,0.036090587439512975,0.05842200426661115,0.0,0.0,0.0,0.0
2024,target_preterm,0.05,64,307334,130149,175639,27796,34399,30623,38237,0.009198461608543151,0.021484769013516244,0.003289580716744636,0.021484769013516244,0.012488042325287788,0.009198461608543151,0.02477434973026088,0.01084325196691547,0.023129559371888563,0.03397281133880403,0.0,0.0,0.0,0.0
2024,target_preterm,0.1,64,307334,260299,351278,44895,55354,50904,62744,0.01955201832533987,0.03403137954147606,0.004493482660558185,0.03403137954147606,0.024045500985898055,0.01955201832533987,0.038524862202034243,0.021798759655618963,0.03627812087175515,0.058076880527374114,0.0,0.0,0.0,0.0
2024,target_preterm,0.05,65,308078,130149,175639,27723,34297,30831,38377,0.010088354247950182,0.021338751874525275,0.0031550451509033545,0.021338751874525275,0.013243399398853536,0.010088354247950182,0.02449379702542863,0.01166587682340186,0.022916274449976952,0.03458215127337881,0.0,0.0,0.0,0.0
2024,target_preterm,0.1,65,308078,260299,351278,44792,55281,50972,62724,0.020059854971792856,0.034046572621219295,0.00409961113743923,0.034046572621219295,0.024159466109232086,0.020059854971792856,0.038146183758658525,0.02210966054051247,0.03609637818993891,0.05820603873045138,0.0,0.0,0.0,0.0
2024,target_preterm,0.05,66,308761,130149,175639,27721,34285,30872,38499,0.010205304426400996,0.02125916161691406,0.0034427923215691048,0.02125916161691406,0.013648096747970101,0.010205304426400996,0.024701953938483165,0.011926700587185549,0.022980557777698613,0.03490725836488416,0.0,0.0,0.0,0.0
2024,target_preterm,0.1,66,308761,260299,351278,44705,55047,51145,62811,0.020857556491914453,0.03349516292536947,0.004288106334673081,0.03349516292536947,0.025145662826587534,0.020857556491914453,0.03778326926004255,0.023001609659250993,0.03563921609270601,0.058640825751957004,0.0,0.0,0.0,0.0
2024,target_preterm,0.05,67,308018,130149,175639,27935,34337,30830,38458,0.00939880136875118,0.020784499607165816,0.003980286866351962,0.020784499607165816,0.013379088235103143,0.00939880136875118,0.024764786473517778,0.011388944801927162,0.022774643040341797,0.03416358784226896,0.0,0.0,0.0,0.0
2024,target_preterm,0.1,67,308018,260299,351278,44863,55322,50891,62818,0.019570284853482584,0.03395580777746754,0.004765955236382319,0.03395580777746754,0.024336240089864902,0.019570284853482584,0.03872176301384986,0.021953262471673743,0.0363387853956587,0.05829204786733244,0.0,0.0,0.0,0.0
2024,target_preterm,0.05,68,307373,130149,175639,27559,33932,30537,38127,0.009688554297221944,0.020733766466150244,0.003959358824620257,0.020733766466150244,0.0136479131218422,0.009688554297221944,0.0246931252907705,0.011668233709532072,0.022713445878460373,0.034381679587992445,0.0,0.0,0.0,0.0
2024,target_preterm,0.1,68,307373,260299,351278,44404,54624,50441,62299,0.019640632065926422,0.0332495046734749,0.005329030201091184,0.0332495046734749,0.024969662267017606,0.019640632065926422,0.038578534874566084,0.022305147166472014,0.03591401977402049,0.058219166940492506,0.0,0.0,0.0,0.0
2024,target_preterm,0.05,69,308010,130149,175639,27447,33946,30397,37988,0.009577611116522194,0.0210999642868738,0.003545339437031267,0.0210999642868738,0.013122950553553461,0.009577611116522194,0.024645303723905068,0.011350280835037828,0.022872634005389435,0.03422291484042726,0.0,0.0,0.0,0.0
2024,target_preterm,0.1,69,308010,260299,351278,44433,54897,50606,62481,0.02004155709230218,0.03397292295704685,0.004581020096750099,0.03397292295704685,0.02462257718905228,0.02004155709230218,0.038553943053796946,0.02233206714067723,0.0362634330054219,0.05859550014609913,0.0,0.0,0.0,0.0
2024,target_preterm,0.05,70,307072,130149,175639,27464,33774,30469,38135,0.009785978532721964,0.020548926636098377,0.004415902459358065,0.020548926636098377,0.01420188099208003,0.009785978532721964,0.024964829095456442,0.011993929762400997,0.02275687786577741,0.03475080762817841,0.0,0.0,0.0,0.0
2024,target_preterm,0.1,70,307072,260299,351278,44161,54534,50511,62305,0.02067918924551898,0.033780351187994995,0.004627579199666526,0.033780351187994995,0.025306768445185507,0.02067918924551898,0.03840793038766152,0.022992978845352244,0.03609414078782826,0.0590871196331805,0.0,0.0,0.0,0.0
2024,target_preterm,0.05,71,306456,130149,175639,27814,34306,30760,38406,0.009613125538413342,0.021184117785261178,0.003765630302555681,0.021184117785261178,0.013378755840969023,0.009613125538413342,0.02494974808781686,0.011495940689691182,0.02306693293653902,0.0345628736262302,0.0,0.0,0.0,0.0
2024,target_preterm,0.1,71,306456,260299,351278,44607,55007,50967,62759,0.020753387109405608,0.03393635627953115,0.004542250763568012,0.03393635627953115,0.02529563787297362,0.020753387109405608,0.03847860704309916,0.023024512491189614,0.036207481661315155,0.05923199415250477,0.0,0.0,0.0,0.0
2024,target_preterm,0.05,72,308339,130149,175639,27764,34234,30794,38570,0.009826846425525157,0.020983398142953053,0.0042355978322560495,0.020983398142953053,0.014062444257781206,0.009826846425525157,0.025218995975209102,0.011944645341653182,0.023101197059081077,0.03504584240073426,0.0,0.0,0.0,0.0
2024,target_preterm,0.1,72,308339,260299,351278,44794,55165,51071,63050,0.020357463700667128,0.03363505751786183,0.005215039291169787,0.03363505751786183,0.025572502991836915,0.020357463700667128,0.03885009680903162,0.02296498334625202,0.036242577163446726,0.05920756050969875,0.0,0.0,0.0,0.0
2024,target_preterm,0.05,73,307811,130149,175639,27669,34131,30722,38478,0.009918423967954365,0.02099340179525748,0.004203878353924967,0.02099340179525748,0.014122302321879332,0.009918423967954365,0.025197280149182447,0.012020363144916849,0.023095340972219963,0.03511570411713681,0.0,0.0,0.0,0.0
2024,target_preterm,0.1,73,307811,260299,351278,44656,55127,50943,62872,0.020424871105970882,0.03401762770011468,0.004736672828456412,0.03401762770011468,0.025161543934427294,0.020424871105970882,0.038754300528571095,0.022793207520199088,0.03638596411434289,0.05917917163454198,0.0,0.0,0.0,0.0
2024,target_preterm,0.05,74,307851,130149,175639,27706,34214,30756,38360,0.009907390263471622,0.021140096994974836,0.0035601638454966916,0.021140096994974836,0.013467554108968313,0.009907390263471622,0.024700260840471527,0.011687472186219967,0.02292017891772318,0.03460765110394315,0.0,0.0,0.0,0.0
2024,target_preterm,0.1,74,307851,260299,351278,44741,55289,50839,62687,0.01980828387759012,0.03426332868822904,0.004222822079512495,0.03426332868822904,0.024031105957102616,0.01980828387759012,0.038486150767741534,0.02191969491734637,0.036374739727985286,0.058294434645331655,0.0,0.0,0.0,0.0
2024,target_preterm,0.05,75,307344,130149,175639,27504,33892,30345,38018,0.009243713884116822,0.02078452808579312,0.004180982872611802,0.02078452808579312,0.013424696756728624,0.009243713884116822,0.02496551095840492,0.011334205320422723,0.02287501952209902,0.03420922484252174,0.0,0.0,0.0,0.0
2024,target_preterm,0.1,75,307344,260299,351278,44525,54787,50416,62347,0.019167447550627326,0.03338929668384613,0.00543039720964128,0.03338929668384613,0.024597844760268606,0.019167447550627326,0.03881969389348741,0.021882646155447966,0.03610449528866677,0.05798714144411474,0.0,0.0,0.0,0.0
2024,target_preterm,0.05,76,307933,130149,175639,27540,34059,30638,38153,0.01006063007212607,0.0211701896191704,0.003234469835970824,0.0211701896191704,0.013295099908096894,0.01006063007212607,0.024404659455141225,0.011677864990111482,0.022787424537155813,0.034465289527267295,0.0,0.0,0.0,0.0
2024,target_preterm,0.1,76,307933,260299,351278,44575,54780,50776,62537,0.020137497442625496,0.03314032598000213,0.005053047253785747,0.03314032598000213,0.025190544696411243,0.020137497442625496,0.03819337323378788,0.02266402106951837,0.03566684960689501,0.05833087067641338,0.0,0.0,0.0,0.0
2024,target_preterm,0.05,77,307840,130149,175639,27605,34151,30509,37997,0.009433471933471937,0.021264293139293136,0.0030600311850311895,0.021264293139293136,0.012493503118503127,0.009433471933471937,0.024324324324324326,0.010963487525987532,0.02279430873180873,0.03375779625779626,0.0,0.0,0.0,0.0
2024,target_preterm,0.1,77,307840,260299,351278,44813,55377,50614,62495,0.018844204781704788,0.034316528066528074,0.004278196465696438,0.034316528066528074,0.023122401247401225,0.018844204781704788,0.03859472453222451,0.020983303014553006,0.03645562629937629,0.0574389293139293,0.0,0.0,0.0,0.0
2024,target_preterm,0.05,78,307832,130149,175639,27601,34046,30604,38269,0.009755321084227747,0.020936744717898068,0.003963200706879097,0.020936744717898068,0.013718521791106844,0.009755321084227747,0.024899945424777165,0.011736921437667296,0.022918345071337616,0.03465526650900491,0.0,0.0,0.0,0.0
2024,target_preterm,0.1,78,307832,260299,351278,44471,54890,50703,62457,0.02024480885677904,0.033846383741781255,0.004336781101379944,0.033846383741781255,0.024581589958158984,0.02024480885677904,0.0381831648431612,0.02241319940746901,0.03601477429247123,0.05842797369994024,0.0,0.0,0.0,0.0
2024,target_preterm,0.05,79,307886,130149,175639,27662,34218,30457,38142,0.009078035376730353,0.02129359568151848,0.0036669416602248955,0.02129359568151848,0.012744977036955249,0.009078035376730353,0.024960537341743375,0.010911506206842801,0.023127066511630927,0.03403857271847373,0.0,0.0,0.0,0.0
2024,target_preterm,0.1,79,307886,260299,351278,44795,55246,50818,62818,0.019562435446886184,0.03394438201152372,0.005031082933293518,0.03394438201152372,0.024593518380179702,0.019562435446886184,0.03897546494481724,0.022077976913532943,0.03645992347817048,0.058537900391703424,0.0,0.0,0.0,0.0
2024,target_preterm,0.05,80,307521,130149,175639,27360,33779,30387,37898,0.009843230218424107,0.020873371249443134,0.0035509770064483387,0.020873371249443134,0.013394207224872445,0.009843230218424107,0.024424348255891473,0.011618718721648276,0.022648859752667304,0.03426757847431558,0.0,0.0,0.0,0.0
2024,target_preterm,0.1,80,307521,260299,351278,44359,54855,50327,62286,0.019406804738538203,0.034131002435606045,0.004757398681716013,0.034131002435606045,0.024164203420254216,0.019406804738538203,0.03888840111732206,0.02178550407939621,0.03650970177646405,0.05829520585586026,0.0,0.0,0.0,0.0
2024,target_preterm,0.05,81,307969,130149,175639,27831,34212,30820,38541,0.009705522309063574,0.020719617883618147,0.004351087284759178,0.020719617883618147,0.014056609593822753,0.009705522309063574,0.025070705168377325,0.011881065951443164,0.022895161525997736,0.0347762274774409,0.0,0.0,0.0,0.0
2024,target_preterm,0.1,81,307969,260299,351278,44710,55016,50963,62728,0.020303991635521768,0.03346440713188664,0.004737489812286305,0.03346440713188664,0.025041481447808073,0.020303991635521768,0.03820189694417295,0.02267273654166492,0.035833152038029795,0.058505888579694715,0.0,0.0,0.0,0.0
2024,target_preterm,0.05,82,307642,130149,175639,27859,34399,30891,38470,0.00985561139246266,0.021258475760786877,0.003377302188907902,0.021258475760786877,0.013232913581370562,0.00985561139246266,0.02463577794969478,0.01154426248691661,0.022947126855240828,0.03449138934215744,0.0,0.0,0.0,0.0
2024,target_preterm,0.1,82,307642,260299,351278,44639,55023,51156,62754,0.021183713537163307,0.03375351870030749,0.0039461451947393755,0.03375351870030749,0.025129858731902682,0.021183713537163307,0.037699663895046864,0.023156786134532995,0.03572659129767718,0.05888337743221017,0.0,0.0,0.0,0.0
2024,target_preterm,0.05,83,307692,130149,175639,27563,33905,30766,38382,0.01040976040976041,0.02061152061152062,0.004140504140504139,0.02061152061152062,0.01455026455026455,0.01040976040976041,0.02475202475202476,0.01248001248001248,0.02268177268177269,0.03516178516178517,0.0,0.0,0.0,0.0
2024,target_preterm,0.1,83,307692,260299,351278,44503,55086,50810,62762,0.020497770497770518,0.03439478439478441,0.004449254449254425,0.03439478439478441,0.024947024947024943,0.020497770497770518,0.038844038844038836,0.02272239772239773,0.036619411619411624,0.059341809341809354,0.0,0.0,0.0,0.0
2024,target_preterm,0.05,84,307991,130149,175639,27586,34101,30637,38309,0.009906133620787613,0.0211532155160378,0.0037566032773685004,0.0211532155160378,0.013662736898156114,0.009906133620787613,0.0249098187934063,0.011784435259471863,0.02303151715472205,0.03481595241419391,0.0,0.0,0.0,0.0
2024,target_preterm,0.1,84,307991,260299,351278,44539,54902,50883,62730,0.020598004487144106,0.033647087090207195,0.0048183226133231005,0.033647087090207195,0.025416327100467206,0.020598004487144106,0.038465409703530296,0.023007165793805656,0.036056248396868745,0.0590634141906744,0.0,0.0,0.0,0.0
2024,target_preterm,0.05,85,307981,130149,175639,27869,34357,30832,38468,0.009620723356310937,0.021066234605381498,0.0037275026706193037,0.021066234605381498,0.01334822602693024,0.009620723356310937,0.024793737276000802,0.011484474691620589,0.02292998594069115,0.03441446063231174,0.0,0.0,0.0,0.0
2024,target_preterm,0.1,85,307981,260299,351278,44860,55174,51089,62950,0.0202252736370101,0.033489078871748595,0.005023037135407665,0.033489078871748595,0.025248310772417765,0.0202252736370101,0.03851211600715626,0.022736792204713932,0.03600059743945243,0.05873738964416636,0.0,0.0,0.0,0.0
2024,target_preterm,0.05,86,308287,130149,175639,28115,34611,31020,38753,0.00942303762403214,0.02107127449422129,0.004012494850577558,0.02107127449422129,0.013435532474609699,0.00942303762403214,0.025083769344798848,0.01142928504932092,0.02307752191951007,0.03450680696883099,0.0,0.0,0.0,0.0
2024,target_preterm,0.1,86,308287,260299,351278,45030,55496,51301,63127,0.020341435091327242,0.033948885291952,0.00441147372415962,0.033948885291952,0.024752908815486863,0.020341435091327242,0.03836035901611162,0.022547171953407052,0.03615462215403181,0.058701794107438865,0.0,0.0,0.0,0.0
2024,target_preterm,0.05,87,307034,130149,175639,27569,34107,30518,38136,0.00960479946846278,0.021294058638456986,0.0035175257463342796,0.021294058638456986,0.01312232521479706,0.00960479946846278,0.024811584384791266,0.01136356234162992,0.023052821511624126,0.034416383853254046,0.0,0.0,0.0,0.0
2024,target_preterm,0.1,87,307034,260299,351278,44628,55063,50646,62522,0.019600435130962712,0.0339864640398132,0.004693291296729324,0.0339864640398132,0.024293726427692036,0.019600435130962712,0.038679755336542526,0.021947080779327374,0.036333109688177864,0.05828019046750524,0.0,0.0,0.0,0.0
2024,target_preterm,0.05,88,306717,130149,175639,27602,34077,30543,38118,0.009588643603060804,0.02111066553207029,0.0035863678896181084,0.02111066553207029,0.013175011492678912,0.009588643603060804,0.0246970334216884,0.011381827547869858,0.022903849476879345,0.0342856770247492,0.0,0.0,0.0,0.0
2024,target_preterm,0.1,88,306717,260299,351278,44647,54929,50729,62546,0.01982935409514308,0.03352275876459407,0.005004613373239819,0.03352275876459407,0.0248339674683829,0.01982935409514308,0.03852737213783389,0.02233166078176299,0.03602506545121398,0.05835672623297697,0.0,0.0,0.0,0.0
2024,target_preterm,0.05,89,307137,130149,175639,27647,34105,30682,38151,0.009881583788342016,0.021026447481091504,0.003291690678752471,0.021026447481091504,0.013173274467094487,0.009881583788342016,0.024318138159843974,0.011527429127718251,0.02267229282046774,0.03419972194818599,0.0,0.0,0.0,0.0
2024,target_preterm,0.1,89,307137,260299,351278,44750,55214,50637,62480,0.019167342260945464,0.0340694869064945,0.0044898530623141975,0.0340694869064945,0.02365719532325966,0.019167342260945464,0.0385593399688087,0.021412268792102562,0.0363144134376516,0.05772668222975416,0.0,0.0,0.0,0.0
2024,target_preterm,0.05,90,307525,130149,175639,27528,34051,30499,38074,0.009661003170473942,0.021211283635476794,0.003420860092675393,0.021211283635476794,0.013081863263149335,0.009661003170473942,0.024632143728152187,0.011371433216811638,0.02292171368181449,0.03429314689862613,0.0,0.0,0.0,0.0
2024,target_preterm,0.1,90,307525,260299,351278,44603,54934,50660,62550,0.01969595967807497,0.033594016746605976,0.005069506544183394,0.033594016746605976,0.024765466222258364,0.01969595967807497,0.03866352329078937,0.022230712950166667,0.03612877001869767,0.05835948296886434,0.0,0.0,0.0,0.0
2024,target_preterm,0.05,91,308615,130149,175639,27504,34058,30555,38136,0.009886104045493588,0.021236816097726943,0.0033277708471720346,0.021236816097726943,0.013213874892665622,0.009886104045493588,0.024564586944898978,0.011549989469079605,0.02290070152131296,0.034450690990392566,0.0,0.0,0.0,0.0
2024,target_preterm,0.1,91,308615,260299,351278,44578,55212,50694,62558,0.019817572055797678,0.034457171556794064,0.00398554833692466,0.034457171556794064,0.023803120392722338,0.019817572055797678,0.038442719893718724,0.021810346224260008,0.036449945725256394,0.0582602919495164,0.0,0.0,0.0,0.0
2024,target_preterm,0.05,92,307629,130149,175639,27721,34126,30742,38327,0.009820270520659632,0.020820533824834467,0.0038357892136306887,0.020820533824834467,0.013656059734290321,0.009820270520659632,0.024656323038465155,0.011738165127474977,0.02273842843164981,0.03447659355912479,0.0,0.0,0.0,0.0
2024,target_preterm,0.1,92,307629,260299,351278,44765,55171,50729,62644,0.019386988872960614,0.03382645979410265,0.004905259257092148,0.03382645979410265,0.024292248130052763,0.019386988872960614,0.038731719051194796,0.02183961850150669,0.03627908942264872,0.05811870792415541,0.0,0.0,0.0,0.0
2024,target_preterm,0.05,93,306998,130149,175639,27595,33955,30394,38033,0.009117323239890812,0.020716747340373556,0.004166150919549957,0.020716747340373556,0.01328347415944077,0.009117323239890812,0.024882898259923514,0.011200398699665791,0.022799822800148535,0.034000221499814326,0.0,0.0,0.0,0.0
2024,target_preterm,0.1,93,306998,260299,351278,44428,54923,50579,62520,0.020035961146326692,0.0341858904618271,0.004710128404745301,0.0341858904618271,0.024746089551071992,0.020035961146326692,0.0388960188665724,0.022391025348699342,0.03654095466419975,0.05893198001289909,0.0,0.0,0.0,0.0
2024,target_preterm,0.05,94,307194,130149,175639,27716,34185,30844,38471,0.010182490543435091,0.021058354004309984,0.0037696048750952282,0.021058354004309984,0.01395209541853032,0.010182490543435091,0.024827958879405213,0.012067292980982705,0.0229431564418576,0.035010449422840303,0.0,0.0,0.0,0.0
2024,target_preterm,0.1,94,307194,260299,351278,44767,55296,50993,62944,0.0202673229294843,0.03427475797053328,0.004628996660091006,0.03427475797053328,0.024896319589575305,0.0202673229294843,0.03890375463062429,0.022581821259529802,0.036589256300578785,0.05917107756010859,0.0,0.0,0.0,0.0
2024,target_preterm,0.05,95,306746,130149,175639,27772,34146,30776,38420,0.009793118736674641,0.020779407066432817,0.00414023328747562,0.020779407066432817,0.013933352024150261,0.009793118736674641,0.024919640353908437,0.011863235380412451,0.022849523710170627,0.03471275909058308,0.0,0.0,0.0,0.0
2024,target_preterm,0.1,95,306746,260299,351278,44654,54966,50862,62755,0.02023824271547145,0.03361739028381788,0.005154101438975545,0.03361739028381788,0.025392344154446994,0.02023824271547145,0.03877149172279343,0.022815293434959222,0.036194441003305655,0.05900973443826488,0.0,0.0,0.0,0.0
2024,target_preterm,0.05,96,307297,130149,175639,27859,34266,30879,38443,0.009827626042558171,0.02084953644194379,0.0037650871957747856,0.02084953644194379,0.013592713238332957,0.009827626042558171,0.024614623637718575,0.011710169640445564,0.022732080039831182,0.034442249680276746,0.0,0.0,0.0,0.0
2024,target_preterm,0.1,96,307297,260299,351278,44819,55217,50991,62766,0.020084803951877173,0.03383697204984104,0.004481006973709456,0.03383697204984104,0.02456581092558663,0.020084803951877173,0.0383179790235505,0.0223253074387319,0.03607747553669577,0.05840278297542767,0.0,0.0,0.0,0.0
2024,target_preterm,0.05,97,307755,130149,175639,27773,34237,30864,38541,0.01004370359539243,0.021003720491949762,0.0039414469301879695,0.021003720491949762,0.0139851505255804,0.01004370359539243,0.024945167422137732,0.012014427060486416,0.022974443957043747,0.03498887101753016,0.0,0.0,0.0,0.0
2024,target_preterm,0.1,97,307755,260299,351278,44810,55275,50931,63024,0.01988919757599389,0.034004321619470035,0.005289922178356166,0.034004321619470035,0.025179119754350054,0.01988919757599389,0.0392942437978262,0.02253415866517197,0.03664928270864812,0.05918344137382009,0.0,0.0,0.0,0.0
2024,target_preterm,0.05,98,307307,130149,175639,27544,34046,30728,38246,0.010360974530355643,0.021157995099363183,0.0033061401139576896,0.021157995099363183,0.013667114644313333,0.010360974530355643,0.024464135213320873,0.012014044587334488,0.022811065156342028,0.034825109743676516,0.0,0.0,0.0,0.0
2024,target_preterm,0.1,98,307307,260299,351278,44537,54923,50733,62686,0.02016224817527751,0.033796822070437715,0.005099135392294979,0.033796822070437715,0.025261383567572487,0.02016224817527751,0.038895957462732694,0.022711815871424998,0.036346389766585205,0.0590582056380102,0.0,0.0,0.0,0.0
2024,target_preterm,0.05,99,307503,130149,175639,27736,34253,30586,38285,0.009268202261441358,0.02119328917116256,0.0038438649379030354,0.02119328917116256,0.013112067199344393,0.009268202261441358,0.025037154109065596,0.011190134730392876,0.023115221640114078,0.034305356370506954,0.0,0.0,0.0,0.0
2024,target_preterm,0.1,99,307503,260299,351278,44805,55115,50677,62686,0.01909574865936267,0.03352812818086329,0.005525149348136443,0.03352812818086329,0.024620898007499115,0.01909574865936267,0.03905327752899973,0.021858323333430893,0.03629070285493151,0.0581490261883624,0.0,0.0,0.0,0.0
2024,target_preterm,0.05,100,307723,130149,175639,27682,34285,30775,38317,0.010051247388073045,0.021457609603442063,0.003051445618299564,0.021457609603442063,0.01310269300637261,0.010051247388073045,0.024509055221741627,0.011576970197222827,0.022983332412591845,0.03456030260981467,0.0,0.0,0.0,0.0
2024,target_preterm,0.1,100,307723,260299,351278,44777,55199,50962,62830,0.020099245100301255,0.03386812165486494,0.004699031271630655,0.03386812165486494,0.02479827637193191,0.020099245100301255,0.038567152926495596,0.022448760736116583,0.03621763729068027,0.05866639802679685,0.0,0.0,0.0,0.0
2024,target_preterm,0.05,101,307856,130149,175639,27779,34305,30654,38340,0.00933878176809938,0.021198222545605744,0.003767995426433135,0.021198222545605744,0.013106777194532515,0.00933878176809938,0.02496621797203888,0.011222779481315948,0.02308222025882231,0.03430499974013826,0.0,0.0,0.0,0.0
2024,target_preterm,0.1,101,307856,260299,351278,44959,55545,50888,62877,0.0192590042097604,0.034386206538121716,0.004557325502832499,0.034386206538121716,0.0238163297125929,0.0192590042097604,0.038943532040954215,0.02153766696117665,0.036664869289537966,0.058202536250714615,0.0,0.0,0.0,0.0
2024,target_preterm,0.05,102,307270,130149,175639,27565,34076,30623,38259,0.009952159338692354,0.021189833045855436,0.0036612751000748567,0.021189833045855436,0.01361343443876721,0.009952159338692354,0.024851108145930292,0.011782796888729782,0.023020470595892864,0.034803267484622646,0.0,0.0,0.0,0.0
2024,target_preterm,0.1,102,307270,260299,351278,44426,54908,50830,62437,0.02084160510300387,0.03411332053243074,0.0036612751000748567,0.03411332053243074,0.024502880203078725,0.02084160510300387,0.0377745956325056,0.022672242653041297,0.03594395808246817,0.058616200735509466,0.0,0.0,0.0,0.0
2024,target_preterm,0.05,103,307979,130149,175639,27757,34177,30709,38271,0.009585069111855027,0.02084557713350585,0.0037080450290441908,0.02084557713350585,0.013293114140899218,0.009585069111855027,0.02455362216255004,0.011439091626377122,0.022699599648027945,0.03413869127440507,0.0,0.0,0.0,0.0
2024,target_preterm,0.1,103,307979,260299,351278,44651,55188,50679,62616,0.01957276307800207,0.034213371690926975,0.0045457644839420885,0.034213371690926975,0.02411852756194416,0.01957276307800207,0.03875913617486906,0.021845645319973114,0.03648625393289802,0.05833189925287113,0.0,0.0,0.0,0.0
2024,target_preterm,0.05,104,308547,130149,175639,27932,34398,30734,38384,0.009081274489786004,0.02095628866914928,0.0038373408265191256,0.02095628866914928,0.01291861531630513,0.009081274489786004,0.024793629495668407,0.010999944903045566,0.022874959082408844,0.03387490398545441,0.0,0.0,0.0,0.0
2024,target_preterm,0.1,104,308547,260299,351278,44927,55557,50899,62728,0.019355235993219838,0.034451801508360164,0.0038859557863145655,0.034451801508360164,0.023241191779534404,0.019355235993219838,0.03833775729467473,0.02129821388637712,0.036394779401517446,0.05769299328789457,0.0,0.0,0.0,0.0
2024,target_preterm,0.05,105,307618,130149,175639,27643,34025,30756,38330,0.010119693906078309,0.02074651028223315,0.003874935796994994,0.02074651028223315,0.013994629703073302,0.010119693906078309,0.024621446079228143,0.012057161804575806,0.022683978180730646,0.03474113998530645,0.0,0.0,0.0,0.0
2024,target_preterm,0.1,105,307618,260299,351278,44481,54923,50798,62605,0.02053520925303462,0.03394469764448116,0.004437321613169565,0.03394469764448116,0.024972530866204184,0.02053520925303462,0.038382019257650724,0.022753870059619402,0.03616335845106594,0.05891722851068534,0.0,0.0,0.0,0.0
2024,target_preterm,0.05,106,307918,130149,175639,27682,34026,30778,38426,0.01005462493261193,0.020602887781812046,0.0042348937054670355,0.020602887781812046,0.014289518638078966,0.01005462493261193,0.02483778148727908,0.012172071785345448,0.022720334634545564,0.03489240641989101,0.0,0.0,0.0,0.0
2024,target_preterm,0.1,106,307918,260299,351278,44732,55041,50802,62780,0.019713040484804406,0.033479692645444564,0.005420274228853134,0.033479692645444564,0.02513331471365754,0.019713040484804406,0.0388999668742977,0.022423177599230973,0.03618982975987113,0.058613007359102104,0.0,0.0,0.0,0.0
2024,target_preterm,0.05,107,307695,130149,175639,27701,34219,30593,38218,0.009398917759469605,0.021183314645996848,0.0035977185199629474,0.021183314645996848,0.012996636279432552,0.009398917759469605,0.024781033165959795,0.011197777019451079,0.02298217390597832,0.0341799509254294,0.0,0.0,0.0,0.0
2024,target_preterm,0.1,107,307695,260299,351278,44657,54954,50735,62594,0.019753327158387374,0.03346495718162468,0.005076455581013661,0.03346495718162468,0.024829782739401035,0.019753327158387374,0.03854141276263834,0.022291554948894204,0.03600318497213151,0.05829473992102571,0.0,0.0,0.0,0.0
2024,target_preterm,0.05,108,307668,130149,175639,27489,33967,30664,38209,0.010319565245654402,0.021055163357905277,0.0034680239738939383,0.021055163357905277,0.01378758921954834,0.010319565245654402,0.024523187331799215,0.012053577232601372,0.022789175344852246,0.03484275257745362,0.0,0.0,0.0,0.0
2024,target_preterm,0.1,108,307668,260299,351278,44457,54878,50686,62441,0.020245849422104334,0.03387092580313844,0.004335842531560025,0.03387092580313844,0.02458169195366436,0.020245849422104334,0.038206768334698465,0.022413770687884346,0.03603884706891845,0.0584526177568028,0.0,0.0,0.0,0.0
2024,target_preterm,0.05,109,307942,130149,175639,27975,34450,30981,38551,0.00976157847906424,0.021026686843626394,0.003555864416026386,0.021026686843626394,0.013317442895090625,0.00976157847906424,0.02458255125965278,0.011539510687077432,0.022804619051639587,0.03434412973871702,0.0,0.0,0.0,0.0
2024,target_preterm,0.1,109,307942,260299,351278,44911,55318,51043,62891,0.019912840729747805,0.03379532509368646,0.004679452624195474,0.03379532509368646,0.02459229335394328,0.019912840729747805,0.038474777717881936,0.022252567041845542,0.0361350514057842,0.05838761844762974,0.0,0.0,0.0,0.0
2024,target_preterm,0.05,110,308519,130149,175639,27725,34265,30799,38438,0.009963729948560707,0.02119804614950782,0.0035621793147261466,0.02119804614950782,0.013525909263286853,0.009963729948560707,0.024760225464233968,0.01174481960592378,0.022979135806870894,0.034723955412794674,0.0,0.0,0.0,0.0
2024,target_preterm,0.1,110,308519,260299,351278,44666,55034,51056,62816,0.020711852430482403,0.03360570985903624,0.00451187771255579,0.03360570985903624,0.025223730143038192,0.020711852430482403,0.03811758757159203,0.022967791286760297,0.03586164871531414,0.058829440002074435,0.0,0.0,0.0,0.0
2024,target_preterm,0.05,111,307596,130149,175639,27823,34198,30686,38456,0.009307663298612462,0.020725236999180746,0.004535169508056006,0.020725236999180746,0.013842832806668467,0.009307663298612462,0.025260406507236752,0.011575248052640465,0.02299282175320875,0.034568069805849214,0.0,0.0,0.0,0.0
2024,target_preterm,0.1,111,307596,260299,351278,44924,55235,50964,62931,0.0196361461137336,0.03352124214879257,0.0053836850934342595,0.03352124214879257,0.02501983120716786,0.0196361461137336,0.03890492724222683,0.02232798866045073,0.0362130846955097,0.05854107335596043,0.0,0.0,0.0,0.0
2024,target_preterm,0.05,112,308258,130149,175639,27934,34357,30959,38578,0.009813208416326574,0.020836442201013425,0.003879866864769127,0.020836442201013425,0.013693075281095701,0.009813208416326574,0.024716309065782552,0.011753141848711138,0.02277637563339799,0.034529517482109126,0.0,0.0,0.0,0.0
2024,target_preterm,0.1,112,308258,260299,351278,44892,55484,51103,62990,0.02014870660291057,0.034360827618423545,0.00420102641293979,0.034360827618423545,0.02434973301585036,0.02014870660291057,0.038561854031363335,0.022249219809380466,0.03646134082489344,0.058710560634273906,0.0,0.0,0.0,0.0
2024,target_preterm,0.05,113,307729,130149,175639,27688,34159,30746,38391,0.00993731497518921,0.021028242382095927,0.0038150450558770976,0.021028242382095927,0.013752360031066307,0.00993731497518921,0.024843287437973025,0.011844837503127759,0.022935764910034476,0.034780602413162234,0.0,0.0,0.0,0.0
2024,target_preterm,0.1,113,307729,260299,351278,44555,54928,50989,62764,0.02090800672019863,0.033708230293537506,0.004555956702163244,0.033708230293537506,0.025463963422361874,0.02090800672019863,0.03826418699570075,0.023185985071280252,0.03598620864461913,0.05917219371589938,0.0,0.0,0.0,0.0
2024,target_preterm,0.05,114,306446,130149,175639,27596,34096,30611,38235,0.009838601254380866,0.021210914810439685,0.0036678566533744905,0.021210914810439685,0.013506457907755356,0.009838601254380866,0.024878771463814175,0.011672529581068111,0.02304484313712693,0.03471737271819504,0.0,0.0,0.0,0.0
2024,target_preterm,0.1,114,306446,260299,351278,44636,54843,50821,62560,0.020183001246549148,0.033307662687716594,0.004999249459937488,0.033307662687716594,0.025182250706486636,0.020183001246549148,0.03830691214765408,0.022682625976517892,0.03580728741768534,0.05848991339420323,0.0,0.0,0.0,0.0
2024,target_preterm,0.05,115,307413,130149,175639,28015,34461,30935,38682,0.00949862237446042,0.020968534186908167,0.0042320916812236264,0.020968534186908167,0.013730714055684046,0.00949862237446042,0.025200625868131793,0.011614668215072232,0.02308458002751998,0.03469924824259221,0.0,0.0,0.0,0.0
2024,target_preterm,0.1,115,307413,260299,351278,44963,55130,51185,63042,0.0202398727444838,0.033072771808609264,0.005497490346862366,0.033072771808609264,0.025737363091346166,0.0202398727444838,0.03857026215547163,0.022988617917914983,0.03582151698204045,0.05881013489995543,0.0,0.0,0.0,0.0
2024,target_preterm,0.05,116,308268,130149,175639,27686,34131,30737,38362,0.009897232278407095,0.020907132754616115,0.0038278381148870444,0.020907132754616115,0.01372507039329414,0.009897232278407095,0.02473497086950316,0.011811151335850617,0.022821051812059637,0.034632203147910254,0.0,0.0,0.0,0.0
2024,target_preterm,0.1,116,308268,260299,351278,44622,54981,50764,62627,0.019924221781047663,0.033603877145860106,0.004878871631178061,0.033603877145860106,0.024803093412225724,0.019924221781047663,0.03848274877703817,0.022363657596636694,0.03604331296144914,0.05840697055808583,0.0,0.0,0.0,0.0
2024,target_preterm,0.05,117,306448,130149,175639,27491,33965,30458,38013,0.009681903618232138,0.021125933274160708,0.0035275152717589853,0.021125933274160708,0.013209418889991123,0.009681903618232138,0.024653448545919693,0.01144566125411163,0.0228896909100402,0.03433535216415183,0.0,0.0,0.0,0.0
2024,target_preterm,0.1,117,306448,260299,351278,44566,54921,50597,62514,0.019680337283976418,0.03379039837101239,0.0050971127238552405,0.03379039837101239,0.02477745000783166,0.019680337283976418,0.03888751109486763,0.022228893645904038,0.03633895473294001,0.058567848378844045,0.0,0.0,0.0,0.0
2024,target_preterm,0.05,118,307033,130149,175639,27836,34366,30825,38516,0.009735109906752692,0.02126807216162431,0.003781352493054488,0.02126807216162431,0.01351646239980718,0.009735109906752692,0.025049424654678798,0.011625786153279936,0.023158748408151554,0.03478453456143149,0.0,0.0,0.0,0.0
2024,target_preterm,0.1,118,307033,260299,351278,44978,55216,51165,62982,0.020150928401833024,0.03334494989137976,0.005142769669709779,0.03334494989137976,0.025293698071542803,0.020150928401833024,0.03848771956108954,0.022722313236687913,0.03591633472623465,0.05863864796292256,0.0,0.0,0.0,0.0
2024,target_preterm,0.05,119,307433,130149,175639,27624,34042,30653,38250,0.009852553239242362,0.020876093327651876,0.0038349819310223715,0.020876093327651876,0.013687535170264734,0.009852553239242362,0.024711075258674248,0.011770044204753548,0.022793584293163062,0.03456362849791661,0.0,0.0,0.0,0.0
2024,target_preterm,0.1,119,307433,260299,351278,44743,55194,50702,62605,0.01938308509496378,0.0339943987795715,0.004722980291640783,0.0339943987795715,0.024106065386604564,0.01938308509496378,0.03871737907121228,0.021744575240784172,0.03635588892539189,0.05810046416617606,0.0,0.0,0.0,0.0
2024,target_preterm,0.05,120,307740,130149,175639,27895,34325,30746,38519,0.009264314031325147,0.020894261389484622,0.00436407356859686,0.020894261389484622,0.013628387599922007,0.009264314031325147,0.025258334958081483,0.011446350815623577,0.023076298173783052,0.03452264898940663,0.0,0.0,0.0,0.0
2024,target_preterm,0.1,120,307740,260299,351278,44985,55521,51002,62898,0.019552219405992055,0.03423669331253654,0.004419315006174068,0.03423669331253654,0.023971534412166123,0.019552219405992055,0.038656008318710605,0.02176187690907909,0.03644635081562357,0.05820822772470266,0.0,0.0,0.0,0.0
2024,target_preterm,0.05,121,307648,130149,175639,27626,33976,30502,38154,0.009348346161847307,0.020640472228000833,0.004232109423757027,0.020640472228000833,0.013580455585604334,0.009348346161847307,0.02487258165175786,0.01146440087372582,0.022756526939879347,0.03422092781360517,0.0,0.0,0.0,0.0
2024,target_preterm,0.1,121,307648,260299,351278,44347,54773,50655,62313,0.020503952569169953,0.03388938007073017,0.0040045766590389165,0.03388938007073017,0.02450852922820887,0.020503952569169953,0.037893956729769085,0.02250624089868941,0.03589166840024963,0.05839790929893904,0.0,0.0,0.0,0.0
2024,target_preterm,0.05,122,308167,130149,175639,27565,33950,30547,38115,0.009676571469365639,0.020719285322568615,0.0038388276486450434,0.020719285322568615,0.013515399118010682,0.009676571469365639,0.024558112971213658,0.01159598529368816,0.022638699146891136,0.0342346844405793,0.0,0.0,0.0,0.0
2024,target_preterm,0.1,122,308167,260299,351278,44410,54726,50532,62340,0.0198658519568935,0.03347535589469344,0.004841530728468685,0.03347535589469344,0.024707382685362184,0.0198658519568935,0.03831688662316213,0.02228661732112784,0.035896121258927785,0.058182738580055626,0.0,0.0,0.0,0.0
2024,target_preterm,0.05,123,306671,130149,175639,27684,34171,30544,38193,0.00932595517672033,0.021152961969015657,0.0037890768934786823,0.021152961969015657,0.013115032070199012,0.00932595517672033,0.02494203886249434,0.01122049362345967,0.023047500415755,0.03426799403921467,0.0,0.0,0.0,0.0
2024,target_preterm,0.1,123,306671,260299,351278,44717,55060,50685,62541,0.01946059457855487,0.03372669734014627,0.00493362593789437,0.03372669734014627,0.02439422051644924,0.01946059457855487,0.03866032327804064,0.021927407547502054,0.03619351030909346,0.05812091785659551,0.0,0.0,0.0,0.0
2024,target_preterm,0.05,124,308291,130149,175639,27839,34169,30621,38229,0.00902394166550434,0.020532548793185654,0.004145434021752187,0.020532548793185654,0.013169375687256527,0.00902394166550434,0.02467798281493784,0.011096658676380433,0.022605265804061747,0.03370192448044218,0.0,0.0,0.0,0.0
2024,target_preterm,0.1,124,308291,260299,351278,44658,55055,50624,62355,0.019351846145362672,0.03372463030059261,0.004327080582955722,0.03372463030059261,0.023678926728318395,0.019351846145362672,0.038051710883548334,0.021515386436840533,0.03588817059207047,0.057403557028911006,0.0,0.0,0.0,0.0
2024,target_preterm,0.05,125,307339,130149,175639,27593,34048,30538,38086,0.00958225282180264,0.02100286654150628,0.003556333560010283,0.02100286654150628,0.013138586381812922,0.00958225282180264,0.024559200101516562,0.01136041960180778,0.02278103332151142,0.0341414529233192,0.0,0.0,0.0,0.0
2024,target_preterm,0.1,125,307339,260299,351278,44630,55054,50404,62318,0.01878707225571763,0.033916945132248105,0.0048480667926947,0.033916945132248105,0.02363513904841233,0.01878707225571763,0.038765011924942805,0.02121110565206498,0.036340978528595455,0.057552084180660434,0.0,0.0,0.0,0.0
2024,target_preterm,0.05,126,307248,130149,175639,27738,34055,30509,38336,0.009018773108368475,0.02055993855126803,0.0049145966776024674,0.02055993855126803,0.013933369785970942,0.009018773108368475,0.0254745352288705,0.011476071447169708,0.023017236890069265,0.03449330833723897,0.0,0.0,0.0,0.0
2024,target_preterm,0.1,126,307248,260299,351278,44661,55081,50743,62719,0.019795084101442484,0.03391397177524347,0.005064312867781057,0.03391397177524347,0.02485939696922354,0.019795084101442484,0.038978284643024524,0.022327240535333012,0.036446128209133996,0.05877336874446701,0.0,0.0,0.0,0.0
2024,target_preterm,0.05,127,307108,130149,175639,27870,34144,30810,38314,0.009573179467809376,0.020429295231644898,0.00400510569571616,0.020429295231644898,0.013578285163525536,0.009573179467809376,0.024434400927361058,0.011575732315667456,0.022431848079502978,0.034007580395170434,0.0,0.0,0.0,0.0
2024,target_preterm,0.1,127,307108,260299,351278,44525,54941,50486,62230,0.01941010979850738,0.033916407257381764,0.004324211677976475,0.033916407257381764,0.023734321476483855,0.01941010979850738,0.03824061893535824,0.021572215637495618,0.03607851309637,0.05765072873386562,0.0,0.0,0.0,0.0
2024,target_preterm,0.05,128,308442,130149,175639,27834,34234,30797,38444,0.009606344142496809,0.020749443979743362,0.004042899475428116,0.020749443979743362,0.013649243617924925,0.009606344142496809,0.02479234345517148,0.011627793880210867,0.02277089371745742,0.03439868759766829,0.0,0.0,0.0,0.0
2024,target_preterm,0.1,128,308442,260299,351278,44806,55115,50911,62719,0.01979302429630206,0.03342281531049596,0.004859908832130527,0.03342281531049596,0.024652933128432586,0.01979302429630206,0.038282724142626484,0.022222978712367322,0.03585276972656122,0.05807574843892854,0.0,0.0,0.0,0.0
2024,target_preterm,0.05,129,307755,130149,175639,27545,33897,30710,38261,0.010284154603499546,0.020639794641841736,0.0038959561989244523,0.020639794641841736,0.014180110802423998,0.010284154603499546,0.024535750840766188,0.012232132702961772,0.02258777274130396,0.034819905444265734,0.0,0.0,0.0,0.0
2024,target_preterm,0.1,129,307755,260299,351278,44437,54877,50694,62592,0.020331107536839366,0.03392308817078521,0.004737534727299292,0.03392308817078521,0.025068642264138657,0.020331107536839366,0.0386606228980845,0.02269987490048901,0.036291855534434855,0.05899173043492387,0.0,0.0,0.0,0.0
2024,target_preterm,0.05,130,307238,130149,175639,27474,33821,30498,38123,0.009842532499235127,0.020658251908943548,0.0041596417109862754,0.020658251908943548,0.014002174210221402,0.009842532499235127,0.024817893619929823,0.011922353354728264,0.022738072764436686,0.03466042611916495,0.0,0.0,0.0,0.0
2024,target_preterm,0.1,130,307238,260299,351278,44292,54755,50530,62211,0.020303478085393067,0.034055032255124684,0.003964353367747503,0.034055032255124684,0.02426783145314057,0.020303478085393067,0.03801938562287219,0.02228565476926682,0.036037208938998436,0.058322863708265255,0.0,0.0,0.0,0.0
2024,target_preterm,0.05,131,307304,130149,175639,27711,34089,30675,38283,0.00964517220732565,0.020754692421836363,0.004002551219639175,0.020754692421836363,0.013647723426964825,0.00964517220732565,0.024757243641475538,0.011646447817145238,0.02275596803165595,0.03440241584880119,0.0,0.0,0.0,0.0
2024,target_preterm,0.1,131,307304,260299,351278,44537,54996,50705,62573,0.020071330018483324,0.03403470179366361,0.004585036315830571,0.03403470179366361,0.024656366334313895,0.020071330018483324,0.03861973810949418,0.02236384817639861,0.03632721995157889,0.0586910681279775,0.0,0.0,0.0,0.0
2024,target_preterm,0.05,132,307351,130149,175639,27581,34095,30642,38301,0.009959297350586135,0.021194009454987936,0.0037253823804054703,0.021194009454987936,0.013684679730991606,0.009959297350586135,0.024919391835393406,0.01182198854078887,0.02305670064519067,0.03487868918597954,0.0,0.0,0.0,0.0
2024,target_preterm,0.1,132,307351,260299,351278,44429,54564,50895,62561,0.021037836219826855,0.03297532788245364,0.004981275479825964,0.03297532788245364,0.02601911169965282,0.021037836219826855,0.0379566033622796,0.023528473959739837,0.03546596562236662,0.058994439582106456,0.0,0.0,0.0,0.0
2024,target_preterm,0.05,133,308408,130149,175639,27871,34342,30831,38396,0.009597675806075068,0.020981945993618842,0.003547249098596675,0.020981945993618842,0.013144924904671743,0.009597675806075068,0.024529195092215517,0.011371300355373405,0.02275557054291718,0.034126870898290584,0.0,0.0,0.0,0.0
2024,target_preterm,0.1,133,308408,260299,351278,44741,55171,51051,62912,0.02045991024876137,0.03381883738424424,0.004639957458950489,0.03381883738424424,0.02509986770771186,0.02045991024876137,0.03845879484319473,0.022779888978236615,0.03613881611371948,0.0589187050919561,0.0,0.0,0.0,0.0
2024,target_preterm,0.05,134,307169,130149,175639,27611,33937,30568,38188,0.009626622478179761,0.020594526140333164,0.004212664689470624,0.020594526140333164,0.013839287167650385,0.009626622478179761,0.024807190829803788,0.011732954822915073,0.022700858485068476,0.03443381330798355,0.0,0.0,0.0,0.0
2024,target_preterm,0.1,134,307169,260299,351278,44399,54827,50480,62368,0.019796919611028446,0.033948738316692095,0.004753083807285258,0.033948738316692095,0.024550003418313704,0.019796919611028446,0.03870182212397735,0.022173461514671075,0.036325280220334724,0.0584987417350058,0.0,0.0,0.0,0.0
2024,target_preterm,0.05,135,307463,130149,175639,27637,34005,30717,38258,0.010017465516175939,0.02071143519708063,0.003815093198205957,0.02071143519708063,0.013832558714381896,0.010017465516175939,0.024526528395286587,0.011925012115278917,0.02261898179618361,0.034543993911462526,0.0,0.0,0.0,0.0
2024,target_preterm,0.1,135,307463,260299,351278,44636,55005,50640,62546,0.019527552908805285,0.033724383096502664,0.004998975486481316,0.033724383096502664,0.0245265283952866,0.019527552908805285,0.03872335858298398,0.022027040652045943,0.03622387083974332,0.058250911491789265,0.0,0.0,0.0,0.0
2024,target_preterm,0.05,136,306859,130149,175639,27435,33838,30487,38128,0.009945936081392437,0.02086626105149271,0.0040344262348505355,0.02086626105149271,0.013980362316242972,0.009945936081392437,0.024900687286343245,0.011963149198817705,0.022883474168917978,0.03484662336773568,0.0,0.0,0.0,0.0
2024,target_preterm,0.1,136,306859,260299,351278,44278,54716,50529,62309,0.020370919542851917,0.03401562281047646,0.004373344109183719,0.03401562281047646,0.024744263652035636,0.020370919542851917,0.03838896691966018,0.022557591597443777,0.03620229486506832,0.058759886462512095,0.0,0.0,0.0,0.0
2024,target_preterm,0.05,137,307698,130149,175639,27787,34266,30779,38350,0.009723820109327985,0.021056360457331544,0.0035489343447146215,0.021056360457331544,0.013272754454042607,0.009723820109327985,0.024605294802046165,0.011498287281685296,0.022830827629688855,0.03432911491137415,0.0,0.0,0.0,0.0
2024,target_preterm,0.1,137,307698,260299,351278,44676,55220,50746,62608,0.01972713504800161,0.034267366053728016,0.004283420756716005,0.034267366053728016,0.024010555804717615,0.01972713504800161,0.03855078681044402,0.021868845426359612,0.03640907643208602,0.05827792185844563,0.0,0.0,0.0,0.0
2024,target_preterm,0.05,138,308553,130149,175639,27720,34181,30623,38272,0.009408432262852734,0.020939676489938525,0.0038502299442883386,0.020939676489938525,0.013258662207141073,0.009408432262852734,0.024789906434226863,0.011333547234996903,0.022864791462082694,0.0341983386970796,0.0,0.0,0.0,0.0
2024,target_preterm,0.1,138,308553,260299,351278,44676,55174,50824,62658,0.019925264055121822,0.034023328245066514,0.004329888220176076,0.034023328245066514,0.024255152275297898,0.019925264055121822,0.03835321646524259,0.02209020816520986,0.03618827235515455,0.05827848052036441,0.0,0.0,0.0,0.0
2024,target_preterm,0.05,139,307468,130149,175639,27914,34332,30489,38291,0.008374855269491457,0.020873716939649012,0.004501281434165505,0.020873716939649012,0.012876136703656962,0.008374855269491457,0.025374998373814517,0.01062549598657421,0.023124357656731764,0.033749853643305974,0.0,0.0,0.0,0.0
2024,target_preterm,0.1,139,307468,260299,351278,44834,55292,50899,62719,0.01972562998425853,0.0340132956925599,0.0044297292726397375,0.0340132956925599,0.024155359256898268,0.01972562998425853,0.038443024965199635,0.0219404946205784,0.036228160328879766,0.058168654949458165,0.0,0.0,0.0,0.0
2024,target_preterm,0.05,140,307049,130149,175639,27593,33987,30678,38261,0.010047256301111543,0.02082403785714984,0.003872346107624519,0.02082403785714984,0.013919602408736062,0.010047256301111543,0.02469638396477436,0.011983429354923802,0.0227602109109621,0.0347436402658859,0.0,0.0,0.0,0.0
2024,target_preterm,0.1,140,307049,260299,351278,44432,54960,50710,62505,0.020446247992991357,0.03428768698155668,0.0041263772231793505,0.03428768698155668,0.024572625216170707,0.020446247992991357,0.03841406420473603,0.022509436604581032,0.036350875593146356,0.05886031219772739,0.0,0.0,0.0,0.0
2024,target_preterm,0.05,141,309121,130149,175639,28032,34620,31088,38761,0.009886096382969778,0.02131204285700422,0.0035099524134562105,0.02131204285700422,0.013396048796425988,0.009886096382969778,0.02482199527046043,0.011641072589697883,0.023067019063732326,0.03470809165343021,0.0,0.0,0.0,0.0
2024,target_preterm,0.1,141,309121,260299,351278,45267,55620,51288,63328,0.01947780966029483,0.033491739480656424,0.005457409881567427,0.033491739480656424,0.024935219541862258,0.01947780966029483,0.03894914936222385,0.022206514601078545,0.03622044442144014,0.05842695902251868,0.0,0.0,0.0,0.0
2024,target_preterm,0.05,142,307733,130149,175639,27598,34074,30496,38230,0.009417254568083372,0.021044216902314658,0.004087959367373675,0.021044216902314658,0.013505213935457047,0.009417254568083372,0.025132176269688333,0.01146123425177021,0.023088196586001496,0.034549430837771705,0.0,0.0,0.0,0.0
2024,target_preterm,0.1,142,307733,260299,351278,44439,54753,50830,62526,0.020768003431546167,0.033516067500073105,0.004490906077671247,0.033516067500073105,0.025258909509217414,0.020768003431546167,0.03800697357774435,0.02301345647038179,0.03576152053890873,0.05877497700929052,0.0,0.0,0.0,0.0
2024,target_preterm,0.05,143,307413,130149,175639,27877,34445,30684,38279,0.009131038700380262,0.02136539443680001,0.003340782595400979,0.02136539443680001,0.01247182129578124,0.009131038700380262,0.024706177032200988,0.010801429998080751,0.023035785734500498,0.03383721573258125,0.0,0.0,0.0,0.0
2024,target_preterm,0.1,143,307413,260299,351278,44964,55472,50932,62737,0.019413622716020484,0.03418202873658563,0.004219079869751757,0.03418202873658563,0.02363270258577224,0.019413622716020484,0.038401108606337386,0.021523162650896363,0.03629156867146151,0.05781473132235787,0.0,0.0,0.0,0.0
2024,target_preterm,0.05,144,307406,130149,175639,27779,34199,30851,38409,0.009993298764500363,0.020884432964873814,0.003701944659505671,0.020884432964873814,0.013695243424006034,0.009993298764500363,0.024586377624379485,0.011844271094253199,0.02273540529462665,0.03457967638887985,0.0,0.0,0.0,0.0
2024,target_preterm,0.1,144,307406,260299,351278,44739,54976,50804,62710,0.01972960840061677,0.03330123680084318,0.005429301965478861,0.03330123680084318,0.025158910366095633,0.01972960840061677,0.03873053876632204,0.022444259383356202,0.03601588778358261,0.058460147166938814,0.0,0.0,0.0,0.0
2024,target_preterm,0.05,145,307742,130149,175639,27733,34181,30733,38395,0.00974842562926087,0.020952616152491374,0.003944862904640897,0.020952616152491374,0.013693288533901768,0.00974842562926087,0.02489747905713227,0.01172085708158132,0.022925047604811823,0.03464590468639314,0.0,0.0,0.0,0.0
2024,target_preterm,0.1,145,307742,260299,351278,44789,55315,50875,62806,0.01977630612656056,0.03420397605786665,0.004565512669703842,0.03420397605786665,0.024341818796264403,0.01977630612656056,0.038769488727570495,0.022059062461412482,0.036486732392718574,0.058545794854131056,0.0,0.0,0.0,0.0
2024,target_preterm,0.05,146,308386,130149,175639,27590,34110,30657,38169,0.009945328257443597,0.021142334606629357,0.0032167478419902196,0.021142334606629357,0.013162076099433817,0.009945328257443597,0.024359082448619576,0.011553702178438707,0.022750708527624466,0.034304410706063174,0.0,0.0,0.0,0.0
2024,target_preterm,0.1,146,308386,260299,351278,44762,55059,50802,62823,0.019585843715343776,0.0333899723074329,0.005590396451200741,0.0333899723074329,0.025176240166544517,0.019585843715343776,0.03898036875863364,0.022381041940944146,0.03618517053303327,0.05856621247397742,0.0,0.0,0.0,0.0
2024,target_preterm,0.05,147,307586,130149,175639,27549,33961,30590,38192,0.009886665843048772,0.020846202362916386,0.0038688366830740145,0.020846202362916386,0.013755502526122787,0.009886665843048772,0.0247150390459904,0.01182108418458578,0.022780620704453393,0.03460170488903917,0.0,0.0,0.0,0.0
2024,target_preterm,0.1,147,307586,260299,351278,44452,54822,50616,62505,0.0200399237936707,0.03371414823821631,0.004938456236629751,0.03371414823821631,0.02497838003030045,0.0200399237936707,0.03865260447484606,0.022509151911985575,0.03618337635653118,0.05869252826851676,0.0,0.0,0.0,0.0
2024,target_preterm,0.05,148,307342,130149,175639,27668,34087,30724,38348,0.009943320470355496,0.0208855281738259,0.003920713732584555,0.0208855281738259,0.013864034202940051,0.009943320470355496,0.024806241906410453,0.011903677336647774,0.022845885040118176,0.03474956237676595,0.0,0.0,0.0,0.0
2024,target_preterm,0.1,148,307342,260299,351278,44663,54987,50776,62524,0.01988989464505339,0.03359124363087376,0.0046332749835688025,0.03359124363087376,0.024523169628622193,0.01988989464505339,0.038224518614442565,0.022206532136837792,0.035907881122658164,0.058114413259495956,0.0,0.0,0.0,0.0
2024,target_preterm,0.05,149,307078,130149,175639,27627,33946,30416,37946,0.009082382977614809,0.020577833644871993,0.0039436234442063595,0.020577833644871993,0.013026006421821168,0.009082382977614809,0.024521457089078352,0.011054194699717988,0.022549645366975173,0.03360384006669316,0.0,0.0,0.0,0.0
2024,target_preterm,0.1,149,307078,260299,351278,44437,55013,50243,62119,0.01890724832127344,0.03444076097929516,0.00423345208709186,0.03444076097929516,0.0231407004083653,0.01890724832127344,0.03867421306638702,0.02102397436481937,0.03655748702284109,0.05758146138766046,0.0,0.0,0.0,0.0
2024,target_preterm,0.05,150,307598,130149,175639,27741,34223,30719,38331,0.009681467369748828,0.021072958861891172,0.0036736259663586873,0.021072958861891172,0.013355093336107515,0.009681467369748828,0.02474658482824986,0.011518280352928172,0.022909771845070516,0.03442805219799869,0.0,0.0,0.0,0.0
2024,target_preterm,0.1,150,307598,260299,351278,44529,55041,50961,62779,0.020910409040370864,0.03417447447642702,0.0042458013381101445,0.03417447447642702,0.02515621037848101,0.020910409040370864,0.038420275814537164,0.023033309709425936,0.03629737514548209,0.05933068485490803,0.0,0.0,0.0,0.0
2024,target_preterm,0.05,151,307241,130149,175639,27770,34185,30628,38295,0.009302143919594066,0.02087937482302167,0.004074976972474373,0.02087937482302167,0.01337712089206844,0.009302143919594066,0.024954351795496044,0.011339632405831253,0.022916863309258857,0.03425649571509011,0.0,0.0,0.0,0.0
2024,target_preterm,0.1,151,307241,260299,351278,44811,55227,50651,62512,0.019007879807707934,0.03390172535566541,0.004703148342831864,0.03390172535566541,0.023711028150539798,0.019007879807707934,0.03860487369849727,0.021359453979123866,0.03625329952708134,0.057612753506205205,0.0,0.0,0.0,0.0
2024,target_preterm,0.05,152,307703,130149,175639,27811,34296,30731,38460,0.009489670233959371,0.0210755176257625,0.004042859510632005,0.0210755176257625,0.013532529744591376,0.009489670233959371,0.025118377136394504,0.011511099989275374,0.0230969473810785,0.034608047370353875,0.0,0.0,0.0,0.0
2024,target_preterm,0.1,152,307703,260299,351278,44993,55368,51127,63095,0.019934807265447524,0.03371757831415359,0.005177070096814146,0.03371757831415359,0.02511187736226167,0.019934807265447524,0.038894648410967736,0.022523342313854597,0.03630611336256066,0.05882945567641526,0.0,0.0,0.0,0.0
2024,target_preterm,0.05,153,307644,130149,175639,27801,34327,30818,38468,0.009806789665977561,0.02121283041437505,0.0036535736110569345,0.02121283041437505,0.013460363277034496,0.009806789665977561,0.024866404025431985,0.011633576471506028,0.023039617219903517,0.034673193691409546,0.0,0.0,0.0,0.0
2024,target_preterm,0.1,153,307644,260299,351278,45119,55360,51009,63057,0.01914550584441757,0.03328847629077766,0.005873672166530147,0.03328847629077766,0.025019178010947718,0.01914550584441757,0.03916214845730781,0.022082341927682644,0.03622531237404274,0.05830765430172538,0.0,0.0,0.0,0.0
2024,target_preterm,0.05,154,307478,130149,175639,27834,34211,30952,38547,0.010140562902061293,0.020739695197705202,0.003961259016905264,0.020739695197705202,0.014101821918966556,0.010140562902061293,0.024700954214610465,0.012121192410513924,0.022720324706157834,0.03484151711667176,0.0,0.0,0.0,0.0
2024,target_preterm,0.1,154,307478,260299,351278,44623,55031,50996,62770,0.02072668613689435,0.03384957622984408,0.004442594266906907,0.03384957622984408,0.02516928040380126,0.02072668613689435,0.03829217049675099,0.022947983270347805,0.036070873363297534,0.05901885663364534,0.0,0.0,0.0,0.0
2024,target_preterm,0.05,155,308190,130149,175639,27848,34296,30930,38596,0.010000324475161429,0.020922158408773803,0.003952107466173457,0.020922158408773803,0.013952431941334886,0.010000324475161429,0.02487426587494726,0.011976378208248158,0.02289821214186053,0.03487459035010869,0.0,0.0,0.0,0.0
2024,target_preterm,0.1,155,308190,260299,351278,44827,55085,51157,63054,0.02053927771829067,0.03328466205911937,0.0053181478957785855,0.03328466205911937,0.025857425614069257,0.02053927771829067,0.038602809954897954,0.023198351666179964,0.03594373600700866,0.059142087673188626,0.0,0.0,0.0,0.0
2024,target_preterm,0.05,156,307342,130149,175639,27316,33647,30527,38051,0.01044764464342654,0.02059920219169524,0.0038816692804758274,0.02059920219169524,0.014329313923902368,0.01044764464342654,0.024480871472171067,0.012388479283664454,0.022540036831933154,0.03492851611559761,0.0,0.0,0.0,0.0
2024,target_preterm,0.1,156,307342,260299,351278,44192,54678,50356,62216,0.020055833566515496,0.034118343734341555,0.004470589766449096,0.034118343734341555,0.024526423332964592,0.020055833566515496,0.03858893350079065,0.022291128449740044,0.0363536386175661,0.05864476706730615,0.0,0.0,0.0,0.0
2024,target_preterm,0.05,157,308672,130149,175639,27702,34258,30628,38355,0.009479317851959365,0.021239373833713465,0.0037936709516898093,0.021239373833713465,0.013272988803649174,0.009479317851959365,0.025033044785403274,0.01137615332780427,0.02313620930955837,0.03451236263736264,0.0,0.0,0.0,0.0
2024,target_preterm,0.1,157,308672,260299,351278,44640,55006,51005,62731,0.020620594028612882,0.03358257308729007,0.004405971387103469,0.03358257308729007,0.02502656541571635,0.020620594028612882,0.03798854447439354,0.022823579722164616,0.0357855587808418,0.05860913850300642,0.0,0.0,0.0,0.0
2024,target_preterm,0.05,158,307596,130149,175639,27818,34267,30699,38405,0.009366181614845454,0.020965812299249667,0.004086529083603158,0.020965812299249667,0.013452710698448611,0.009366181614845454,0.025052341382852825,0.011409446156647032,0.023009076841051246,0.03441852299769828,0.0,0.0,0.0,0.0
2024,target_preterm,0.1,158,307596,260299,351278,44634,55144,50918,62631,0.02042939440044733,0.03416819464492388,0.00391097413490421,0.03416819464492388,0.024340368535351542,0.02042939440044733,0.03807916877982809,0.022384881467899437,0.03612368171237598,0.05850856318027542,0.0,0.0,0.0,0.0
2024,target_preterm,0.05,159,307124,130149,175639,27877,34316,30787,38475,0.00947500032560139,0.020965473229054066,0.00406676130813613,0.020965473229054066,0.01354176163373752,0.00947500032560139,0.025032234537190196,0.011508380979669455,0.02299885388312213,0.034507234862791586,0.0,0.0,0.0,0.0
2024,target_preterm,0.1,159,307124,260299,351278,44796,55364,50954,62755,0.020050533335069898,0.03440955444706373,0.004014665086414598,0.03440955444706373,0.024065198421484496,0.020050533335069898,0.038424219533478327,0.022057865878277197,0.03641688699027103,0.058474752868548224,0.0,0.0,0.0,0.0
2024,target_preterm,0.05,160,308275,130149,175639,27818,34351,30731,38226,0.009449355283431993,0.021192117427621435,0.003120590381964175,0.021192117427621435,0.012569945665396168,0.009449355283431993,0.02431270780958561,0.01100965047441408,0.022752412618603522,0.0337620630930176,0.0,0.0,0.0,0.0
2024,target_preterm,0.1,160,308275,260299,351278,44897,55449,50782,62669,0.019090098126672617,0.03422917849322846,0.004330549022788094,0.03422917849322846,0.02342064714946071,0.019090098126672617,0.03855972751601655,0.021255372638066664,0.036394453004622504,0.05764982564268917,0.0,0.0,0.0,0.0
2024,target_preterm,0.05,161,307579,130149,175639,27626,34100,30689,38205,0.00995841718712917,0.021048251018437547,0.0033877475380308664,0.021048251018437547,0.013346164725160037,0.00995841718712917,0.024435998556468413,0.011652290956144604,0.02274212478745298,0.034394415743597584,0.0,0.0,0.0,0.0
2024,target_preterm,0.1,161,307579,260299,351278,44662,54871,50701,62774,0.019633980213213525,0.033191472759843826,0.006060231680316247,0.033191472759843826,0.025694211893529773,0.019633980213213525,0.03925170444016007,0.02266409605337165,0.03622158860000195,0.0588856846533736,0.0,0.0,0.0,0.0
2024,target_preterm,0.05,162,307922,130149,175639,27660,34073,30544,38163,0.00936600827482284,0.02082670286631029,0.003916576275810116,0.02082670286631029,0.013282584550632956,0.00936600827482284,0.024743279142120406,0.011324296412727898,0.022784991004215348,0.034109287416943246,0.0,0.0,0.0,0.0
2024,target_preterm,0.1,162,307922,260299,351278,44654,55144,50706,62623,0.01965432804411507,0.03406706893304148,0.004634290502140148,0.03406706893304148,0.02428861854625522,0.01965432804411507,0.03870135943518163,0.021971473295185145,0.03638421418411156,0.0583556874792967,0.0,0.0,0.0,0.0
2024,target_preterm,0.05,163,307747,130149,175639,27906,34363,30837,38408,0.00952405709885068,0.020981520534724962,0.0036198565704945868,0.020981520534724962,0.013143913669345267,0.00952405709885068,0.02460137710521955,0.011333985384097973,0.022791448819972256,0.03412543420407023,0.0,0.0,0.0,0.0
2024,target_preterm,0.1,163,307747,260299,351278,44942,55302,50914,62760,0.019405550663369603,0.0336640162211167,0.00482864170893621,0.0336640162211167,0.024234192372305813,0.019405550663369603,0.03849265793005291,0.021819871517837708,0.036078337075584804,0.05789820859342251,0.0,0.0,0.0,0.0
2024,target_preterm,0.05,164,307595,130149,175639,27916,34316,30745,38382,0.009197158601407684,0.0208065800809506,0.004021521806271244,0.0208065800809506,0.013218680407678929,0.009197158601407684,0.024828101887221843,0.011207919504543307,0.02281734098408622,0.03402526048862953,0.0,0.0,0.0,0.0
2024,target_preterm,0.1,164,307595,260299,351278,44899,55455,50783,62663,0.01912904956192396,0.03431785302101789,0.004304361254246658,0.03431785302101789,0.02343341081617062,0.01912904956192396,0.03862221427526455,0.02128123018904729,0.03647003364814122,0.05775126383718851,0.0,0.0,0.0,0.0
2024,target_preterm,0.05,165,308172,130149,175639,27874,34322,30543,38322,0.008660747894033205,0.02092338044987864,0.00431901665303791,0.02092338044987864,0.012979764547071115,0.008660747894033205,0.02524239710291655,0.01082025622055216,0.023082888776397595,0.033903144996949755,0.0,0.0,0.0,0.0
2024,target_preterm,0.1,165,308172,260299,351278,44825,55394,50866,62576,0.01960268940721413,0.03429578287449864,0.003702477837052076,0.03429578287449864,0.023305167244266206,0.01960268940721413,0.03799826071155071,0.021453928325740168,0.036147021793024675,0.05760095011876484,0.0,0.0,0.0,0.0
2024,target_preterm,0.05,166,307606,130149,175639,27611,33975,30683,38264,0.009986801297764011,0.020688803209300208,0.003956359758912384,0.020688803209300208,0.013943161056676395,0.009986801297764011,0.02464516296821259,0.011964981177220203,0.0226669830887564,0.0346319642659766,0.0,0.0,0.0,0.0
2024,target_preterm,0.1,166,307606,260299,351278,44402,54756,50726,62515,0.020558766734068895,0.033659941613622624,0.004665058548922962,0.033659941613622624,0.025223825282991857,0.020558766734068895,0.038325000162545586,0.022891296008530376,0.035992470888084105,0.05888376689661448,0.0,0.0,0.0,0.0
2024,target_preterm,0.05,167,307576,130149,175639,27578,34015,30361,37992,0.009048170208338743,0.02092816084479933,0.0038819673836710394,0.02092816084479933,0.012930137592009783,0.009048170208338743,0.02481012822847037,0.010989153900174263,0.02286914453663485,0.03385829843680911,0.0,0.0,0.0,0.0
2024,target_preterm,0.1,167,307576,260299,351278,44583,55045,50591,62564,0.019533383619008,0.034014357427107456,0.004912606965432914,0.034014357427107456,0.024445990584440913,0.019533383619008,0.03892696439254037,0.021989687101724456,0.03647066090982391,0.05846034801154837,0.0,0.0,0.0,0.0
2024,target_preterm,0.05,168,307853,130149,175639,27676,34206,30799,38378,0.010144452059911713,0.021211422334685703,0.003407470448558242,0.021211422334685703,0.013551922508469955,0.010144452059911713,0.024618892783243945,0.011848187284190834,0.022915157558964824,0.03476334484315566,0.0,0.0,0.0,0.0
2024,target_preterm,0.1,168,307853,260299,351278,44767,55231,50987,62930,0.020204448226913474,0.03399024859267247,0.004804240985145536,0.03399024859267247,0.02500868921205901,0.020204448226913474,0.038794489577818,0.022606568719486242,0.036392369085245235,0.05899893780473148,0.0,0.0,0.0,0.0
2024,target_preterm,0.05,169,307958,130149,175639,27865,34272,30929,38601,0.009949408685599986,0.020804785068093704,0.004107702998460819,0.020804785068093704,0.014057111684060805,0.009949408685599986,0.024912488066554522,0.012003260184830396,0.022858636567324113,0.03486189675215451,0.0,0.0,0.0,0.0
2024,target_preterm,0.1,169,307958,260299,351278,44768,54953,51027,62998,0.020324200053254,0.03307269173069055,0.005799492138538365,0.03307269173069055,0.026123692191792364,0.020324200053254,0.038872183869228916,0.02322394612252318,0.03597243779995973,0.059196383922482915,0.0,0.0,0.0,0.0
2024,target_preterm,0.05,170,307384,130149,175639,27651,34143,30773,38386,0.010156676990344324,0.02112016240272753,0.0036469041980064093,0.02112016240272753,0.013803581188350733,0.010156676990344324,0.02476706660073394,0.011980129089347528,0.022943614501730734,0.03492374359107826,0.0,0.0,0.0,0.0
2024,target_preterm,0.1,170,307384,260299,351278,44554,54782,50937,62643,0.020765557088202352,0.03327434088957135,0.004808317934570455,0.03327434088957135,0.025573875022772807,0.020765557088202352,0.0380826588241418,0.02316971605548758,0.035678499856856574,0.058848215912344154,0.0,0.0,0.0,0.0
2024,target_preterm,0.05,171,308076,130149,175639,27804,34229,30738,38381,0.009523624040821091,0.020855243511341354,0.003953569898336784,0.020855243511341354,0.013477193939157875,0.009523624040821091,0.024808813409678138,0.011500408989989483,0.022832028460509746,0.03433243745049923,0.0,0.0,0.0,0.0
2024,target_preterm,0.1,171,308076,260299,351278,44812,55347,50901,62830,0.01976460353938639,0.034196107454004865,0.0045248575026941296,0.034196107454004865,0.024289461042080518,0.01976460353938639,0.038720964956698994,0.022027032290733453,0.03645853620535193,0.05848556849608538,0.0,0.0,0.0,0.0
2024,target_preterm,0.05,172,306793,130149,175639,27686,33993,30563,38195,0.009377658551531484,0.02055783541345467,0.004318872986019892,0.02055783541345467,0.013696531537551376,0.009377658551531484,0.024876708399474562,0.01153709504454143,0.022717271906464616,0.034254366951006046,0.0,0.0,0.0,0.0
2024,target_preterm,0.1,172,306793,260299,351278,44400,54868,50493,62330,0.019860296682127687,0.03412072635294808,0.004462292164423565,0.03412072635294808,0.024322588846551252,0.019860296682127687,0.03858301851737164,0.02209144276433947,0.03635187243515986,0.05844331519949933,0.0,0.0,0.0,0.0
2024,target_preterm,0.05,173,307270,130149,175639,27959,34466,30777,38428,0.009171087317343049,0.02117681517883295,0.0037231099684316704,0.02117681517883295,0.01289419728577472,0.009171087317343049,0.02489992514726462,0.011032642301558884,0.023038370163048785,0.03407101246460767,0.0,0.0,0.0,0.0
2024,target_preterm,0.1,173,307270,260299,351278,44923,55281,51153,62890,0.020275327887525646,0.03370976665473363,0.0044879096560028475,0.03370976665473363,0.024763237543528493,0.020275327887525646,0.03819767631073648,0.02251928271552707,0.035953721482735054,0.058473004198262124,0.0,0.0,0.0,0.0
2024,target_preterm,0.05,174,307013,130149,175639,27511,33846,30513,38075,0.009778087572838934,0.020634305387719737,0.003996573435001122,0.020634305387719737,0.013774661007840056,0.009778087572838934,0.02463087882272086,0.011776374290339495,0.022632592105220298,0.03440896639555979,0.0,0.0,0.0,0.0
2024,target_preterm,0.1,174,307013,260299,351278,44374,54797,50407,62207,0.019650633686521424,0.03394970245559634,0.004485152094536704,0.03394970245559634,0.024135785781058128,0.019650633686521424,0.03843485455013304,0.021893209733789776,0.03619227850286469,0.058085488236654464,0.0,0.0,0.0,0.0
2024,target_preterm,0.05,175,308555,130149,175639,27703,34203,30826,38332,0.010121372202686718,0.021065936380872133,0.003260358769101121,0.021065936380872133,0.013381730971787839,0.010121372202686718,0.024326295149973254,0.011751551587237279,0.022696115765422693,0.03444766735265997,0.0,0.0,0.0,0.0
2024,target_preterm,0.1,175,308555,260299,351278,44770,55364,51033,62891,0.02029783993129264,0.03433423538753222,0.004096514397757295,0.03433423538753222,0.024394354329049933,0.02029783993129264,0.038430749785289514,0.022346097130171286,0.03638249258641087,0.05872858971658215,0.0,0.0,0.0,0.0
2024,target_preterm,0.05,176,307252,130149,175639,27701,34094,30846,38318,0.010235897569421837,0.020807024852564013,0.0035117753505266164,0.020807024852564013,0.013747672919948453,0.010235897569421837,0.02431880020309063,0.011991785244685145,0.02256291252782732,0.034554697772512466,0.0,0.0,0.0,0.0
2024,target_preterm,0.1,176,307252,260299,351278,44563,54995,50766,62668,0.020188639943759495,0.033952586150781755,0.004784346399697992,0.033952586150781755,0.024972986343457487,0.020188639943759495,0.03873693255047975,0.02258081314360849,0.03634475935063075,0.05892557249423924,0.0,0.0,0.0,0.0
2024,target_preterm,0.05,177,307502,130149,175639,27583,34059,30732,38240,0.010240583801080977,0.02106002562584959,0.0033560757328407603,0.02106002562584959,0.013596659533921737,0.010240583801080977,0.02441610135869035,0.011918621667501357,0.02273806349226997,0.03465668515977133,0.0,0.0,0.0,0.0
2024,target_preterm,0.1,177,307502,260299,351278,44575,55125,50745,62800,0.02006491014692588,0.03430871994328494,0.004894277110392781,0.03430871994328494,0.02495918725731866,0.02006491014692588,0.03920299705367772,0.02251204870212227,0.03675585849848133,0.0592679072006036,0.0,0.0,0.0,0.0
2024,target_preterm,0.05,178,307261,130149,175639,27599,34036,30637,38093,0.009887359606328167,0.02094961612440238,0.003316398761964587,0.02094961612440238,0.013203758368292753,0.009887359606328167,0.02426601488636697,0.01154555898731046,0.022607815505384675,0.034153374492695135,0.0,0.0,0.0,0.0
2024,target_preterm,0.1,178,307261,260299,351278,44541,54856,50475,62256,0.01931257139695569,0.03357080787994571,0.00477118801279694,0.03357080787994571,0.02408375940975263,0.01931257139695569,0.03834199589274265,0.02169816540335416,0.03595640188634418,0.05765456728969834,0.0,0.0,0.0,0.0
2024,target_preterm,0.05,179,307283,130149,175639,27670,33958,30569,38296,0.009434299977545135,0.020463221200001297,0.0046829795335244645,0.020463221200001297,0.0141172795110696,0.009434299977545135,0.02514620073352576,0.011775789744307368,0.02280471096676353,0.0345805007110709,0.0,0.0,0.0,0.0
2024,target_preterm,0.1,179,307283,260299,351278,44545,54981,50628,62395,0.019796083740395654,0.03396217818753397,0.004331511993829779,0.03396217818753397,0.024127595734225432,0.019796083740395654,0.03829369018136375,0.021961839737310543,0.03612793418444886,0.0580897739217594,0.0,0.0,0.0,0.0
2024,target_preterm,0.05,180,307735,130149,175639,27692,34134,30592,38184,0.009423692462670802,0.020933595463629426,0.003736981493817737,0.020933595463629426,0.013160673956488539,0.009423692462670802,0.024670576957447163,0.01129218320957967,0.022802086210538294,0.034094269420117965,0.0,0.0,0.0,0.0
2024,target_preterm,0.1,180,307735,260299,351278,44563,55112,50671,62360,0.019848246055859747,0.03427949372024633,0.00370448600256712,0.03427949372024633,0.023552732058426867,0.019848246055859747,0.03798397972281345,0.021700489057143307,0.03613173672152989,0.057832225778673196,0.0,0.0,0.0,0.0
2024,target_preterm,0.05,181,307615,130149,175639,27427,33925,30444,38147,0.009807714188189778,0.021123807356598343,0.003917234205094031,0.021123807356598343,0.013724948393283809,0.009807714188189778,0.025041041561692373,0.011766331290736794,0.023082424459145358,0.03484875574988215,0.0,0.0,0.0,0.0
2024,target_preterm,0.1,181,307615,260299,351278,44319,54871,50724,62517,0.020821481397201053,0.03430261853290639,0.004034263608731686,0.03430261853290639,0.02485574500593274,0.020821481397201053,0.03833688214163808,0.022838613201566896,0.036319750337272236,0.05915836353883913,0.0,0.0,0.0,0.0
2024,target_preterm,0.05,182,307783,130149,175639,27509,33904,30355,37949,0.009246774513212236,0.020777625794796986,0.0038956017713778768,0.020777625794796986,0.013142376284590113,0.009246774513212236,0.024673227566174863,0.011194575398901174,0.022725426680485925,0.0339200020793871,0.0,0.0,0.0,0.0
2024,target_preterm,0.1,182,307783,260299,351278,44382,54928,50544,62359,0.020020598928465833,0.03426440056793259,0.0041230347355117325,0.03426440056793259,0.024143633663977565,0.020020598928465833,0.03838743530344432,0.0220821162962217,0.036325917935688457,0.058408034231910155,0.0,0.0,0.0,0.0
2024,target_preterm,0.05,183,307978,130149,175639,27484,33940,30520,38121,0.009857846989070648,0.020962536285059327,0.0037177980245342163,0.020962536285059327,0.013575645013604865,0.009857846989070648,0.024680334309593543,0.011716746001337756,0.022821435297326435,0.03453818129866419,0.0,0.0,0.0,0.0
2024,target_preterm,0.1,183,307978,260299,351278,44503,54919,50662,62623,0.01999818168830239,0.03382059757515146,0.0050165920942405184,0.03382059757515146,0.02501477378254291,0.01999818168830239,0.03883718966939198,0.02250647773542265,0.03632889362227172,0.05883537135769437,0.0,0.0,0.0,0.0
2024,target_preterm,0.05,184,307090,130149,175639,27524,33876,30651,38287,0.010182682601191831,0.02068448988895763,0.004181184668989549,0.02068448988895763,0.01436386727018138,0.010182682601191831,0.02486567455794718,0.012273274935686605,0.022775082223452404,0.03504835715913901,0.0,0.0,0.0,0.0
2024,target_preterm,0.1,184,307090,260299,351278,44434,54852,50702,62612,0.020410954443322804,0.03392490800742454,0.00485851053437103,0.03392490800742454,0.025269464977693834,0.020410954443322804,0.03878341854179557,0.02284020971050832,0.03635416327461005,0.05919437298511837,0.0,0.0,0.0,0.0
2024,target_preterm,0.05,185,307692,130149,175639,27845,34168,30935,38568,0.010042510042510042,0.020549770549770557,0.004257504257504263,0.020549770549770557,0.014300014300014305,0.010042510042510042,0.02480727480727482,0.012171262171262173,0.02267852267852269,0.03484978484978486,0.0,0.0,0.0,0.0
2024,target_preterm,0.1,185,307692,260299,351278,44711,55175,50887,62792,0.02007202007202008,0.03400803400803401,0.004683254683254673,0.03400803400803401,0.024755274755274753,0.02007202007202008,0.03869128869128868,0.022413647413647417,0.03634966134966135,0.058763308763308764,0.0,0.0,0.0,0.0
2024,target_preterm,0.05,186,307897,130149,175639,27892,34408,30911,38480,0.009805227072689895,0.021162921366560894,0.0034199748617232406,0.021162921366560894,0.013225201934413136,0.009805227072689895,0.024582896228284135,0.011515214503551516,0.022872908797422514,0.03438812330097403,0.0,0.0,0.0,0.0
2024,target_preterm,0.1,186,307897,260299,351278,44899,55220,51105,62910,0.020156091160355577,0.033520950187887505,0.004819793632286129,0.033520950187887505,0.024975884792641706,0.020156091160355577,0.038340743820173634,0.02256598797649864,0.03593084700403057,0.05849683498052921,0.0,0.0,0.0,0.0
2024,target_preterm,0.05,187,307260,130149,175639,27620,34186,30542,38213,0.009509861355204055,0.02136952418147496,0.0035963028054416535,0.02136952418147496,0.013106164160645709,0.009509861355204055,0.024965826986916614,0.011308012757924882,0.023167675584195788,0.03447568834212067,0.0,0.0,0.0,0.0
2024,target_preterm,0.1,187,307260,260299,351278,44647,55112,50766,62615,0.019914730195925268,0.03405910303977089,0.004504328581657224,0.03405910303977089,0.024419058777582492,0.019914730195925268,0.03856343162142811,0.02216689448675388,0.0363112673305995,0.05847816181735338,0.0,0.0,0.0,0.0
2024,target_preterm,0.05,188,307553,130149,175639,27606,33923,30612,38288,0.00977392514460923,0.020539549280936945,0.004418750589329307,0.020539549280936945,0.014192675733938537,0.00977392514460923,0.02495829987026625,0.011983300439273883,0.022748924575601598,0.03473222501487548,0.0,0.0,0.0,0.0
2024,target_preterm,0.1,188,307553,260299,351278,44540,54824,50719,62671,0.02009084613058562,0.033438139117485444,0.005423455469463795,0.033438139117485444,0.025514301600049416,0.02009084613058562,0.03886159458694924,0.02280257386531752,0.03614986685221734,0.05895244071753486,0.0,0.0,0.0,0.0
2024,target_preterm,0.05,189,307209,130149,175639,27633,34078,30559,38291,0.009524460546403268,0.02097920308324301,0.0041893303907112045,0.02097920308324301,0.013713790937114473,0.009524460546403268,0.025168533473954216,0.01161912574175887,0.023073868278598614,0.034692994020357484,0.0,0.0,0.0,0.0
2024,target_preterm,0.1,189,307209,260299,351278,44554,54813,50675,62522,0.01992454648138564,0.03339420394584794,0.005169119394288574,0.03339420394584794,0.025093665875674215,0.01992454648138564,0.03856332334013651,0.022509106178529928,0.035978763642992226,0.058487869821522154,0.0,0.0,0.0,0.0
2024,target_preterm,0.05,190,307377,130149,175639,27566,34055,30497,38084,0.009535521525683446,0.021110883377741335,0.0035721605715456906,0.021110883377741335,0.013107682097229137,0.009535521525683446,0.024683043949287026,0.011321601811456292,0.02289696366351418,0.03421856547497047,0.0,0.0,0.0,0.0
2024,target_preterm,0.1,190,307377,260299,351278,44617,54866,50715,62637,0.019838829840879424,0.033343418668280306,0.005442827537519096,0.033343418668280306,0.02528165737839852,0.019838829840879424,0.0387862462057994,0.022560243609638972,0.036064832437039854,0.058625076046678826,0.0,0.0,0.0,0.0
2024,target_preterm,0.05,191,306913,130149,175639,27579,34076,30473,38097,0.009429382267939115,0.02116886544395316,0.0036720503856141756,0.02116886544395316,0.013101432653553291,0.009429382267939115,0.024840915829567337,0.011265407460746203,0.02300489063676025,0.03427029809750645,0.0,0.0,0.0,0.0
2024,target_preterm,0.1,191,306913,260299,351278,44556,54896,50705,62509,0.020034993630116654,0.03369032918123377,0.0047700814237259526,0.03369032918123377,0.024805075053842607,0.020034993630116654,0.03846041060495972,0.02242003434197963,0.036075369893096745,0.058495404235076376,0.0,0.0,0.0,0.0
2024,target_preterm,0.05,192,306983,130149,175639,27746,34298,30638,38207,0.009420717108113486,0.021343201415062074,0.0033128870328324317,0.021343201415062074,0.012733604140945917,0.009420717108113486,0.024656088447894506,0.011077160624529701,0.02299964493147829,0.03407680555600799,0.0,0.0,0.0,0.0
2024,target_preterm,0.1,192,306983,260299,351278,44709,55195,50856,62652,0.020023910118801364,0.03415824329034506,0.004267337279263039,0.03415824329034506,0.024291247398064403,0.020023910118801364,0.0384255805696081,0.022157578758432883,0.03629191192997658,0.05844949068840946,0.0,0.0,0.0,0.0
2024,target_preterm,0.05,193,306669,130149,175639,27559,34068,30591,38055,0.0098868812954684,0.021224838506663526,0.0031141067404922007,0.021224838506663526,0.0130009880359606,0.0098868812954684,0.024338945247155727,0.0114439346657145,0.022781891876909627,0.03422582654262413,0.0,0.0,0.0,0.0
2024,target_preterm,0.1,193,306669,260299,351278,44479,54813,50534,62320,0.01974441498814683,0.03369756969240453,0.004734746583449884,0.03369756969240453,0.024479161571596714,0.01974441498814683,0.03843231627585442,0.022111788279871772,0.036064942984129475,0.05817673126400125,0.0,0.0,0.0,0.0
2024,target_preterm,0.05,194,307636,130149,175639,27834,34360,30856,38450,0.009823297663472425,0.02121338204891496,0.0034716353092615754,0.02121338204891496,0.013294932972734,0.009823297663472425,0.024685017358176534,0.011559115318103212,0.022949199703545746,0.03450831502164896,0.0,0.0,0.0,0.0
2024,target_preterm,0.1,194,307636,260299,351278,44926,55309,51051,62754,0.019909893510512422,0.03375092641953478,0.004290785213694109,0.03375092641953478,0.02420067872420653,0.019909893510512422,0.03804171163322889,0.022055286117359477,0.03589631902638184,0.057951605143741314,0.0,0.0,0.0,0.0
2024,target_preterm,0.05,195,308301,130149,175639,27342,33789,30519,38181,0.010304864401996752,0.020911382058442896,0.003940953808129061,0.020911382058442896,0.014245818210125813,0.010304864401996752,0.024852335866571956,0.012275341306061283,0.022881858962507426,0.03515720026856871,0.0,0.0,0.0,0.0
2024,target_preterm,0.1,195,308301,260299,351278,44239,54707,50682,62560,0.02089840772491816,0.03395383083415232,0.004573452567458447,0.03395383083415232,0.025471860292376608,0.02089840772491816,0.03852728340161077,0.023185134008647384,0.036240557117881544,0.05942569112652893,0.0,0.0,0.0,0.0
2024,target_preterm,0.05,196,307761,130149,175639,27338,33754,30363,38035,0.009829055663323163,0.020847345830043454,0.004081088896903756,0.020847345830043454,0.01391014456022692,0.009829055663323163,0.02492843472694721,0.011869600111775042,0.022887890278495332,0.034757490390270374,0.0,0.0,0.0,0.0
2024,target_preterm,0.1,196,307761,260299,351278,44280,54744,50552,62306,0.020379450287723255,0.034000409408599525,0.004191564233284928,0.034000409408599525,0.024571014521008183,0.020379450287723255,0.03819197364188445,0.02247523240436572,0.03609619152524199,0.05857142392960771,0.0,0.0,0.0,0.0
2024,target_preterm,0.05,197,306306,130149,175639,27528,34069,30268,37815,0.008945303062950133,0.02135446253093312,0.0032842974019444554,0.02135446253093312,0.012229600464894588,0.008945303062950133,0.024638759932877577,0.01058745176392236,0.02299661123190535,0.03358406299582771,0.0,0.0,0.0,0.0
2024,target_preterm,0.1,197,306306,260299,351278,44526,54745,50468,62269,0.019398901751842917,0.03336206277382747,0.0051647698706522305,0.03336206277382747,0.024563671622495148,0.019398901751842917,0.0385268326444797,0.021981286687169033,0.03594444770915359,0.05792573439632262,0.0,0.0,0.0,0.0
2024,target_preterm,0.05,198,307433,130149,175639,27475,33829,30435,38081,0.009628114093152007,0.020667917887799953,0.004202541692010939,0.020667917887799953,0.013830655785162946,0.009628114093152007,0.02487045957981089,0.011729384939157476,0.022769188733805422,0.0344985736729629,0.0,0.0,0.0,0.0
2024,target_preterm,0.1,198,307433,260299,351278,44253,54648,50481,62147,0.020258072490591444,0.03381224526970106,0.004134234125809516,0.03381224526970106,0.02439230661640096,0.020258072490591444,0.037946479395510574,0.022325189553496202,0.035879362332605816,0.05820455188610202,0.0,0.0,0.0,0.0
2024,target_preterm,0.05,199,307331,130149,175639,27763,34224,30728,38319,0.009647578669252366,0.021022936182812674,0.003676817502952845,0.021022936182812674,0.01332439617220521,0.009647578669252366,0.02469975368576552,0.011485987420728788,0.022861344934289096,0.034347332355017884,0.0,0.0,0.0,0.0
2024,target_preterm,0.1,199,307331,260299,351278,44675,55022,50811,62532,0.01996544442311385,0.03366728380801157,0.004470749777926719,0.03366728380801157,0.024436194201040567,0.01996544442311385,0.038138033585938286,0.022200819312077208,0.035902658696974926,0.058103478009052134,0.0,0.0,0.0,0.0
2024,target_preterm,0.05,200,307275,130149,175639,27829,34146,30838,38503,0.009792531120331946,0.020558131966479543,0.004386949800667159,0.020558131966479543,0.014179480920999105,0.009792531120331946,0.0249450817671467,0.011986006020665525,0.022751606866813122,0.03473761288747865,0.0,0.0,0.0,0.0
2024,target_preterm,0.1,200,307275,260299,351278,44799,55304,50837,62742,0.019650150516638182,0.03418761695549588,0.004556179318200321,0.03418761695549588,0.024206329834838503,0.019650150516638182,0.0387437962736962,0.021928240175738342,0.03646570661459604,0.05839394679033438,0.0,0.0,0.0,0.0
2024,target_preterm,0.05,201,307671,130149,175639,27737,34114,30739,38296,0.009757175684416142,0.020726685322958613,0.0038352655921422563,0.020726685322958613,0.013592441276558398,0.009757175684416142,0.02456195091510087,0.01167480848048727,0.02264431811902974,0.03431912659951701,0.0,0.0,0.0,0.0
2024,target_preterm,0.1,201,307671,260299,351278,44475,54761,50628,62336,0.01999863490546719,0.033431815153199346,0.004621820061039256,0.033431815153199346,0.024620454966506444,0.01999863490546719,0.0380536352142386,0.022309544935986816,0.035742725183718974,0.05805227011970579,0.0,0.0,0.0,0.0
2024,target_preterm,0.05,202,307802,130149,175639,27599,34163,30619,38227,0.009811502199465888,0.02132539749579275,0.0033917908265703317,0.02132539749579275,0.01320329302603622,0.009811502199465888,0.02471718832236308,0.011507397612751054,0.023021292909077916,0.03452869052182897,0.0,0.0,0.0,0.0
2024,target_preterm,0.1,202,307802,260299,351278,44681,54995,50735,62610,0.019668488183962413,0.03350855420042756,0.0050714420309159736,0.03350855420042756,0.024739930214878386,0.019668488183962413,0.03857999623134353,0.0222042091994204,0.036044275215885546,0.058248484415305946,0.0,0.0,0.0,0.0
2024,target_preterm,0.05,203,307485,130149,175639,27600,33952,30673,38208,0.009993983446346971,0.020657918272436043,0.0038473421467713903,0.020657918272436043,0.013841325593118362,0.009993983446346971,0.024505260419207434,0.011917654519732666,0.02258158934582174,0.034499243865554405,0.0,0.0,0.0,0.0
2024,target_preterm,0.1,203,307485,260299,351278,44271,54506,50600,62467,0.020583117875668744,0.0332861765614583,0.005307575979316054,0.0332861765614583,0.025890693854984798,0.020583117875668744,0.03859375254077435,0.02323690586532677,0.035939964551116324,0.059176870416443095,0.0,0.0,0.0,0.0
2024,target_preterm,0.05,204,307403,130149,175639,27529,33993,30522,38125,0.009736404654476366,0.021027771362023134,0.003705233846123826,0.021027771362023134,0.013441638500600192,0.009736404654476366,0.02473300520814696,0.011589021577538279,0.022880388285085047,0.034469409862623326,0.0,0.0,0.0,0.0
2024,target_preterm,0.1,204,307403,260299,351278,44630,54965,50627,62607,0.019508592954525505,0.033620361544942634,0.005351281542470304,0.033620361544942634,0.02485987449699581,0.019508592954525505,0.03897164308741294,0.022184233725760658,0.036296002316177786,0.058480236041938444,0.0,0.0,0.0,0.0
2024,target_preterm,0.05,205,307358,130149,175639,27630,33963,30558,38264,0.009526350379687534,0.020604636938033175,0.004467103507961395,0.020604636938033175,0.01399345388764893,0.009526350379687534,0.02507174044599457,0.011759902133668232,0.022838188692013872,0.034598090825682104,0.0,0.0,0.0,0.0
2024,target_preterm,0.1,205,307358,260299,351278,44403,54943,50592,62489,0.020136127902966566,0.0342922585389025,0.004415046948509582,0.0342922585389025,0.02455117485147615,0.020136127902966566,0.03870730548741208,0.022343651377221357,0.03649978201315729,0.05884343339037865,0.0,0.0,0.0,0.0
2024,target_preterm,0.05,206,307440,130149,175639,27893,34305,30934,38463,0.00989136091595108,0.02085610200364299,0.003633229247983344,0.02085610200364299,0.013524590163934425,0.00989136091595108,0.024489331251626334,0.011707975539942753,0.022672716627634662,0.034380692167577415,0.0,0.0,0.0,0.0
2024,target_preterm,0.1,206,307440,260299,351278,44736,55154,50915,62566,0.020098230549050244,0.03388628675513922,0.004010538641686157,0.03388628675513922,0.0241087691907364,0.020098230549050244,0.03789682539682537,0.022103499869893323,0.035891556075982295,0.05799505594587562,0.0,0.0,0.0,0.0
2024,target_preterm,0.05,207,308777,130149,175639,28068,34575,30987,38615,0.00945342431593027,0.02107346078237693,0.0036304517499684275,0.02107346078237693,0.013083876065898697,0.00945342431593027,0.024703912532345357,0.011268650190914484,0.022888686657361143,0.03415733684827563,0.0,0.0,0.0,0.0
2024,target_preterm,0.1,207,308777,260299,351278,45159,55551,51212,62989,0.019603144016555635,0.0336553564546582,0.004485437710710333,0.0336553564546582,0.024088581727265967,0.019603144016555635,0.03814079416536853,0.0218458628719108,0.035898075310013364,0.057743938181924165,0.0,0.0,0.0,0.0
2024,target_preterm,0.05,208,306748,130149,175639,27441,34014,30330,37866,0.009418154315594562,0.021428012570579108,0.0031393847718648588,0.021428012570579108,0.012557539087459421,0.009418154315594562,0.024567397342443967,0.010987846701526992,0.022997704956511537,0.03398555165803853,0.0,0.0,0.0,0.0
2024,target_preterm,0.1,208,306748,260299,351278,44442,54657,50510,62249,0.019781710068199315,0.03330095061744495,0.004968247551736249,0.03330095061744495,0.024749957619935564,0.019781710068199315,0.0382691981691812,0.02226583384406744,0.03578507439331308,0.058050908237380516,0.0,0.0,0.0,0.0
2024,target_preterm,0.05,209,307921,130149,175639,27791,34147,30753,38375,0.009619350417801972,0.02064165808762637,0.004111444169121306,0.02064165808762637,0.013730794586923278,0.009619350417801972,0.024753102256747678,0.011675072502362625,0.022697380172187025,0.03437245267454965,0.0,0.0,0.0,0.0
2024,target_preterm,0.1,209,307921,260299,351278,44756,55170,50712,62574,0.019342623595013014,0.03382036301518898,0.004702504863260376,0.03382036301518898,0.02404512845827339,0.019342623595013014,0.03852286787844936,0.021693876026643202,0.03617161544681917,0.05786549147346237,0.0,0.0,0.0,0.0
2024,target_preterm,0.05,210,307691,130149,175639,27637,34075,30673,38316,0.009867041934928225,0.020923588925252937,0.0039162666441332344,0.020923588925252937,0.01378330857906146,0.009867041934928225,0.02483985556938617,0.011825175256994842,0.022881722247319554,0.034706897504314396,0.0,0.0,0.0,0.0
2024,target_preterm,0.1,210,307691,260299,351278,44753,55342,50788,62890,0.01961383335879177,0.034414396261184116,0.004917270898401299,0.034414396261184116,0.02453110425719307,0.01961383335879177,0.039331667159585415,0.02207246880799242,0.036873031710384765,0.058945500518377186,0.0,0.0,0.0,0.0
2024,target_preterm,0.05,211,308463,130149,175639,27786,34209,30923,38514,0.010169777250431986,0.02082259460616022,0.003786515724738468,0.02082259460616022,0.013956292975170453,0.010169777250431986,0.024609110330898687,0.01206303511280122,0.022715852468529453,0.03477888758133067,0.0,0.0,0.0,0.0
2024,target_preterm,0.1,211,308463,260299,351278,44710,55155,51055,62766,0.020569727973857477,0.033861435569257886,0.004104219955067545,0.033861435569257886,0.024673947928925022,0.020569727973857477,0.03796565552432543,0.02262183795139125,0.03591354554679166,0.05853538349818291,0.0,0.0,0.0,0.0
2024,target_preterm,0.05,212,307240,130149,175639,27744,34261,30772,38489,0.009855487566723081,0.02121143080328082,0.0039057414399166768,0.02121143080328082,0.013761229006639758,0.009855487566723081,0.025117172243197497,0.01180835828668142,0.02316430152323916,0.03497265980992058,0.0,0.0,0.0,0.0
2024,target_preterm,0.1,212,307240,260299,351278,44814,55083,51097,62963,0.02044981122249709,0.033423382372086974,0.005197890899622443,0.033423382372086974,0.02564770212211953,0.02044981122249709,0.038621273271709416,0.02304875667230831,0.036022327821898195,0.059071084494206505,0.0,0.0,0.0,0.0
2024,target_preterm,0.05,213,308214,130149,175639,27788,34305,30720,38292,0.009512870927342695,0.021144399670358915,0.00342294639438831,0.021144399670358915,0.012935817321731005,0.009512870927342695,0.024567346064747225,0.01122434412453685,0.02285587286755307,0.03408021699208992,0.0,0.0,0.0,0.0
2024,target_preterm,0.1,213,308214,260299,351278,44903,55339,50931,62808,0.019557839682817796,0.033859591063352096,0.004675322989870667,0.033859591063352096,0.024233162672688463,0.019557839682817796,0.03853491405322276,0.02189550117775313,0.03619725255828743,0.05809275373604056,0.0,0.0,0.0,0.0
2024,target_preterm,0.05,214,307458,130149,175639,27748,34223,30665,38328,0.009487474711993182,0.021059787027821686,0.0038639423921316,0.021059787027821686,0.013351417104124783,0.009487474711993182,0.024923729419953286,0.011419445908058982,0.022991758223887486,0.03441120413194647,0.0,0.0,0.0,0.0
2024,target_preterm,0.1,214,307458,260299,351278,44772,55056,50781,62696,0.019544132857170743,0.033448471010674635,0.005304789597278314,0.033448471010674635,0.024848922454449057,0.019544132857170743,0.03875326060795295,0.0221965276558099,0.03610086580931379,0.05829739346512369,0.0,0.0,0.0,0.0
2024,target_preterm,0.05,215,306876,130149,175639,27653,34176,30664,38176,0.009811780654075258,0.021256142546175,0.0032228000886351527,0.021256142546175,0.013034580742710411,0.009811780654075258,0.024478942634810152,0.011423180698392835,0.022867542590492576,0.03429072328888541,0.0,0.0,0.0,0.0
2024,target_preterm,0.1,215,306876,260299,351278,44605,54974,50709,62519,0.019890770213376097,0.03378889193029108,0.00469570771256142,0.03378889193029108,0.024586477925937517,0.019890770213376097,0.0384845996428525,0.022238624069656807,0.03613674578657179,0.0583753698562286,0.0,0.0,0.0,0.0
2024,target_preterm,0.05,216,307088,130149,175639,27666,34225,30589,38259,0.009518444224456829,0.021358698483822228,0.003617855468139433,0.021358698483822228,0.013136299692596262,0.009518444224456829,0.02497655395196166,0.011327371958526546,0.023167626217891944,0.03449499817641849,0.0,0.0,0.0,0.0
2024,target_preterm,0.1,216,307088,260299,351278,44680,55113,50865,62733,0.020140806544052536,0.033973974886677444,0.004672927629865042,0.033973974886677444,0.02481373417391758,0.020140806544052536,0.038646902516542486,0.022477270358985058,0.036310438701609965,0.05878770906059502,0.0,0.0,0.0,0.0
2024,target_preterm,0.05,217,308137,130149,175639,27762,34079,30808,38367,0.00988521339534039,0.020500621476810643,0.0040306746674368815,0.020500621476810643,0.01391588806277727,0.00988521339534039,0.024531296144247525,0.01190055072905883,0.022515958810529084,0.034416509539587914,0.0,0.0,0.0,0.0
2024,target_preterm,0.1,217,308137,260299,351278,44652,55142,50682,62491,0.019569217588280535,0.03404329892223262,0.004280563515579122,0.03404329892223262,0.023849781103859657,0.019569217588280535,0.038323862437811745,0.021709499346070096,0.036183580680022184,0.05789308002609228,0.0,0.0,0.0,0.0
2024,target_preterm,0.05,218,307285,130149,175639,27732,34138,30358,38208,0.00854581251932246,0.020847096343785093,0.00469922059326032,0.020847096343785093,0.01324503311258278,0.00854581251932246,0.025546316937045413,0.01089542281595262,0.023196706640415253,0.03409212945636787,0.0,0.0,0.0,0.0
2024,target_preterm,0.1,218,307285,260299,351278,44656,55024,50750,62497,0.01983175228208342,0.03374066420424038,0.004487690580405795,0.03374066420424038,0.024319442862489216,0.01983175228208342,0.038228354784646174,0.022075597572286318,0.035984509494443276,0.058060107066729594,0.0,0.0,0.0,0.0
2024,target_preterm,0.05,219,307395,130149,175639,27551,34004,30655,38176,0.01009775695766034,0.020992534036012298,0.003474357097545497,0.020992534036012298,0.013572114055205836,0.01009775695766034,0.024466891133557794,0.011834935506433088,0.022729712584785046,0.034564648091218134,0.0,0.0,0.0,0.0
2024,target_preterm,0.1,219,307395,260299,351278,44478,54778,50668,62505,0.020136957335024963,0.033507376502545566,0.005000081328583761,0.033507376502545566,0.025137038663608724,0.020136957335024963,0.03850745783112933,0.022636997999316844,0.03600741716683745,0.05864441516615429,0.0,0.0,0.0,0.0
2024,target_preterm,0.05,220,307217,130149,175639,27803,34244,30452,38060,0.00862256971456657,0.020965636667241716,0.003798617915024241,0.020965636667241716,0.01242118762959081,0.00862256971456657,0.024764254582265957,0.01052187867207869,0.022864945624753837,0.033386824296832526,0.0,0.0,0.0,0.0
2024,target_preterm,0.1,220,307217,260299,351278,44724,55198,50553,62488,0.018973559405892265,0.03409316541727836,0.004755596207241114,0.03409316541727836,0.02372915561313338,0.018973559405892265,0.03884876162451947,0.021351357509512822,0.036470963520898916,0.05782232103041174,0.0,0.0,0.0,0.0
2024,target_preterm,0.05,221,307727,130149,175639,27752,34204,30657,38325,0.00944018561907145,0.020966636011789663,0.003951554462234386,0.020966636011789663,0.013391740081305836,0.00944018561907145,0.02491819047402405,0.011415962850188643,0.022942413242906856,0.0343583760930955,0.0,0.0,0.0,0.0
2024,target_preterm,0.1,221,307727,260299,351278,44702,55100,50862,62800,0.020017742999476784,0.03378969021242853,0.005004435749869224,0.03378969021242853,0.025022178749346008,0.020017742999476784,0.038794125962297754,0.022519960874411396,0.03629190808736314,0.05881186896177454,0.0,0.0,0.0,0.0
2024,target_preterm,0.05,222,306690,130149,175639,27334,33869,30346,37854,0.009820991881052524,0.02130816133555055,0.0031725846946428077,0.02130816133555055,0.012993576575695331,0.009820991881052524,0.02448074603019336,0.011407284228373928,0.022894453682871956,0.03430173791124588,0.0,0.0,0.0,0.0
2024,target_preterm,0.1,222,306690,260299,351278,44407,54652,50419,62171,0.01960285630441161,0.03340506700577128,0.004913756562000743,0.03340506700577128,0.02451661286641235,0.01960285630441161,0.038318823567772026,0.02205973458541198,0.035861945286771654,0.057921679872183635,0.0,0.0,0.0,0.0
2024,target_preterm,0.05,223,307223,130149,175639,27588,33953,30577,38179,0.009729089293444834,0.02071784990056083,0.004026391253259029,0.02071784990056083,0.013755480546703863,0.009729089293444834,0.02474424115381986,0.011742284920074349,0.022731045527190345,0.034473330447264694,0.0,0.0,0.0,0.0
2024,target_preterm,0.1,223,307223,260299,351278,44475,54846,50632,62476,0.020040817256520516,0.03375723822760665,0.0047945629070740015,0.03375723822760665,0.024835380163594517,0.020040817256520516,0.03855180113468065,0.022438098710057516,0.03615451968114365,0.05859261839120117,0.0,0.0,0.0,0.0
2024,target_preterm,0.05,224,307563,130149,175639,27682,34013,30828,38416,0.010228798652633778,0.02058440059434978,0.00408696754811208,0.02058440059434978,0.014315766200745858,0.010228798652633778,0.02467136814246186,0.012272282426689818,0.02262788436840582,0.03490016679509564,0.0,0.0,0.0,0.0
2024,target_preterm,0.1,224,307563,260299,351278,44580,54967,50838,62739,0.020347050848118914,0.033771942658902404,0.004922568709500169,0.033771942658902404,0.025269619557619083,0.020347050848118914,0.03869451136840257,0.022808335202869,0.03623322701365249,0.05904156221652149,0.0,0.0,0.0,0.0
2024,target_preterm,0.05,225,307144,130149,175639,27978,34222,30933,38606,0.009620894433881172,0.020329226681947227,0.004652540827755056,0.020329226681947227,0.014273435261636228,0.009620894433881172,0.024981767509702282,0.0119471648477587,0.022655497095824755,0.034602661943583454,0.0,0.0,0.0,0.0
2024,target_preterm,0.1,225,307144,260299,351278,44775,55172,50936,62739,0.020058995129320467,0.03385057171880293,0.00457765738546087,0.03385057171880293,0.024636652514781338,0.020058995129320467,0.0384282291042638,0.022347823822050902,0.036139400411533365,0.05848722423358427,0.0,0.0,0.0,0.0
2024,target_preterm,0.05,226,307514,130149,175639,27583,34011,30739,38353,0.010262947378005566,0.020903113354188763,0.0038567349779196902,0.020903113354188763,0.014119682355925256,0.010262947378005566,0.024759848332108453,0.012191314866965411,0.022831480843148608,0.03502279571011402,0.0,0.0,0.0,0.0
2024,target_preterm,0.1,226,307514,260299,351278,44400,54873,50825,62643,0.020893357700787624,0.03405698602340057,0.004373784608180414,0.03405698602340057,0.025267142308968038,0.020893357700787624,0.038430770631580985,0.02308025000487783,0.03624387832749078,0.05932412833236861,0.0,0.0,0.0,0.0
2024,target_preterm,0.05,227,307549,130149,175639,27793,34145,30658,38184,0.009315588735453545,0.02065361942324638,0.0038172778971806015,0.02065361942324638,0.013132866632634146,0.009315588735453545,0.024470897320426982,0.011224227684043846,0.02256225837183668,0.03378648605588053,0.0,0.0,0.0,0.0
2024,target_preterm,0.1,227,307549,260299,351278,44701,55252,50674,62515,0.01942129546836438,0.03430672835873308,0.004194453566748718,0.03430672835873308,0.0236157490351131,0.01942129546836438,0.0385011819254818,0.02151852225173874,0.03640395514210744,0.05792247739384618,0.0,0.0,0.0,0.0
2024,target_preterm,0.05,228,307436,130149,175639,27641,34037,30672,38317,0.009858962515775643,0.020804330006895744,0.004062634174267166,0.020804330006895744,0.013921596690042809,0.009858962515775643,0.02486696418116291,0.011890279602909226,0.022835647094029327,0.03472592669693855,0.0,0.0,0.0,0.0
2024,target_preterm,0.1,228,307436,260299,351278,44634,55047,50827,62794,0.020144029976970818,0.033870464096592445,0.005054710573908078,0.033870464096592445,0.025198740550878895,0.020144029976970818,0.03892517467050052,0.022671385263924856,0.036397819383546484,0.05906920464747134,0.0,0.0,0.0,0.0
2024,target_preterm,0.05,229,307878,130149,175639,28048,34407,31136,38729,0.010029946927029534,0.020654285138918663,0.004008081123042254,0.020654285138918663,0.014038028050071788,0.010029946927029534,0.024662366261960916,0.012033987488550661,0.02265832570043979,0.03469231318899045,0.0,0.0,0.0,0.0
2024,target_preterm,0.1,229,307878,260299,351278,45014,55330,51095,63113,0.019751330072301343,0.03350677865907922,0.005528163753174997,0.03350677865907922,0.02527949382547634,0.019751330072301343,0.03903494241225422,0.02251541194888884,0.03627086053566672,0.05878627248455556,0.0,0.0,0.0,0.0
2024,target_preterm,0.05,230,307424,130149,175639,27523,33885,30700,38255,0.010334261476007078,0.020694545643801396,0.003880633912771936,0.020694545643801396,0.014214895388779014,0.010334261476007078,0.02457517955657333,0.012274578432393046,0.022634862600187364,0.03490944103258041,0.0,0.0,0.0,0.0
2024,target_preterm,0.1,230,307424,260299,351278,44218,54558,50514,62270,0.02047985843655667,0.03363432913500572,0.004606016446341232,0.03363432913500572,0.0250858748828979,0.02047985843655667,0.03824034558134695,0.022782866659727286,0.035937337358176336,0.05872020401790362,0.0,0.0,0.0,0.0
2024,target_preterm,0.05,231,307895,130149,175639,27497,34018,30517,38122,0.009808538625180663,0.021179298137352018,0.0035206807515549138,0.021179298137352018,0.013329219376735577,0.009808538625180663,0.02469997888890693,0.01156887900095812,0.022939638513129475,0.034508517514087594,0.0,0.0,0.0,0.0
2024,target_preterm,0.1,231,307895,260299,351278,44520,54871,50718,62513,0.020130239204923767,0.03361860374478315,0.004689910521443963,0.03361860374478315,0.02482014972636773,0.020130239204923767,0.03830851426622711,0.022475194465645748,0.03596355900550513,0.05843875347115088,0.0,0.0,0.0,0.0
2024,target_preterm,0.05,232,307379,130149,175639,27725,34086,30693,38315,0.009655832050985927,0.02069432199336975,0.0041024272965947545,0.02069432199336975,0.013758259347580681,0.009655832050985927,0.024796749289964504,0.011707045699283304,0.022745535641667126,0.03445258134095043,0.0,0.0,0.0,0.0
2024,target_preterm,0.1,232,307379,260299,351278,44670,55241,50769,62609,0.019841954069731493,0.03439076839992322,0.004128453798079912,0.03439076839992322,0.023970407867811405,0.019841954069731493,0.038519222198003134,0.02190618096877145,0.03645499529896318,0.05836117626773463,0.0,0.0,0.0,0.0
2024,target_preterm,0.05,233,307284,130149,175639,27761,34153,30742,38359,0.009701123390739516,0.020801603728147253,0.003986540138764136,0.020801603728147253,0.013687663529503652,0.009701123390739516,0.02478814386691139,0.011694393460121584,0.02279487379752932,0.034489267257650905,0.0,0.0,0.0,0.0
2024,target_preterm,0.1,233,307284,260299,351278,44568,55000,50788,62513,0.02024186094947994,0.03394905038986734,0.004207833795446592,0.03394905038986734,0.02444969474492653,0.02024186094947994,0.03815688418531393,0.022345777847203235,0.03605296728759064,0.05839874513479387,0.0,0.0,0.0,0.0
2024,target_preterm,0.05,234,307425,130149,175639,27851,34304,30756,38350,0.009449459217695383,0.02099048548426445,0.003711474343335769,0.02099048548426445,0.013160933561031152,0.009449459217695383,0.02470195982760022,0.011305196389363267,0.022846222655932336,0.0341514190452956,0.0,0.0,0.0,0.0
2024,target_preterm,0.1,234,307425,260299,351278,45003,55377,50912,62770,0.019220948198747645,0.03374481580873384,0.004827193624461268,0.03374481580873384,0.024048141823208913,0.019220948198747645,0.03857200943319511,0.02163454501097828,0.036158412620964475,0.057792957631942754,0.0,0.0,0.0,0.0
2024,target_preterm,0.05,235,307889,130149,175639,27633,34056,30553,38184,0.009483937393021516,0.020861414340882595,0.003923491907797935,0.020861414340882595,0.013407429300819451,0.009483937393021516,0.02478490624868053,0.011445683346920484,0.022823160294781562,0.034268843641702046,0.0,0.0,0.0,0.0
2024,target_preterm,0.1,235,307889,260299,351278,44586,55021,50704,62524,0.019870797592638906,0.03389208448499295,0.004498374414155765,0.03389208448499295,0.02436917200679467,0.019870797592638906,0.038390458899148716,0.022119984799716788,0.036141271692070834,0.05826125649178762,0.0,0.0,0.0,0.0
2024,target_preterm,0.05,236,307491,130149,175639,27752,34170,30763,38423,0.009792156518402165,0.02087215560780642,0.004039142609051971,0.02087215560780642,0.013831299127454136,0.009792156518402165,0.02491129821685839,0.01181172782292815,0.022891726912332405,0.034703454735260555,0.0,0.0,0.0,0.0
2024,target_preterm,0.1,236,307491,260299,351278,44724,55145,50834,62745,0.019870500274804775,0.033890422809122855,0.004845670279780556,0.033890422809122855,0.02471617055458533,0.019870500274804775,0.03873609308890341,0.022293335414695054,0.036313257949013134,0.05860659336370819,0.0,0.0,0.0,0.0
2024,target_preterm,0.05,237,307277,130149,175639,27759,34143,30803,38395,0.009906371124425203,0.020776042463314867,0.0039313062806523025,0.020776042463314867,0.013837677405077506,0.009906371124425203,0.02470734874396717,0.011872024264751355,0.02274169560364102,0.03461371986839237,0.0,0.0,0.0,0.0
2024,target_preterm,0.1,237,307277,260299,351278,44507,54865,50743,62558,0.02029439235608263,0.0337089987210237,0.004741650042144385,0.0337089987210237,0.025036042398227015,0.02029439235608263,0.03845064876316809,0.022665217377154823,0.036079823742095896,0.05874504111925072,0.0,0.0,0.0,0.0
2024,target_preterm,0.05,238,307419,130149,175639,27447,33969,30521,38083,0.009999381951017988,0.02121534452977858,0.0033830049541505314,0.02121534452977858,0.01338238690516852,0.009999381951017988,0.02459834948392911,0.011690884428093254,0.022906847006853845,0.0345977314349471,0.0,0.0,0.0,0.0
2024,target_preterm,0.1,238,307419,260299,351278,44452,54899,50539,62386,0.019800337649917538,0.033982935342317805,0.004554045130587242,0.033982935342317805,0.02435438278050478,0.019800337649917538,0.03853698047290505,0.02207736021521116,0.036259957907611426,0.058337318122822585,0.0,0.0,0.0,0.0
2024,target_preterm,0.05,239,307389,130149,175639,27727,34228,30711,38259,0.009707569236374766,0.02114909772308053,0.0034061075705376503,0.02114909772308053,0.013113676806912417,0.009707569236374766,0.024555205293618182,0.011410623021643591,0.022852151508349357,0.03426277452999295,0.0,0.0,0.0,0.0
2024,target_preterm,0.1,239,307389,260299,351278,44755,55116,50838,62678,0.01978925726034439,0.03370647615887362,0.00481149292915492,0.03370647615887362,0.02460075018949931,0.01978925726034439,0.03851796908802854,0.02219500372492185,0.03611222262345108,0.05830722634837293,0.0,0.0,0.0,0.0
2024,target_preterm,0.05,240,306820,130149,175639,27877,34230,30632,38245,0.00897920604914934,0.020705951372140027,0.004106642331008409,0.020705951372140027,0.01308584838015775,0.00897920604914934,0.024812593703148436,0.011032527214653545,0.022759272537644232,0.03379179975229778,0.0,0.0,0.0,0.0
2024,target_preterm,0.1,240,306820,260299,351278,44792,55290,50569,62531,0.018828629163679028,0.03421550094517958,0.004771527279838345,0.03421550094517958,0.023600156443517373,0.018828629163679028,0.03898702822501793,0.0212143928035982,0.036601264585098756,0.057815657388696956,0.0,0.0,0.0,0.0
2024,target_preterm,0.05,241,307815,130149,175639,27443,33794,30720,38350,0.010646004905543918,0.02063252278154086,0.004155093156603798,0.02063252278154086,0.014801098062147716,0.010646004905543918,0.024787615938144658,0.012723551483845817,0.02271006935984276,0.035433620843688576,0.0,0.0,0.0,0.0
2024,target_preterm,0.1,241,307815,260299,351278,44377,54922,50645,62494,0.020362880301479785,0.03425758978607282,0.004236310771080026,0.03425758978607282,0.024599191072559812,0.020362880301479785,0.03849390055715285,0.0224810356870198,0.036375745171612836,0.058856780858632635,0.0,0.0,0.0,0.0
2024,target_preterm,0.05,242,307930,130149,175639,27467,33716,30542,38089,0.00998603578735427,0.02029357321469165,0.004215243724223036,0.02029357321469165,0.014201279511577306,0.00998603578735427,0.024508816938914685,0.012093657649465787,0.022401195076803167,0.034494852726268954,0.0,0.0,0.0,0.0
2024,target_preterm,0.1,242,307930,260299,351278,44293,54623,50422,62211,0.019903874257136356,0.033546585262884426,0.00473808982560972,0.033546585262884426,0.024641964082746076,0.019903874257136356,0.03828467508849415,0.022272919169941216,0.035915630175689287,0.0581885493456305,0.0,0.0,0.0,0.0
2024,target_preterm,0.05,243,308280,130149,175639,28016,34608,31020,38733,0.009744388218502667,0.02138315816789932,0.0036363046581030234,0.02138315816789932,0.01338069287660569,0.009744388218502667,0.025019462826002342,0.011562540547554179,0.02320131049695083,0.03476385104450501,0.0,0.0,0.0,0.0
2024,target_preterm,0.1,243,308280,260299,351278,45046,55427,51328,63160,0.020377578824445297,0.03367393278837419,0.00470676008823151,0.03367393278837419,0.025084338912676807,0.020377578824445297,0.0383806928766057,0.022730958868561052,0.036027312832489944,0.058758271701050996,0.0,0.0,0.0,0.0
2024,target_preterm,0.05,244,307514,130149,175639,27702,34203,30708,38267,0.009775164707948258,0.0211405009202833,0.0034404937661374757,0.0211405009202833,0.013215658474085734,0.009775164707948258,0.024580994686420776,0.011495411591016996,0.02286074780335204,0.034356159394369035,0.0,0.0,0.0,0.0
2024,target_preterm,0.1,244,307514,260299,351278,44734,55142,50795,62676,0.019709671754781888,0.033845613533042385,0.004790025819962684,0.033845613533042385,0.024499697574744572,0.019709671754781888,0.03863563935300507,0.02210468466476323,0.03624062644302373,0.05834531110778696,0.0,0.0,0.0,0.0
2024,target_preterm,0.05,245,307430,130149,175639,27721,34251,30438,38183,0.008837784211039909,0.021240607617994345,0.0039521191816023205,0.021240607617994345,0.01278990339264223,0.008837784211039909,0.025192726799596665,0.01081384380184107,0.023216667208795505,0.034030511010636574,0.0,0.0,0.0,0.0
2024,target_preterm,0.1,245,307430,260299,351278,44868,54991,50736,62589,0.019087271899294156,0.032927820967374705,0.005627297270923454,0.032927820967374705,0.02471456917021761,0.019087271899294156,0.03855511823829816,0.021900920534755883,0.03574146960283643,0.057642390137592314,0.0,0.0,0.0,0.0
2024,target_preterm,0.05,246,307711,130149,175639,27771,34176,30759,38405,0.009710410092586885,0.02081498548963151,0.0040330049949465485,0.02081498548963151,0.013743415087533434,0.009710410092586885,0.02484799048457806,0.01172691259006016,0.022831487987104784,0.034558400577164944,0.0,0.0,0.0,0.0
2024,target_preterm,0.1,246,307711,260299,351278,44649,54899,50926,62833,0.020399010760096342,0.03331047638855941,0.005384922865935865,0.03331047638855941,0.025783933626032207,0.020399010760096342,0.03869539925449528,0.023091472193064275,0.036002937821527345,0.05909441001459162,0.0,0.0,0.0,0.0
2024,target_preterm,0.05,247,307261,130149,175639,27707,34093,30595,38137,0.009399175293968318,0.02078363345820003,0.0037622737672532575,0.02078363345820003,0.013161449061221575,0.009399175293968318,0.024545907225453287,0.011280312177594946,0.022664770341826658,0.033945082519421604,0.0,0.0,0.0,0.0
2024,target_preterm,0.1,247,307261,260299,351278,44620,55135,50530,62331,0.019234461906978112,0.034221720296425534,0.00418536683796511,0.034221720296425534,0.023419828744943222,0.019234461906978112,0.038407087134390644,0.021327145325960667,0.03631440371540809,0.057641549041368756,0.0,0.0,0.0,0.0
2024,target_preterm,0.05,248,308092,130149,175639,27813,34420,30635,38299,0.009159601677421025,0.02144489308388403,0.0034307933993742157,0.02144489308388403,0.012590395076795241,0.009159601677421025,0.024875686483258247,0.010874998377108133,0.02316028978357114,0.03403528816067927,0.0,0.0,0.0,0.0
2024,target_preterm,0.1,248,308092,260299,351278,44961,55549,50988,62885,0.01956233852225961,0.03436635810082703,0.004248730898562758,0.03436635810082703,0.023811069420822367,0.01956233852225961,0.038615088999389785,0.021686703971540988,0.036490723550108406,0.058177427521649394,0.0,0.0,0.0,0.0
2024,target_preterm,0.05,249,307830,130149,175639,27757,34207,30663,38327,0.009440275476724172,0.020953123477243943,0.003943735178507601,0.020953123477243943,0.013384010655231773,0.009440275476724172,0.024896858655751544,0.011412143065977973,0.022924991066497744,0.034337134132475716,0.0,0.0,0.0,0.0
2024,target_preterm,0.1,249,307830,260299,351278,44700,55152,50809,62629,0.01984536919728422,0.033953805671961795,0.004444011304941042,0.033953805671961795,0.02428938050222526,0.01984536919728422,0.03839781697690284,0.02206737484975474,0.036175811324432317,0.058243186174187056,0.0,0.0,0.0,0.0
2024,target_preterm,0.05,250,307511,130149,175639,27833,34224,30864,38460,0.009856557976787833,0.020782996380617286,0.003918559010897146,0.020782996380617286,0.01377511698768498,0.009856557976787833,0.024701555391514432,0.011815837482236406,0.02274227588606586,0.034558113368302265,0.0,0.0,0.0,0.0
2024,target_preterm,0.1,250,307511,260299,351278,44924,55226,50906,63004,0.019452962658246392,0.033501240606027105,0.00584044148014215,0.033501240606027105,0.025293404138388542,0.019452962658246392,0.039341682086169255,0.022373183398317467,0.03642146134609818,0.05879464474441565,0.0,0.0,0.0,0.0
2024,target_preterm,0.05,251,308006,130149,175639,27520,33926,30574,38012,0.00991539125861185,0.02079829613708825,0.0033505840795309133,0.02079829613708825,0.013265975338142763,0.00991539125861185,0.024148880216619165,0.011590683298377306,0.022473588176853708,0.034064271475231014,0.0,0.0,0.0,0.0
2024,target_preterm,0.1,251,308006,260299,351278,44415,54793,50429,62398,0.019525593657266416,0.03369414881528282,0.005165483789276837,0.03369414881528282,0.024691077446543253,0.019525593657266416,0.03885963260455966,0.022108335551904834,0.03627689070992124,0.05838522626182607,0.0,0.0,0.0,0.0
2024,target_preterm,0.05,252,307575,130149,175639,27590,34027,30803,38359,0.01044623262618874,0.02092822888726327,0.0036381370397464002,0.02092822888726327,0.01408436966593514,0.01044623262618874,0.02456636592700967,0.01226530114606194,0.02274729740713647,0.03501259855319841,0.0,0.0,0.0,0.0
2024,target_preterm,0.1,252,307575,260299,351278,44558,54980,50771,62658,0.02019995123140697,0.03388441843452816,0.004763065918881565,0.03388441843452816,0.024963017150288536,0.02019995123140697,0.03864748435340973,0.022581484190847753,0.036265951393968945,0.0588474355848167,0.0,0.0,0.0,0.0
2024,target_preterm,0.05,253,306709,130149,175639,27598,33985,30604,38261,0.009800820973626459,0.020824299254342052,0.004140732746675202,0.020824299254342052,0.013941553720301661,0.009800820973626459,0.024965032001017254,0.01187118734696406,0.022894665627679653,0.03476585297464371,0.0,0.0,0.0,0.0
2024,target_preterm,0.1,253,306709,260299,351278,44455,54835,50625,62478,0.020116788225973153,0.03384315426022713,0.004802597902246103,0.03384315426022713,0.024919386128219256,0.020116788225973153,0.038645752162473235,0.022518087177096205,0.03624445321135018,0.05876254038844639,0.0,0.0,0.0,0.0
2024,target_preterm,0.05,254,306685,130149,175639,27368,33859,30524,38025,0.010290689143583803,0.021165039046578737,0.0032932813799175092,0.021165039046578737,0.013583970523501313,0.010290689143583803,0.024458320426496247,0.011937329833542558,0.022811679736537492,0.03474900957008005,0.0,0.0,0.0,0.0
2024,target_preterm,0.1,254,306685,260299,351278,44224,54753,50597,62339,0.020780279439816113,0.034331643216981594,0.003955198330534565,0.034331643216981594,0.024735477770350678,0.020780279439816113,0.03828684154751616,0.022757878605083395,0.03630924238224888,0.05906712098733227,0.0,0.0,0.0,0.0
2024,target_preterm,0.05,255,308063,130149,175639,27869,34370,30789,38418,0.009478580679925852,0.021102826369930827,0.0036615887010124637,0.021102826369930827,0.013140169380938316,0.009478580679925852,0.02476441507094329,0.011309375030432084,0.02293362072043706,0.03424299575086914,0.0,0.0,0.0,0.0
2024,target_preterm,0.1,255,308063,260299,351278,44898,55385,50952,62799,0.019651824464476414,0.03404173821588441,0.004414681412568233,0.03404173821588441,0.024066505877044647,0.019651824464476414,0.03845641962845264,0.02185916517076053,0.036249078922168526,0.05810824409292906,0.0,0.0,0.0,0.0
2024,target_preterm,0.05,256,307347,130149,175639,27743,34188,30647,38237,0.00944860369549727,0.020969783339352593,0.003725430864788007,0.020969783339352593,0.013174034560285278,0.00944860369549727,0.0246952142041406,0.011311319127891274,0.022832498771746597,0.03414381789963787,0.0,0.0,0.0,0.0
2024,target_preterm,0.1,256,307347,260299,351278,44511,54885,50638,62285,0.0199351221908787,0.03375337973040243,0.004141898245305808,0.03375337973040243,0.02407702043618451,0.0199351221908787,0.03789527797570824,0.022006071313531606,0.03582432885305534,0.05783040016658694,0.0,0.0,0.0,0.0
2024,target_preterm,0.05,257,308272,130149,175639,27656,34115,30511,38172,0.009261301707582922,0.02095227591218146,0.003899153993875526,0.02095227591218146,0.013160455701458448,0.009261301707582922,0.024851429906056988,0.011210878704520685,0.022901852909119225,0.03411273161363991,0.0,0.0,0.0,0.0
2024,target_preterm,0.1,257,308272,260299,351278,44759,55124,50745,62639,0.01941791664504075,0.033622904448019936,0.004959905537966464,0.033622904448019936,0.024377822183007214,0.01941791664504075,0.0385828099859864,0.021897869414023982,0.03610285721700317,0.05800072663102715,0.0,0.0,0.0,0.0
2024,target_preterm,0.05,258,307243,130149,175639,27798,34379,30851,38454,0.009936760154014901,0.021419527865565696,0.0033263573132666924,0.021419527865565696,0.013263117467281593,0.009936760154014901,0.02474588517883239,0.011599938810648247,0.023082706522199042,0.03468264533284729,0.0,0.0,0.0,0.0
2024,target_preterm,0.1,258,307243,260299,351278,44672,55130,51046,62744,0.020745794045755328,0.03403820428781129,0.004035893413356834,0.03403820428781129,0.02478168745911216,0.020745794045755328,0.038074097701168125,0.022763740752433745,0.03605615099448971,0.05881989174692345,0.0,0.0,0.0,0.0
2024,target_preterm,0.05,259,307712,130149,175639,27610,34114,30484,38086,0.009339902246256249,0.021136647254575716,0.003568271630615627,0.021136647254575716,0.012908173876871876,0.009339902246256249,0.024704918885191343,0.011124038061564062,0.02292078306988353,0.03404482113144759,0.0,0.0,0.0,0.0
2024,target_preterm,0.1,259,307712,260299,351278,44786,55191,50650,62563,0.01905678036605657,0.03381408589850249,0.004900686356073214,0.03381408589850249,0.023957466722129783,0.01905678036605657,0.0387147722545757,0.021507123544093176,0.036264429076539095,0.05777155262063227,0.0,0.0,0.0,0.0
2024,target_preterm,0.05,260,307719,130149,175639,27843,34179,30726,38476,0.009368937244694023,0.02059021379895294,0.0045951013749557235,0.02059021379895294,0.013964038619649746,0.009368937244694023,0.025185315173908665,0.011666487932171885,0.022887764486430803,0.03455425241860269,0.0,0.0,0.0,0.0
2024,target_preterm,0.1,260,307719,260299,351278,44685,54946,50924,62702,0.020274991144518223,0.03334535729025506,0.004929822337912199,0.03334535729025506,0.02520481348243042,0.020274991144518223,0.03827517962816726,0.022739902313474322,0.03581026845921116,0.058550170772685484,0.0,0.0,0.0,0.0
2024,target_preterm,0.05,261,308468,130149,175639,27817,34276,30801,38381,0.009673612822075545,0.020938962874593153,0.003634088462984811,0.020938962874593153,0.013307701285060355,0.009673612822075545,0.024573051337577964,0.01149065705356795,0.02275600710608556,0.03424666415965351,0.0,0.0,0.0,0.0
2024,target_preterm,0.1,261,308468,260299,351278,44964,55486,50910,62936,0.019275905442379754,0.03411050741081734,0.0048757083392766964,0.03411050741081734,0.02415161378165645,0.019275905442379754,0.03898621575009403,0.021713759612018102,0.036548361580455685,0.05826212119247379,0.0,0.0,0.0,0.0
2024,target_preterm,0.05,262,307661,130149,175639,27798,34221,30656,38351,0.009289445201049212,0.020876874221952085,0.004134420677303907,0.020876874221952085,0.01342386587835312,0.009289445201049212,0.025011294899255992,0.011356655539701166,0.02294408456060404,0.034300740100305205,0.0,0.0,0.0,0.0
2024,target_preterm,0.1,262,307661,260299,351278,44711,55088,50824,62680,0.019869271698395308,0.03372868189338263,0.004807239136582153,0.03372868189338263,0.02467651083497746,0.019869271698395308,0.03853592102996478,0.022272891266686384,0.036132301461673705,0.05840519272836009,0.0,0.0,0.0,0.0
2024,target_preterm,0.05,263,306674,130149,175639,27929,34375,30761,38443,0.00923456178221825,0.021019062587633766,0.004030338404951192,0.021019062587633766,0.013264900187169443,0.00923456178221825,0.025049400992584958,0.011249730984693847,0.023034231790109362,0.03428396277480321,0.0,0.0,0.0,0.0
2024,target_preterm,0.1,263,306674,260299,351278,44824,55411,50745,62342,0.019307147003006453,0.034522000560856164,0.0032933995056639853,0.034522000560856164,0.022600546508670438,0.019307147003006453,0.03781540006652015,0.020953846755838446,0.03616870031368816,0.0571225470695266,0.0,0.0,0.0,0.0
2024,target_preterm,0.05,264,306976,130149,175639,27756,34256,30592,38389,0.009238507244866037,0.021174293755863646,0.004225086000208503,0.021174293755863646,0.01346359324507454,0.009238507244866037,0.02539937975607215,0.011351050244970289,0.023286836755967898,0.034637887000938186,0.0,0.0,0.0,0.0
2024,target_preterm,0.1,264,306976,260299,351278,44671,55131,50926,62710,0.020376185760450305,0.034074325028666724,0.0043130407588867214,0.034074325028666724,0.024689226519337026,0.020376185760450305,0.038387365787553446,0.022532706139893666,0.036230845408110085,0.05876355154800375,0.0,0.0,0.0,0.0
2024,target_preterm,0.05,265,307481,130149,175639,27447,33965,30371,37941,0.009509530670187755,0.021198057766170925,0.0034213496118459252,0.021198057766170925,0.01293088028203368,0.009509530670187755,0.02461940737801685,0.011220205476110717,0.022908732572093887,0.034128938048204605,0.0,0.0,0.0,0.0
2024,target_preterm,0.1,265,307481,260299,351278,44537,54865,50493,62533,0.019370302555279828,0.03358906729196276,0.005567823702927993,0.03358906729196276,0.02493812625820782,0.019370302555279828,0.03915689099489075,0.022154214406743825,0.036372979143426756,0.05852719355017058,0.0,0.0,0.0,0.0
2024,target_preterm,0.05,266,308830,130149,175639,27748,34244,30720,38323,0.009623417414111324,0.021034225949551538,0.0035844963248388984,0.021034225949551538,0.013207913738950222,0.009623417414111324,0.024618722274390437,0.011415665576530773,0.022826474111970987,0.03424213968850176,0.0,0.0,0.0,0.0
2024,target_preterm,0.1,266,308830,260299,351278,44639,55040,50922,62754,0.020344526114690925,0.03367872292199592,0.004633617200401535,0.03367872292199592,0.02497814331509246,0.020344526114690925,0.038312340122397454,0.022661334714891693,0.035995531522196686,0.05865686623708838,0.0,0.0,0.0,0.0
2024,target_preterm,0.05,267,307793,130149,175639,27793,34288,30800,38342,0.00976955291380896,0.021101844421413093,0.0034016368143525016,0.021101844421413093,0.013171189728161461,0.00976955291380896,0.024503481235765595,0.01147037132098521,0.022802662828589344,0.034273034149574555,0.0,0.0,0.0,0.0
2024,target_preterm,0.1,267,307793,260299,351278,44834,55332,50884,62761,0.01965606755189367,0.03410733837351729,0.004480283827117543,0.03410733837351729,0.02413635137901121,0.01965606755189367,0.03858762220063483,0.02189620946545244,0.03634748028707606,0.0582436897525285,0.0,0.0,0.0,0.0
2024,target_preterm,0.05,268,306888,130149,175639,27616,33957,30593,38113,0.009700607387711488,0.0206622611506478,0.003841792445452394,0.0206622611506478,0.013542399833163882,0.009700607387711488,0.024504053596100195,0.011621503610437685,0.022583157373373998,0.03420466098381168,0.0,0.0,0.0,0.0
2024,target_preterm,0.1,268,306888,260299,351278,44544,54943,50468,62217,0.019303459242459797,0.03388532624279866,0.00439899898334245,0.03388532624279866,0.023702458225802248,0.019303459242459797,0.038284325226141114,0.021502958734131022,0.03608482573446989,0.05758778446860091,0.0,0.0,0.0,0.0
2024,target_preterm,0.05,269,307614,130149,175639,27856,34259,30678,38311,0.009173834740941578,0.020815047429570827,0.003998517622734982,0.020815047429570827,0.01317235236367656,0.009173834740941578,0.024813565052305808,0.011173093552309069,0.022814306240938317,0.033987399793247386,0.0,0.0,0.0,0.0
2024,target_preterm,0.1,269,307614,260299,351278,44717,55128,50663,62445,0.01932941933722132,0.033844363390482884,0.004456884277048517,0.033844363390482884,0.023786303614269838,0.01932941933722132,0.0383012476675314,0.02155786147574558,0.03607280552900714,0.05763066700475272,0.0,0.0,0.0,0.0
2024,target_preterm,0.05,270,306699,130149,175639,27513,33992,30483,38174,0.009683761603396165,0.021124946608890152,0.0039517572603758044,0.021124946608890152,0.01363551886377197,0.009683761603396165,0.025076703869265957,0.011659640233584068,0.023100825239078054,0.03476046547266212,0.0,0.0,0.0,0.0
2024,target_preterm,0.1,270,306699,260299,351278,44523,54825,50680,62461,0.020075057303740818,0.03358993671319438,0.0048223176469437135,0.03358993671319438,0.02489737495068453,0.020075057303740818,0.03841225436013809,0.022486216127212674,0.036001095536666236,0.05848731166387891,0.0,0.0,0.0,0.0
2024,target_preterm,0.05,271,308091,130149,175639,27881,34321,30864,38457,0.009682204283799262,0.02090291504782678,0.0037424007841838913,0.02090291504782678,0.013424605067983153,0.009682204283799262,0.02464531583201067,0.011553404675891207,0.022774115439918724,0.03432752011580993,0.0,0.0,0.0,0.0
2024,target_preterm,0.1,271,308091,260299,351278,44930,55337,51053,63041,0.01987399826674588,0.03377898088551759,0.005131600728356223,0.03377898088551759,0.025005598995102102,0.01987399826674588,0.03891058161387381,0.02243979863092399,0.0363447812496957,0.05878457988061969,0.0,0.0,0.0,0.0
2024,target_preterm,0.05,272,307091,130149,175639,27520,33942,30570,38188,0.009931909434011413,0.02091236799515453,0.003894611043632021,0.02091236799515453,0.013826520477643434,0.009931909434011413,0.02480697903878655,0.011879214955827423,0.02285967351697054,0.03473888847279796,0.0,0.0,0.0,0.0
2024,target_preterm,0.1,272,307091,260299,351278,44388,54723,50555,62400,0.02008199523919621,0.03365451934442884,0.004917109260772878,0.03365451934442884,0.024999104499969088,0.02008199523919621,0.03857162860520172,0.02254054986958265,0.03611307397481528,0.05865362384439793,0.0,0.0,0.0,0.0
2024,target_preterm,0.05,273,307299,130149,175639,27547,34034,30528,38093,0.00970064985567802,0.021109733516867943,0.0035079840806510887,0.021109733516867943,0.013208633936329109,0.00970064985567802,0.02461771759751903,0.011454641896003565,0.022863725557193487,0.03431836745319705,0.0,0.0,0.0,0.0
2024,target_preterm,0.1,273,307299,260299,351278,44637,55030,50612,62510,0.019443603786540142,0.03382048102987645,0.004897510242467429,0.03382048102987645,0.02434111402900757,0.019443603786540142,0.03871799127234388,0.021892358907773857,0.03626923615111016,0.05816159505888402,0.0,0.0,0.0,0.0
2024,target_preterm,0.05,274,307256,130149,175639,27635,33952,30864,38399,0.0105091519775041,0.02055940323378551,0.003964121123753481,0.02055940323378551,0.01447327310125758,0.0105091519775041,0.02452352435753899,0.01249121253938084,0.02254146379566225,0.03503267633504309,0.0,0.0,0.0,0.0
2024,target_preterm,0.1,274,307256,260299,351278,44269,54635,50912,62547,0.021620407738172726,0.03373733954747832,0.0041301064910042595,0.03373733954747832,0.025750514229176985,0.021620407738172726,0.03786744603848258,0.023685460983674855,0.03580239279298045,0.0594878537766553,0.0,0.0,0.0,0.0
2024,target_preterm,0.05,275,308532,130149,175639,27832,34349,30893,38655,0.009921175113116298,0.021122606407114983,0.004035237835945699,0.021122606407114983,0.013956412949061997,0.009921175113116298,0.02515784424306068,0.011938794031089148,0.023140225325087832,0.03507901935617698,0.0,0.0,0.0,0.0
2024,target_preterm,0.1,275,308532,260299,351278,44779,55214,51084,62941,0.020435481570793307,0.033821451259512775,0.004608922251176539,0.033821451259512775,0.025044403821969846,0.020435481570793307,0.038430373510689314,0.022739942696381577,0.036125912385101044,0.05886585508148262,0.0,0.0,0.0,0.0
2024,target_preterm,0.05,276,308242,130149,175639,27742,34228,30736,38393,0.009713147462059021,0.021041908630232087,0.0037989631523283746,0.021041908630232087,0.013512110614387396,0.009713147462059021,0.02484087178256046,0.011612629038223209,0.022941390206396274,0.03455401924461948,0.0,0.0,0.0,0.0
2024,target_preterm,0.1,276,308242,260299,351278,44701,55105,50920,62824,0.02017570610105049,0.03375270080002077,0.004866306343716931,0.03375270080002077,0.02504201244476742,0.02017570610105049,0.0386190071437377,0.022608859272908954,0.036185853971879234,0.05879471324478819,0.0,0.0,0.0,0.0
2024,target_preterm,0.05,277,308070,130149,175639,27658,34035,30711,38417,0.009910085370208072,0.02069984094523973,0.004313954620703081,0.02069984094523973,0.014224039990911153,0.009910085370208072,0.025013795565942812,0.012067062680559612,0.02285681825559127,0.03492388093615088,0.0,0.0,0.0,0.0
2024,target_preterm,0.1,277,308070,260299,351278,44585,55119,50817,62774,0.020229168695426375,0.03419352744506121,0.004619080079202753,0.03419352744506121,0.024848248774629128,0.020229168695426375,0.038812607524263965,0.02253870873502775,0.03650306748466259,0.05904177621969034,0.0,0.0,0.0,0.0
2024,target_preterm,0.05,278,308189,130149,175639,27745,34212,30679,38268,0.009520132126714445,0.020983876776912866,0.003640623124121889,0.020983876776912866,0.013160755250836334,0.009520132126714445,0.024624499901034755,0.01134044368877539,0.02280418833897381,0.0341446320277492,0.0,0.0,0.0,0.0
2024,target_preterm,0.1,278,308189,260299,351278,44593,55193,50784,62627,0.020088322425524607,0.03439447871273796,0.004033239343389922,0.03439447871273796,0.02412156176891453,0.020088322425524607,0.03842771805612788,0.022104942097219568,0.03641109838443292,0.05851604048165249,0.0,0.0,0.0,0.0
2024,target_preterm,0.05,279,308796,130149,175639,27792,34204,30589,38274,0.00905775981554166,0.020764517675099417,0.0041224627262011065,0.020764517675099417,0.013180222541742767,0.00905775981554166,0.024886980401300524,0.011118991178642214,0.02282574903819997,0.033944740216842184,0.0,0.0,0.0,0.0
2024,target_preterm,0.1,279,308796,260299,351278,44655,55274,50750,62637,0.019737949973445273,0.03438839881345615,0.00410627080661663,0.03438839881345615,0.023844220780061903,0.019737949973445273,0.03849466962007278,0.02179108537675359,0.036441534216764465,0.058232619593518054,0.0,0.0,0.0,0.0
2024,target_preterm,0.05,280,307234,130149,175639,27782,34297,30809,38437,0.009852425187316508,0.02120533534699935,0.0036226459311143877,0.02120533534699935,0.013475071118430895,0.009852425187316508,0.02482798127811374,0.011663748152873701,0.023016658312556545,0.03468040646543025,0.0,0.0,0.0,0.0
2024,target_preterm,0.1,280,307234,260299,351278,44701,55019,51111,62739,0.020863576296894226,0.0335835226569976,0.0042638510060735435,0.0335835226569976,0.02512742730296777,0.020863576296894226,0.03784737366307114,0.022995501799930998,0.03571544816003437,0.05871094995996537,0.0,0.0,0.0,0.0
2024,target_preterm,0.05,281,307849,130149,175639,27681,34193,30608,38381,0.009507908097801193,0.02115322771878421,0.004096164028468505,0.02115322771878421,0.013604072126269698,0.009507908097801193,0.025249391747252714,0.011555990112035446,0.02320130973301846,0.03475729984505391,0.0,0.0,0.0,0.0
2024,target_preterm,0.1,281,307849,260299,351278,44489,54868,50878,62720,0.02075368118785509,0.033714580849702275,0.0047523298760106525,0.033714580849702275,0.02550601106386574,0.02075368118785509,0.03846691072571293,0.023129846125860415,0.0360907457877076,0.059220591913568016,0.0,0.0,0.0,0.0
2024,target_preterm,0.05,282,308028,130149,175639,27746,34141,30671,38338,0.009495889984027422,0.020761099640292435,0.0041294947212591054,0.020761099640292435,0.013625384705286528,0.009495889984027422,0.02489059436155154,0.011560637344656975,0.022825847000921988,0.03438648434557896,0.0,0.0,0.0,0.0
2024,target_preterm,0.1,282,308028,260299,351278,44643,55086,50740,62482,0.01979365512226161,0.033902762086563565,0.004217149090342431,0.033902762086563565,0.024010804212604042,0.01979365512226161,0.038119911176905996,0.021902229667432827,0.03601133663173478,0.05791356629916761,0.0,0.0,0.0,0.0
2024,target_preterm,0.05,283,308159,130149,175639,27685,34093,30658,38262,0.009647616976950213,0.02079446000279077,0.0038811133213697974,0.02079446000279077,0.01352873029832001,0.009647616976950213,0.024675573324160566,0.011588173637635112,0.022735016663475667,0.03432319030111078,0.0,0.0,0.0,0.0
2024,target_preterm,0.1,283,308159,260299,351278,44647,55068,50608,62451,0.019343910124318936,0.03381695812875821,0.004614500955675477,0.03381695812875821,0.023958411079994413,0.019343910124318936,0.03843145908443368,0.021651160602156674,0.036124208606595945,0.05777536920875262,0.0,0.0,0.0,0.0
2024,target_preterm,0.05,284,308385,130149,175639,28046,34568,31163,38820,0.010107495500753919,0.021148888564618898,0.0036804643546216737,0.021148888564618898,0.013787959855375592,0.010107495500753919,0.02482935291924057,0.011947727678064755,0.022989120741929735,0.03493684841999449,0.0,0.0,0.0,0.0
2024,target_preterm,0.1,284,308385,260299,351278,45188,55581,51502,63364,0.020474406991260935,0.0337013797687955,0.0047635261118406935,0.0337013797687955,0.02523793310310163,0.020474406991260935,0.0384649058806362,0.022856170047181282,0.03608314282471585,0.05893931287189713,0.0,0.0,0.0,0.0
2024,target_preterm,0.05,285,307966,130149,175639,27747,34100,30726,38455,0.009673145736867061,0.020628900592922605,0.004468025691147709,0.020628900592922605,0.01414117142801477,0.009673145736867061,0.025096926284070314,0.011907158582440916,0.02286291343849646,0.034770072020937376,0.0,0.0,0.0,0.0
2024,target_preterm,0.1,285,307966,260299,351278,44459,54761,50852,62829,0.02075878506068851,0.033451744673113265,0.005438912087698006,0.033451744673113265,0.026197697148386517,0.02075878506068851,0.03889065676081127,0.023478241104537514,0.03617120071696227,0.05964944182149978,0.0,0.0,0.0,0.0
2024,target_preterm,0.05,286,307879,130149,175639,27483,33886,30451,38218,0.009640150838478745,0.02079713134055912,0.004430311908249676,0.02079713134055912,0.014070462746728421,0.009640150838478745,0.025227443248808795,0.011855306792603583,0.023012287294683957,0.03486759408728754,0.0,0.0,0.0,0.0
2024,target_preterm,0.1,286,307879,260299,351278,44411,54647,50625,62516,0.02018325381075034,0.033246827487422,0.00537548842239971,0.033246827487422,0.02555874223315005,0.02018325381075034,0.03862231590982171,0.022870998021950195,0.03593457169862185,0.05880556972057205,0.0,0.0,0.0,0.0
2024,target_preterm,0.05,287,308312,130149,175639,27473,33938,30532,38104,0.009921767560133882,0.02096901839694855,0.003590518695347572,0.02096901839694855,0.013512286255481454,0.009921767560133882,0.02455953709229612,0.011717026907807668,0.022764277744622335,0.03448130465243,0.0,0.0,0.0,0.0
2024,target_preterm,0.1,287,308312,260299,351278,44646,54958,50811,62759,0.019995978100106393,0.03344663847012119,0.005306313085445907,0.03344663847012119,0.0253022911855523,0.019995978100106393,0.0387529515555671,0.022649134642829347,0.036099795012844146,0.05874892965567349,0.0,0.0,0.0,0.0
2024,target_preterm,0.05,288,307481,130149,175639,27798,34186,30820,38408,0.009828249550378726,0.020775267414897186,0.003902680165603717,0.020775267414897186,0.013730929715982443,0.009828249550378726,0.024677947580500903,0.011779589633180584,0.022726607497699045,0.03450619713087963,0.0,0.0,0.0,0.0
2024,target_preterm,0.1,288,307481,260299,351278,44763,55301,50781,62735,0.019571941030502693,0.03427203632094339,0.00460516259541241,0.03427203632094339,0.024177103625915103,0.019571941030502693,0.0388771989163558,0.021874522328208898,0.036574617618649594,0.05844913994685849,0.0,0.0,0.0,0.0
2024,target_preterm,0.05,289,307706,130149,175639,27841,34169,30860,38558,0.009811313396553847,0.020565084853724006,0.004452301872566691,0.020565084853724006,0.014263615269120539,0.009811313396553847,0.025017386726290697,0.012037464332837193,0.02279123579000735,0.034828700122844544,0.0,0.0,0.0,0.0
2024,target_preterm,0.1,289,307706,260299,351278,44550,54912,50902,62657,0.020643081382878486,0.033675001462434934,0.004527048546339674,0.033675001462434934,0.02517012992921816,0.020643081382878486,0.03820205000877461,0.022906605656048323,0.03593852573560477,0.058845131391653094,0.0,0.0,0.0,0.0
2024,target_preterm,0.05,290,307465,130149,175639,27638,34093,30662,38352,0.009835265802611681,0.020994259509212437,0.004016717349942273,0.020994259509212437,0.013851983152553954,0.009835265802611681,0.02501097685915471,0.011843624477582818,0.023002618184183574,0.03484624266176639,0.0,0.0,0.0,0.0
2024,target_preterm,0.1,290,307465,260299,351278,44630,54936,50793,62651,0.02004455791716131,0.033519262355064805,0.00504772900980599,0.033519262355064805,0.0250922869269673,0.02004455791716131,0.038566991364870795,0.022568422422064305,0.0360431268599678,0.058611549282032105,0.0,0.0,0.0,0.0
2024,target_preterm,0.05,291,308321,130149,175639,27891,34482,30707,38389,0.009133338306505229,0.02137707129906817,0.0035385199191751565,0.02137707129906817,0.012671858225680385,0.009133338306505229,0.024915591218243327,0.010902598266092807,0.02314633125865575,0.034048929524748556,0.0,0.0,0.0,0.0
2024,target_preterm,0.1,291,308321,260299,351278,45124,55634,50918,62765,0.018792103035472768,0.0340878500004865,0.0043363896718030814,0.0340878500004865,0.02312849270727585,0.018792103035472768,0.038424239672289584,0.02096029787137431,0.03625604483638804,0.05721634270776235,0.0,0.0,0.0,0.0
2024,target_preterm,0.05,292,306912,130149,175639,27441,33895,30438,38078,0.009765014075695966,0.02102882911062455,0.003864299864456258,0.02102882911062455,0.013629313940152224,0.009765014075695966,0.024893128975080808,0.011697164007924095,0.02296097904285268,0.034658143050776774,0.0,0.0,0.0,0.0
2024,target_preterm,0.1,292,306912,260299,351278,44513,54947,50432,62349,0.01928565842977792,0.03399671567094151,0.004832003962047748,0.03399671567094151,0.024117662391825667,0.01928565842977792,0.038828719632989256,0.021701660410801793,0.03641271765196538,0.058114378062767175,0.0,0.0,0.0,0.0
2024,target_preterm,0.05,293,307833,130149,175639,27611,34095,30634,38324,0.009820259686258465,0.021063368774627805,0.003917708627729957,0.021063368774627805,0.013737968313988422,0.009820259686258465,0.024981077402357763,0.011779114000123443,0.023022223088492784,0.03480133708861623,0.0,0.0,0.0,0.0
2024,target_preterm,0.1,293,307833,260299,351278,44540,55030,50848,62666,0.020491630202090105,0.034076918329094014,0.004314027410966342,0.034076918329094014,0.024805657613056448,0.020491630202090105,0.038390945740060356,0.022648643907573277,0.036233932034577185,0.05888257594215046,0.0,0.0,0.0,0.0
2024,target_preterm,0.05,294,307935,130149,175639,27851,34313,30792,38475,0.009550716872067155,0.02098494812216864,0.003965122509620542,0.02098494812216864,0.013515839381687697,0.009550716872067155,0.02495007063178918,0.011533278126877426,0.02296750937697891,0.03450078750385634,0.0,0.0,0.0,0.0
2024,target_preterm,0.1,294,307935,260299,351278,44927,55464,51057,62779,0.01990679851267313,0.0342182603471512,0.0038482147206390926,0.0342182603471512,0.023755013233312222,0.01990679851267313,0.03806647506779029,0.021830905872992676,0.03614236770747074,0.05797327358046342,0.0,0.0,0.0,0.0
2024,target_preterm,0.05,295,308017,130149,175639,27677,34019,30647,38226,0.009642324936610644,0.020589772642419096,0.004016012103228064,0.020589772642419096,0.013658337039838708,0.009642324936610644,0.02460578474564716,0.011650330988224676,0.02259777869403313,0.034248109682257805,0.0,0.0,0.0,0.0
2024,target_preterm,0.1,295,308017,260299,351278,44639,55157,50650,62789,0.019515156630965175,0.03414746588662315,0.005262696539476697,0.03414746588662315,0.02477785317044187,0.019515156630965175,0.03941016242609985,0.022146504900703523,0.0367788141563615,0.05892531905706502,0.0,0.0,0.0,0.0
2024,target_preterm,0.05,296,307903,130149,175639,27842,34275,30732,38360,0.009386072886590907,0.020892943556899413,0.0038810924219640636,0.020892943556899413,0.01326716530855497,0.009386072886590907,0.024774035978863476,0.011326619097572939,0.022833489767881444,0.03416010886545438,0.0,0.0,0.0,0.0
2024,target_preterm,0.1,296,307903,260299,351278,44824,55238,50780,62591,0.019343754364199134,0.03382234015258054,0.0045371431911997995,0.03382234015258054,0.023880897555398933,0.019343754364199134,0.03835948334378034,0.021612325959799034,0.03609091174818044,0.05770323770797947,0.0,0.0,0.0,0.0
2024,target_preterm,0.05,297,307455,130149,175639,27774,34271,30609,38443,0.009220861589500903,0.021131547706168388,0.004348603860727579,0.021131547706168388,0.013569465450228482,0.009220861589500903,0.025480151566895967,0.011395163519864693,0.023305849636532178,0.03470101315639687,0.0,0.0,0.0,0.0
2024,target_preterm,0.1,297,307455,260299,351278,44793,55301,51018,62814,0.020246865394935837,0.03417735928835114,0.0041892309443658515,0.03417735928835114,0.02443609633930169,0.020246865394935837,0.03836659023271699,0.022341480867118763,0.036271974760534065,0.05861345562765283,0.0,0.0,0.0,0.0
2024,target_preterm,0.05,298,308106,130149,175639,27715,34195,30728,38356,0.00977910199736455,0.02103172284863003,0.003725990405899257,0.02103172284863003,0.013505092403263808,0.00977910199736455,0.024757713254529287,0.011642097200314179,0.02289471805157966,0.03453681525189384,0.0,0.0,0.0,0.0
2024,target_preterm,0.1,298,308106,260299,351278,44770,55255,50773,62712,0.01948355436116142,0.03403049599813052,0.004719155095973482,0.03403049599813052,0.024202709457134902,0.01948355436116142,0.038749651094104,0.02184313190914816,0.03639007354611726,0.05823320545526542,0.0,0.0,0.0,0.0
2024,target_preterm,0.05,299,307526,130149,175639,27533,34063,30494,38190,0.009628454179484006,0.02123397696454933,0.0037915493324141847,0.02123397696454933,0.01342000351189819,0.009628454179484006,0.025025526296963516,0.011524228845691098,0.023129751630756423,0.03465398047644752,0.0,0.0,0.0,0.0
2024,target_preterm,0.1,299,307526,260299,351278,44496,54839,50737,62465,0.020294219025383198,0.03363292859790715,0.004503684241332462,0.03363292859790715,0.02479790326671566,0.020294219025383198,0.03813661283923961,0.02254606114604943,0.03588477071857338,0.058430831864622806,0.0,0.0,0.0,0.0
2024,target_preterm,0.05,300,307778,130149,175639,27986,34505,30846,38625,0.009292412063240385,0.021180851132959477,0.004093859860028984,0.021180851132959477,0.013386271923269369,0.009292412063240385,0.02527471099298846,0.011339341993254877,0.02322778106297397,0.034567123056228846,0.0,0.0,0.0,0.0
2024,target_preterm,0.1,300,307778,260299,351278,44896,55258,51235,62870,0.020596014010098196,0.03366712370604785,0.004136098096680085,0.03366712370604785,0.02473211210677828,0.020596014010098196,0.03780322180272794,0.02266406305843824,0.035735172754387895,0.058399235812826134,0.0,0.0,0.0,0.0
2024,target_preterm,0.05,301,308423,130149,175639,27725,34295,30616,38320,0.009373490303900806,0.02130191328143491,0.0036767685937819233,0.02130191328143491,0.013050258897682729,0.009373490303900806,0.024978681875216832,0.011211874600791767,0.02314029757832587,0.03435217217911764,0.0,0.0,0.0,0.0
2024,target_preterm,0.1,301,308423,260299,351278,44954,55372,51021,63098,0.019671036206767994,0.03377828501765434,0.005378976276088326,0.03377828501765434,0.02505001248285632,0.019671036206767994,0.03915726129374267,0.022360524344812158,0.036467773155698505,0.05882829750051066,0.0,0.0,0.0,0.0
2024,target_preterm,0.05,302,307215,130149,175639,27786,34262,30820,38429,0.00987581986556646,0.021079699884445746,0.003687970964959403,0.021079699884445746,0.013563790830525863,0.00987581986556646,0.02476767084940515,0.011719805348046161,0.022923685366925448,0.03464349071497161,0.0,0.0,0.0,0.0
2024,target_preterm,0.1,302,307215,260299,351278,44888,55229,50986,62903,0.01984929121299414,0.033660465797568456,0.005129957847110345,0.033660465797568456,0.024979249060104486,0.01984929121299414,0.0387904236446788,0.022414270136549314,0.03622544472112363,0.05863971485767294,0.0,0.0,0.0,0.0
2024,target_preterm,0.05,303,307555,130149,175639,27694,34288,30534,38200,0.009234120726374154,0.02144006763017997,0.0034855554291102347,0.02144006763017997,0.012719676155484388,0.009234120726374154,0.024925623059290206,0.010976898440929271,0.023182845344735088,0.03415974378566436,0.0,0.0,0.0,0.0
2024,target_preterm,0.1,303,307555,260299,351278,44691,54933,50801,62680,0.01986636536554437,0.033301360732226754,0.0053226252215050895,0.033301360732226754,0.02518899058704946,0.01986636536554437,0.03862398595373184,0.022527677976296914,0.0359626733429793,0.05849035131927621,0.0,0.0,0.0,0.0
2024,target_preterm,0.05,304,308526,130149,175639,27814,34264,30938,38470,0.010125564782222568,0.02090585558429435,0.0035069977894893883,0.02090585558429435,0.013632562571711956,0.010125564782222568,0.02441285337378374,0.011879063676967262,0.022659354479039044,0.034538418156006306,0.0,0.0,0.0,0.0
2024,target_preterm,0.1,304,308526,260299,351278,44797,55308,51033,62866,0.020212234949404606,0.034068441557599694,0.004284890090300308,0.034068441557599694,0.024497125039704915,0.020212234949404606,0.0383533316479,0.02235467999455476,0.03621088660274985,0.05856556659730461,0.0,0.0,0.0,0.0
2024,target_preterm,0.05,305,307535,130149,175639,27556,34023,30661,38311,0.010096411790527907,0.021028500821044765,0.0038467166338790743,0.021028500821044765,0.01394312842440698,0.010096411790527907,0.02487521745492384,0.012019770107467444,0.022951859137984303,0.034971629245451746,0.0,0.0,0.0,0.0
2024,target_preterm,0.1,305,307535,260299,351278,44468,54675,50727,62613,0.020352155039263825,0.03318971824345196,0.005459541190433598,0.03318971824345196,0.025811696229697423,0.020352155039263825,0.03864925943388556,0.023081925634480624,0.03591948883866876,0.05900141447314938,0.0,0.0,0.0,0.0
2024,target_preterm,0.05,306,306259,130149,175639,27822,34229,30752,38562,0.0095670657841892,0.020920201528771387,0.004581089861848978,0.020920201528771387,0.014148155646038177,0.0095670657841892,0.025501291390620365,0.011857610715113688,0.023210746459695876,0.035068357174809564,0.0,0.0,0.0,0.0
2024,target_preterm,0.1,306,306259,260299,351278,44725,55031,50997,63000,0.020479398156462325,0.03365125596309004,0.0055410616504331656,0.03365125596309004,0.02602045980689549,0.020479398156462325,0.03919231761352321,0.023249928981678908,0.036421786788306626,0.059671715769985534,0.0,0.0,0.0,0.0
2024,target_preterm,0.05,307,308056,130149,175639,27579,34040,30667,38222,0.010024151452982577,0.020973459371023448,0.0035513023606097566,0.020973459371023448,0.013575453813592334,0.010024151452982577,0.024524761731633204,0.011799802633287455,0.022749110551328326,0.03454891318461578,0.0,0.0,0.0,0.0
2024,target_preterm,0.1,307,308056,260299,351278,44485,54827,50673,62452,0.020087256862388658,0.0335718181109928,0.004664736281715015,0.0335718181109928,0.024751993144103673,0.020087256862388658,0.03823655439270782,0.022419625003246166,0.03590418625185031,0.058323811255096475,0.0,0.0,0.0,0.0
2024,target_preterm,0.05,308,307188,130149,175639,27567,33943,30565,38248,0.009759495813638552,0.020756019115330024,0.004254723491803072,0.020756019115330024,0.014014219305441625,0.009759495813638552,0.025010742607133096,0.011886857559540089,0.02288338086123156,0.03477023842077165,0.0,0.0,0.0,0.0
2024,target_preterm,0.1,308,307188,260299,351278,44371,54867,50777,62486,0.020853679180176332,0.034168001354219574,0.003948721955284701,0.034168001354219574,0.024802401135461033,0.020853679180176332,0.038116723309504275,0.022828040157818683,0.036142362331861924,0.05897040248968061,0.0,0.0,0.0,0.0
2024,target_preterm,0.05,309,307420,130149,175639,27644,34054,30670,38300,0.009843211241949132,0.020850953093487737,0.003968512133237914,0.020850953093487737,0.013811723375187046,0.009843211241949132,0.02481946522672565,0.011827467308568089,0.022835209160106694,0.03466267646867478,0.0,0.0,0.0,0.0
2024,target_preterm,0.1,309,307420,260299,351278,44469,54703,50873,62778,0.02083143582070132,0.03328996161603018,0.005435560471016843,0.03328996161603018,0.026266996291718164,0.02083143582070132,0.03872552208704702,0.023549216056209743,0.0360077418515386,0.05955695790774834,0.0,0.0,0.0,0.0
2024,target_preterm,0.05,310,308013,130149,175639,27663,34140,30630,38311,0.009632710307681827,0.021028333219701767,0.003908925921957837,0.021028333219701767,0.013541636229639664,0.009632710307681827,0.024937259141659604,0.011587173268660746,0.022982796180680685,0.03456996944934143,0.0,0.0,0.0,0.0
2024,target_preterm,0.1,310,308013,260299,351278,44804,55204,50868,62830,0.019687480723216216,0.033764808628207243,0.005071214526659595,0.033764808628207243,0.02475869524987581,0.019687480723216216,0.03883602315486684,0.022223087986546014,0.03630041589153704,0.058523503878083055,0.0,0.0,0.0,0.0
2024,target_preterm,0.05,311,307480,130149,175639,27790,34188,30630,38253,0.009236373097437231,0.020807857421620918,0.003983998959281906,0.020807857421620918,0.013220372056719137,0.009236373097437231,0.024791856380902824,0.011228372577078184,0.02279985690126187,0.034028229478340055,0.0,0.0,0.0,0.0
2024,target_preterm,0.1,311,307480,260299,351278,44716,55191,50711,62539,0.019497203070118402,0.03406725640692079,0.004400286197476233,0.03406725640692079,0.023897489267594635,0.019497203070118402,0.038467542604397026,0.02169734616885652,0.03626739950565891,0.05796474567451543,0.0,0.0,0.0,0.0
2024,target_preterm,0.05,312,307243,130149,175639,27776,34199,30781,38310,0.00978053202188496,0.02090527693063797,0.0035997565444940843,0.02090527693063797,0.013380288566379045,0.00978053202188496,0.024505033475132054,0.011580410294132003,0.022705155202885012,0.034285565497017015,0.0,0.0,0.0,0.0
2024,target_preterm,0.1,312,307243,260299,351278,44831,55100,50657,62582,0.0189621895372718,0.033423056017549635,0.005389870558483029,0.033423056017549635,0.02435206009575483,0.0189621895372718,0.038812926576032664,0.021657124816513315,0.03611799129679115,0.057775116113304464,0.0,0.0,0.0,0.0
2024,target_preterm,0.05,313,307456,130149,175639,27447,33831,30399,37956,0.009601373855120734,0.020763946711074108,0.0038151800582847534,0.020763946711074108,0.013416553913405488,0.009601373855120734,0.02457912676935886,0.011508963884263111,0.022671536740216484,0.034180500624479596,0.0,0.0,0.0,0.0
2024,target_preterm,0.1,313,307456,260299,351278,44365,54670,50533,62372,0.0200614071606994,0.03351699104912573,0.004989331806827646,0.03351699104912573,0.025050738967527048,0.0200614071606994,0.03850632285595337,0.022556073064113225,0.03601165695253955,0.058567730016652775,0.0,0.0,0.0,0.0
2024,target_preterm,0.05,314,306543,130149,175639,27863,34296,30868,38524,0.009802866155808485,0.02098563659910682,0.003989652348936362,0.02098563659910682,0.013792518504744847,0.009802866155808485,0.024975288948043184,0.011797692330276666,0.022980462773575003,0.03477815510385167,0.0,0.0,0.0,0.0
2024,target_preterm,0.1,314,306543,260299,351278,44703,55074,50974,62725,0.020457162616663888,0.033832121431577294,0.00450181540599523,0.033832121431577294,0.024958978022659117,0.020457162616663888,0.038333936837572524,0.022708070319661502,0.03608302913457491,0.05879109945423641,0.0,0.0,0.0,0.0
2024,target_preterm,0.05,315,307751,130149,175639,27327,33773,30408,37963,0.010011340336830751,0.02094550464498897,0.0036035626204301563,0.02094550464498897,0.013614902957260908,0.010011340336830751,0.024549067265419125,0.01181312164704583,0.022747285955204047,0.034560407602249876,0.0,0.0,0.0,0.0
2024,target_preterm,0.1,315,307751,260299,351278,44103,54564,50441,62065,0.020594571585470067,0.03399176607062204,0.0037790291501896,0.03399176607062204,0.024373600735659667,0.020594571585470067,0.03777079522081164,0.022484086160564867,0.03588128064571684,0.05836536680628171,0.0,0.0,0.0,0.0
2024,target_preterm,0.05,316,307640,130149,175639,27703,34214,30655,38316,0.009595631257313747,0.02116434793914966,0.003738135483032118,0.02116434793914966,0.013333766740345865,0.009595631257313747,0.02490248342218178,0.011464698998829806,0.02303341568066572,0.034498114679495526,0.0,0.0,0.0,0.0
2024,target_preterm,0.1,316,307640,260299,351278,44619,54841,50744,62651,0.019909634637888446,0.0332271486152646,0.005477181120790514,0.0332271486152646,0.02538681575867896,0.019909634637888446,0.038704329736055115,0.022648225198283703,0.03596573917565986,0.05861396437394356,0.0,0.0,0.0,0.0
2024,target_preterm,0.05,317,307446,130149,175639,27583,34034,30644,38226,0.00995621995407324,0.02098254652849607,0.0036786947951835403,0.02098254652849607,0.01363491474925678,0.00995621995407324,0.02466124132367961,0.01179556735166501,0.02282189392608784,0.03461746127775285,0.0,0.0,0.0,0.0
2024,target_preterm,0.1,317,307446,260299,351278,44394,54838,50831,62546,0.020937010076566287,0.03397019313960825,0.004134059314481242,0.03397019313960825,0.02507106939104753,0.020937010076566287,0.03810425245408949,0.023004039733806908,0.03603722279684887,0.05904126253065578,0.0,0.0,0.0,0.0
2024,target_preterm,0.05,318,307174,130149,175639,27931,34354,31032,38722,0.010095255457818683,0.020909972849264574,0.004124698053871764,0.020909972849264574,0.014219953511690447,0.010095255457818683,0.02503467090313634,0.012157604484754565,0.022972321876200456,0.03512992636095502,0.0,0.0,0.0,0.0
2024,target_preterm,0.1,318,307174,260299,351278,44781,55034,51233,63040,0.02100438188127901,0.03337847604289426,0.005059021922428325,0.03337847604289426,0.026063403803707336,0.02100438188127901,0.03843749796532259,0.023533892842493173,0.035907987004108424,0.0594418798466016,0.0,0.0,0.0,0.0
2024,target_preterm,0.05,319,307541,130149,175639,27566,33971,30495,38157,0.00952393339424662,0.02082649142715931,0.004087259910060773,0.02082649142715931,0.013611193304307392,0.00952393339424662,0.024913751337220083,0.011567563349277006,0.022870121382189697,0.0344376847314667,0.0,0.0,0.0,0.0
2024,target_preterm,0.1,319,307541,260299,351278,44578,55067,50552,62456,0.019425052269453513,0.03410602163613957,0.004601012547920419,0.03410602163613957,0.024026064817373932,0.019425052269453513,0.03870703418405999,0.021725558543413723,0.03640652791009978,0.058132086453513504,0.0,0.0,0.0,0.0
2024,target_preterm,0.05,320,307889,130149,175639,27585,34058,30620,38287,0.009857448625965853,0.021023810529119266,0.00387802097509167,0.021023810529119266,0.013735469601057523,0.009857448625965853,0.024901831504210936,0.011796459113511688,0.0229628210166651,0.03475928013017679,0.0,0.0,0.0,0.0
2024,target_preterm,0.1,320,307889,260299,351278,44576,54964,50814,62548,0.020260548444406917,0.033739432068050496,0.004371705387331143,0.033739432068050496,0.02463225383173806,0.020260548444406917,0.03811113745538164,0.02244640113807249,0.03592528476171607,0.058371685899788556,0.0,0.0,0.0,0.0
2024,target_preterm,0.05,321,307060,130149,175639,27285,33746,30281,37926,0.009757050739269205,0.021041490262489415,0.0038559239236631293,0.021041490262489415,0.013612974662932334,0.009757050739269205,0.024897414186152544,0.01168501270110077,0.02296945222432098,0.03465446492542175,0.0,0.0,0.0,0.0
2024,target_preterm,0.1,321,307060,260299,351278,44324,54740,50373,62154,0.01969973295121477,0.03392170911222564,0.004445385266723084,0.03392170911222564,0.024145118217937855,0.01969973295121477,0.038367094378948724,0.021922425584576313,0.03614440174558718,0.058066827330163495,0.0,0.0,0.0,0.0
2024,target_preterm,0.05,322,306801,130149,175639,27562,34057,30547,38149,0.009729433737178175,0.021170074413056017,0.0036082020593153213,0.021170074413056017,0.013337635796493497,0.009729433737178175,0.02477827647237134,0.011533534766835836,0.022974175442713678,0.034507710209549514,0.0,0.0,0.0,0.0
2024,target_preterm,0.1,322,306801,260299,351278,44605,55000,50707,62478,0.019889113790372254,0.033881897386253634,0.004484991900287172,0.033881897386253634,0.024374105690659426,0.019889113790372254,0.038366889286540806,0.02213160974051584,0.03612439333639722,0.05825600307691306,0.0,0.0,0.0,0.0
2024,target_preterm,0.05,323,306447,130149,175639,27434,33877,30344,37991,0.009495932412456318,0.02102484279500208,0.003928901245566108,0.02102484279500208,0.013424833658022425,0.009495932412456318,0.024953744040568188,0.011460383035239372,0.022989293417785134,0.034449676453024505,0.0,0.0,0.0,0.0
2024,target_preterm,0.1,323,306447,260299,351278,44316,54757,50387,62192,0.019810929785574666,0.03407114443933207,0.004451014367900491,0.03407114443933207,0.024261944153475157,0.019810929785574666,0.03852215880723256,0.02203643696952491,0.036296651623282314,0.058333088592807225,0.0,0.0,0.0,0.0
2024,target_preterm,0.05,324,307849,130149,175639,27763,34355,30765,38462,0.009751534031294556,0.02141309538117714,0.0035894220868022964,0.02141309538117714,0.013340956118096853,0.009751534031294556,0.025002517467979435,0.011546245074695705,0.023207806424578287,0.03475405149927399,0.0,0.0,0.0,0.0
2024,target_preterm,0.1,324,307849,260299,351278,44848,55175,51253,63097,0.02080565472033369,0.033545666869146895,0.004927740548125836,0.033545666869146895,0.025733395268459525,0.02080565472033369,0.03847340741727273,0.023269524994396606,0.03600953714320981,0.05927906213760642,0.0,0.0,0.0,0.0
2024,target_preterm,0.05,325,308397,130149,175639,27895,34422,30824,38536,0.009497498354393855,0.02116427851113986,0.003842449829278491,0.02116427851113986,0.013339948183672345,0.009497498354393855,0.025006728340418352,0.0114187232690331,0.023085503425779107,0.03450422669481221,0.0,0.0,0.0,0.0
2024,target_preterm,0.1,325,308397,260299,351278,44924,55427,51025,62854,0.01978294211681697,0.034056751524820295,0.004299652720357178,0.034056751524820295,0.02408259483717415,0.01978294211681697,0.03835640424517747,0.02193276847699556,0.03620657788499888,0.05813934636199444,0.0,0.0,0.0,0.0
2024,target_preterm,0.05,326,308127,130149,175639,27605,34043,30607,38315,0.009742735949786932,0.02089398202689151,0.004121677100676027,0.02089398202689151,0.01386441305046296,0.009742735949786932,0.025015659127567536,0.011803574500124946,0.022954820577229522,0.03475839507735447,0.0,0.0,0.0,0.0
2024,target_preterm,0.1,326,308127,260299,351278,44640,55213,50830,62714,0.020089119096995733,0.03431377321688783,0.004254739117312029,0.03431377321688783,0.024343858214307762,0.020089119096995733,0.03856851233419986,0.022216488655651748,0.03644114277554385,0.058657631431195595,0.0,0.0,0.0,0.0
2024,target_preterm,0.05,327,307487,130149,175639,27762,34227,30726,38419,0.009639431910942575,0.021025279117491136,0.003993664772819677,0.021025279117491136,0.013633096683762252,0.009639431910942575,0.025018943890310813,0.011636264297352414,0.023022111503900974,0.03465837580125339,0.0,0.0,0.0,0.0
2024,target_preterm,0.1,327,307487,260299,351278,44728,55099,50925,62876,0.020153697554693373,0.03372825517826769,0.005138428616494356,0.03372825517826769,0.02529212617118773,0.020153697554693373,0.03886668379476205,0.02272291186294055,0.03629746948651487,0.05902038134945542,0.0,0.0,0.0,0.0
2024,target_preterm,0.05,328,307957,130149,175639,27812,34315,30733,38338,0.009485090450939579,0.021116584458219817,0.0035784216627646054,0.021116584458219817,0.013063512113704184,0.009485090450939579,0.024695006120984422,0.011274301282321882,0.02290579528960212,0.034180096571924,0.0,0.0,0.0,0.0
2024,target_preterm,0.1,328,307957,260299,351278,44814,55176,50975,62815,0.020006039804258385,0.033647554691077,0.004799371340804076,0.033647554691077,0.02480541114506246,0.020006039804258385,0.038446926031881073,0.022405725474660423,0.036047240361479035,0.05845296583613946,0.0,0.0,0.0,0.0
2024,target_preterm,0.05,329,307739,130149,175639,27604,34140,30533,38177,0.009517805672989113,0.02123877701558788,0.0036004536311614876,0.02123877701558788,0.0131182593041506,0.009517805672989113,0.024839230646749366,0.011318032488569857,0.023039003831168622,0.03435703631973848,0.0,0.0,0.0,0.0
2024,target_preterm,0.1,329,307739,260299,351278,44914,55322,50770,62864,0.019029112332203585,0.033820867683329064,0.005478668612038107,0.033820867683329064,0.02450778094424169,0.019029112332203585,0.03929953629536717,0.021768446638222638,0.03656020198934812,0.058328648627570756,0.0,0.0,0.0,0.0
2024,target_preterm,0.05,330,307722,130149,175639,27589,34173,30882,38416,0.010701217332527407,0.021395935292244303,0.003087202084998797,0.021395935292244303,0.013788419417526204,0.010701217332527407,0.0244831373772431,0.012244818375026806,0.0229395363347437,0.03518435470977051,0.0,0.0,0.0,0.0
2024,target_preterm,0.1,330,307722,260299,351278,44582,54888,51024,62831,0.02093447982269711,0.03349126809262906,0.004877779294298112,0.03349126809262906,0.025812259116995223,0.02093447982269711,0.038369047386927174,0.023373369469846167,0.03593015773977812,0.059303527209624285,0.0,0.0,0.0,0.0
2024,target_preterm,0.05,331,307501,130149,175639,27719,34152,30766,38284,0.009908910865330522,0.020920257169895387,0.0035284438099388304,0.020920257169895387,0.013437354675269353,0.009908910865330522,0.024448700979834218,0.011673132770299938,0.022684479074864802,0.03435761184516474,0.0,0.0,0.0,0.0
2024,target_preterm,0.1,331,307501,260299,351278,44607,55064,50721,62569,0.019882862169553928,0.03400639347514317,0.004523562524999913,0.03400639347514317,0.02440642469455384,0.019882862169553928,0.038529956000143084,0.022144643432053884,0.03626817473764313,0.05841281816969701,0.0,0.0,0.0,0.0
2024,target_preterm,0.05,332,308459,130149,175639,27851,34280,30843,38438,0.009699830447482488,0.02084231615871153,0.003780080983210088,0.02084231615871153,0.013479911430692576,0.009699830447482488,0.024622397141921618,0.011589870939087532,0.022732356650316574,0.034322227589404106,0.0,0.0,0.0,0.0
2024,target_preterm,0.1,332,308459,260299,351278,44859,55241,50949,62744,0.019743304620711333,0.0336576335914984,0.004580835702637953,0.0336576335914984,0.024324140323349286,0.019743304620711333,0.03823846929413635,0.02203372247203031,0.035948051442817375,0.057981773914847684,0.0,0.0,0.0,0.0
2024,target_preterm,0.05,333,307134,130149,175639,27732,34158,30688,38417,0.009624463589182564,0.020922463810584296,0.0042424479217540445,0.020922463810584296,0.013866911510936608,0.009624463589182564,0.02516491173233834,0.011745687550059586,0.02304368777146132,0.034789375321520905,0.0,0.0,0.0,0.0
2024,target_preterm,0.1,333,307134,260299,351278,44705,55165,50821,62639,0.019913132378701154,0.03405679605644443,0.004421522853217147,0.03405679605644443,0.0243346552319183,0.019913132378701154,0.03847831890966158,0.022123893805309727,0.036267557483053006,0.05839145128836273,0.0,0.0,0.0,0.0
2024,target_preterm,0.05,334,308342,130149,175639,27648,34141,30547,38230,0.009401897892599778,0.021057786483839366,0.0038593509804048798,0.021057786483839366,0.013261248873004658,0.009401897892599778,0.024917137464244246,0.011331573382802218,0.022987461974041806,0.034319035356844024,0.0,0.0,0.0,0.0
2024,target_preterm,0.1,334,308342,260299,351278,44676,55192,50827,62733,0.019948628470983526,0.03410498731927536,0.004507981397279648,0.03410498731927536,0.024456609868263174,0.019948628470983526,0.03861296871655501,0.02220261916962335,0.03635897801791518,0.05856159718753853,0.0,0.0,0.0,0.0
2024,target_preterm,0.05,335,307612,130149,175639,27534,34046,30505,38055,0.009658270808681063,0.021169525246089227,0.0033743807133661957,0.021169525246089227,0.013032651522047259,0.009658270808681063,0.024543905959455423,0.011345461165364161,0.022856715602772325,0.034202176768136486,0.0,0.0,0.0,0.0
2024,target_preterm,0.1,335,307612,260299,351278,44419,54859,50563,62262,0.019973213008595225,0.03393885804194893,0.0040928182255569046,0.03393885804194893,0.02406603123415213,0.019973213008595225,0.03803167626750584,0.022019622121373678,0.035985267154727385,0.05800488927610106,0.0,0.0,0.0,0.0
2024,target_preterm,0.05,336,307840,130149,175639,27934,34376,30869,38459,0.009534173596673592,0.020926455301455302,0.003729209979209974,0.020926455301455302,0.013263383575883567,0.009534173596673592,0.024655665280665276,0.01139877858627858,0.02279106029106029,0.03418983887733887,0.0,0.0,0.0,0.0
2024,target_preterm,0.1,336,307840,260299,351278,44822,55171,51015,62757,0.02011759355509357,0.03361811330561332,0.00452507796257795,0.03361811330561332,0.02464267151767152,0.02011759355509357,0.03814319126819127,0.022380132536382547,0.03588065228690229,0.05826078482328484,0.0,0.0,0.0,0.0
2024,target_preterm,0.05,337,307488,130149,175639,27674,34106,30510,38175,0.009223124154438544,0.020917889478613796,0.00400991258195442,0.020917889478613796,0.013233036736392964,0.009223124154438544,0.024927802060568216,0.011228080445415754,0.022922845769591006,0.03415092621500676,0.0,0.0,0.0,0.0
2024,target_preterm,0.1,337,307488,260299,351278,44707,55218,50639,62460,0.019291809761681766,0.0341834478093454,0.004260328858361945,0.0341834478093454,0.02355213862004371,0.019291809761681766,0.03844377666770735,0.02142197419086274,0.036313612238526374,0.05773558642938911,0.0,0.0,0.0,0.0
2024,target_preterm,0.05,338,307533,130149,175639,27796,34266,30582,38262,0.009059190395827449,0.021038392627783037,0.003934537106586922,0.021038392627783037,0.01299372750241437,0.009059190395827449,0.02497292973436996,0.01102645894912091,0.023005661181076498,0.03403212013019741,0.0,0.0,0.0,0.0
2024,target_preterm,0.1,338,307533,260299,351278,44828,55192,50824,62713,0.019497094620739897,0.0337004484071628,0.0049588174277231944,0.0337004484071628,0.02445591204846309,0.019497094620739897,0.03865926583488599,0.021976503334601494,0.036179857121024395,0.05815636045562589,0.0,0.0,0.0,0.0
2024,target_preterm,0.05,339,307499,130149,175639,27514,34052,30575,38227,0.00995450391708591,0.02126185776213907,0.0036227760090276617,0.02126185776213907,0.013577279926113572,0.00995450391708591,0.02488463377116673,0.011765891921599742,0.0230732457666529,0.03483913768825264,0.0,0.0,0.0,0.0
2024,target_preterm,0.1,339,307499,260299,351278,44620,54940,50771,62636,0.020003317083958,0.033561084751495135,0.005024406583436031,0.033561084751495135,0.02502772366739403,0.020003317083958,0.038585491334931166,0.022515520375676015,0.03607328804321315,0.058588808418889166,0.0,0.0,0.0,0.0
2024,target_preterm,0.05,340,308108,130149,175639,27584,34064,30794,38275,0.010418424708219201,0.021031586326872395,0.0032488607890739513,0.021031586326872395,0.013667285497293152,0.010418424708219201,0.024280447115946346,0.012042855102756177,0.02265601672140937,0.03469887182416555,0.0,0.0,0.0,0.0
2024,target_preterm,0.1,340,308108,260299,351278,44600,55152,50674,62550,0.019713866566268973,0.03424773131499345,0.004297194490243683,0.03424773131499345,0.024011061056512656,0.019713866566268973,0.038544925805237135,0.021862463811390814,0.03639632856011529,0.05825879237150611,0.0,0.0,0.0,0.0
2024,target_preterm,0.05,341,308600,130149,175639,27876,34463,30659,38440,0.009018146467919638,0.021344782890473105,0.0038690861957226125,0.021344782890473105,0.01288723266364225,0.009018146467919638,0.025213869086195717,0.010952689565780944,0.02327932598833441,0.034232015554115355,0.0,0.0,0.0,0.0
2024,target_preterm,0.1,341,308600,260299,351278,44954,55357,51144,63051,0.02005832793259882,0.033710304601425795,0.004873622812702538,0.033710304601425795,0.024931950745301357,0.02005832793259882,0.03858392741412833,0.022495139338950088,0.036147116007777064,0.05864225534672715,0.0,0.0,0.0,0.0
2024,target_preterm,0.05,342,306983,130149,175639,27709,34183,30800,38378,0.010068961473436638,0.021089115683930376,0.0035962903483254954,0.021089115683930376,0.013665251821762134,0.010068961473436638,0.02468540603225587,0.011867106647599386,0.022887260858093124,0.03475436750569251,0.0,0.0,0.0,0.0
2024,target_preterm,0.1,342,306983,260299,351278,44704,55045,50898,62806,0.02017701305935507,0.03368590443118999,0.005104517188248225,0.03368590443118999,0.025281530247603295,0.02017701305935507,0.038790421619438215,0.022729271653479183,0.0362381630253141,0.058967434678793285,0.0,0.0,0.0,0.0
2024,target_preterm,0.05,343,307115,130149,175639,27600,34031,30513,38183,0.009485046318154444,0.020940038747700382,0.004034319391758773,0.020940038747700382,0.013519365709913217,0.009485046318154444,0.024974358139459155,0.01150220601403383,0.022957198443579768,0.0344594044576136,0.0,0.0,0.0,0.0
2024,target_preterm,0.1,343,307115,260299,351278,44537,54857,50561,62415,0.01961480227276427,0.03360304771828143,0.004994871627891834,0.03360304771828143,0.024609673900656104,0.01961480227276427,0.038597919346173265,0.022112238086710187,0.03610048353222735,0.058212721618937535,0.0,0.0,0.0,0.0
2024,target_preterm,0.05,344,307170,130149,175639,27719,34167,30548,38226,0.009209883777712674,0.020991633297522544,0.004004297294657677,0.020991633297522544,0.013214181072370351,0.009209883777712674,0.02499593059218022,0.011212032425041513,0.022993781944851382,0.034205814369892895,0.0,0.0,0.0,0.0
2024,target_preterm,0.1,344,307170,260299,351278,44676,55080,50830,62619,0.020034508578311683,0.033870495165543524,0.00450890386430966,0.033870495165543524,0.024543412442621343,0.020034508578311683,0.038379399029853184,0.022288960510466513,0.036124947097698354,0.05841390760816487,0.0,0.0,0.0,0.0
2024,target_preterm,0.05,345,307259,130149,175639,27804,34185,30716,38455,0.009477346473170847,0.020767495825996962,0.004419724076430626,0.020767495825996962,0.013897070549601473,0.009477346473170847,0.025187219902427588,0.01168720851138616,0.022977357864212275,0.034664566375598435,0.0,0.0,0.0,0.0
2024,target_preterm,0.1,345,307259,260299,351278,44733,55111,51049,62792,0.020555947913649397,0.03377606514373868,0.004442506159298837,0.03377606514373868,0.024998454072948234,0.020555947913649397,0.03821857130303752,0.022777200993298816,0.0359973182233881,0.058774519216686916,0.0,0.0,0.0,0.0
2024,target_preterm,0.05,346,306709,130149,175639,27674,34198,30692,38279,0.009839946007453318,0.021270976723865298,0.0034658259131619823,0.021270976723865298,0.0133057719206153,0.009839946007453318,0.02473680263702728,0.011572858964034309,0.02300388968044629,0.0345767486444806,0.0,0.0,0.0,0.0
2024,target_preterm,0.1,346,306709,260299,351278,44717,55099,50762,62479,0.01970923579027678,0.033849675099198256,0.004352660013237308,0.033849675099198256,0.02406189580351409,0.01970923579027678,0.038202335112435565,0.021885565796895434,0.03602600510581691,0.057911570902712345,0.0,0.0,0.0,0.0
2024,target_preterm,0.05,347,307082,130149,175639,27786,34247,30702,38374,0.009495834988700089,0.021039982805895502,0.003943572075211177,0.021039982805895502,0.013439407063911266,0.009495834988700089,0.02498355488110668,0.011467621026305677,0.02301176884350109,0.03447938986980677,0.0,0.0,0.0,0.0
2024,target_preterm,0.1,347,307082,260299,351278,44713,55060,50885,62516,0.02009886610091116,0.033694583205788664,0.004181293595847374,0.033694583205788664,0.024280159696758535,0.02009886610091116,0.03787587680163604,0.02218951289883485,0.03578523000371235,0.0579747429025472,0.0,0.0,0.0,0.0
2024,target_preterm,0.05,348,306273,130149,175639,27781,34240,30628,38252,0.009295628409947979,0.021089028415825092,0.003803795959813644,0.021089028415825092,0.013099424369761622,0.009295628409947979,0.024892824375638736,0.0111975263898548,0.022990926395731914,0.034188452785586715,0.0,0.0,0.0,0.0
2024,target_preterm,0.1,348,306273,260299,351278,44728,55091,50807,62557,0.019848305270134814,0.03383582620733791,0.004528639481769514,0.03383582620733791,0.024376944751904328,0.019848305270134814,0.038364465689107424,0.02211262501101957,0.03610014594822267,0.05821277095924224,0.0,0.0,0.0,0.0
2024,target_preterm,0.05,349,307910,130149,175639,27717,34120,30675,38262,0.009606703257445365,0.020795037510960998,0.003845279464778667,0.020795037510960998,0.013451982722224032,0.009606703257445365,0.024640316975739665,0.011529342989834698,0.02271767724335033,0.03424702023318503,0.0,0.0,0.0,0.0
2024,target_preterm,0.1,349,307910,260299,351278,44610,54959,50851,62602,0.020268909746354452,0.0336104705920561,0.004553278555422036,0.0336104705920561,0.024822188301776488,0.020268909746354452,0.03816374914747814,0.02254554902406547,0.03588710986976712,0.05843265889383259,0.0,0.0,0.0,0.0
2024,target_preterm,0.05,350,307113,130149,175639,27649,34071,30685,38221,0.009885612136249528,0.020910869940380244,0.0036273293543418877,0.020910869940380244,0.013512941490591415,0.009885612136249528,0.024538199294722132,0.011699276813420471,0.02272453461755119,0.03442381143097166,0.0,0.0,0.0,0.0
2024,target_preterm,0.1,350,307113,260299,351278,44511,54908,50717,62517,0.020207545756773554,0.03385398859703104,0.004568351062963827,0.03385398859703104,0.02477589681973738,0.020207545756773554,0.038422339659994864,0.022491721288255467,0.03613816412851295,0.05862988541676842,0.0,0.0,0.0,0.0
2024,target_preterm,0.05,351,307898,130149,175639,27729,34101,30551,38142,0.009165372948184147,0.020695165282008987,0.003959103339417583,0.020695165282008987,0.01312447628760173,0.009165372948184147,0.02465426862142657,0.011144924617892939,0.02267471695171778,0.03381964156961072,0.0,0.0,0.0,0.0
2024,target_preterm,0.1,351,307898,260299,351278,44712,54974,50619,62354,0.019184924877719223,0.03332921941681985,0.004784051861330713,0.03332921941681985,0.023968976739049935,0.019184924877719223,0.03811327127815056,0.02157695080838458,0.035721245347485206,0.057298196155869785,0.0,0.0,0.0,0.0
2024,target_preterm,0.05,352,307908,130149,175639,27769,34197,30643,38253,0.009333956896215759,0.02087636566766697,0.0038388089948945686,0.02087636566766697,0.013172765891110327,0.009333956896215759,0.02471517466256154,0.011253361393663043,0.022795770165114256,0.0340491315587773,0.0,0.0,0.0,0.0
2024,target_preterm,0.1,352,307908,260299,351278,44605,55078,50816,62454,0.020171609701599175,0.034013406601972024,0.003783597698013702,0.034013406601972024,0.023955207399612877,0.020171609701599175,0.037797004299985726,0.022063408550606026,0.035905205450978875,0.0579686140015849,0.0,0.0,0.0,0.0
2024,target_preterm,0.05,353,308239,130149,175639,27872,34341,30754,38521,0.009349887587229391,0.020986961416303587,0.004211018073637662,0.020986961416303587,0.013560905660867054,0.009349887587229391,0.02519797948994125,0.011455396624048222,0.02309247045312242,0.03454786707717064,0.0,0.0,0.0,0.0
2024,target_preterm,0.1,353,308239,260299,351278,45159,55474,51031,63012,0.01905015264129456,0.033464292318622885,0.005404896849522611,0.033464292318622885,0.02445504949081717,0.01905015264129456,0.038869189168145496,0.021752601066055866,0.03616674074338419,0.057919341809440056,0.0,0.0,0.0,0.0
2024,target_preterm,0.05,354,307969,130149,175639,27902,34248,30892,38473,0.009708769389126834,0.0206059700814043,0.0040101438781176,0.0206059700814043,0.013718913267244434,0.009708769389126834,0.0246161139595219,0.011713841328185634,0.0226110420204631,0.034324883348648735,0.0,0.0,0.0,0.0
2024,target_preterm,0.1,354,307969,260299,351278,44874,55127,50899,62703,0.019563657381100025,0.03329231188853424,0.005036221178105593,0.03329231188853424,0.024599878559205618,0.019563657381100025,0.03832853306663983,0.02208176797015282,0.035810422477587034,0.057892190447739855,0.0,0.0,0.0,0.0
2024,target_preterm,0.05,355,306681,130149,175639,27482,33912,30546,38116,0.00999083738477441,0.02096641135251287,0.0037172175648312045,0.02096641135251287,0.013708054949605614,0.00999083738477441,0.024683628917344075,0.011849446167190011,0.022825020134928473,0.034674466302118484,0.0,0.0,0.0,0.0
2024,target_preterm,0.1,355,306681,260299,351278,44351,54706,50524,62242,0.020128407041844792,0.03376472621388349,0.004444357491986767,0.03376472621388349,0.02457276453383156,0.020128407041844792,0.038209083705870256,0.022350585787838176,0.03598690495987687,0.05833749074771505,0.0,0.0,0.0,0.0
2024,target_preterm,0.05,356,307723,130149,175639,27713,34073,30743,38320,0.009846517809848479,0.020667938373147288,0.003954855503163546,0.020667938373147288,0.013801373313012025,0.009846517809848479,0.024622793876310833,0.011823945561430252,0.02264536612472906,0.03446931168615931,0.0,0.0,0.0,0.0
2024,target_preterm,0.1,356,307723,260299,351278,44526,54938,50680,62477,0.019998505149111362,0.03383562489641656,0.004500801045095787,0.03383562489641656,0.02449930619420715,0.019998505149111362,0.03833642594151235,0.022248905671659255,0.036086025418964454,0.05833493109062371,0.0,0.0,0.0,0.0
2024,target_preterm,0.05,357,307748,130149,175639,27635,34081,30639,38311,0.009761233216787762,0.020945708826702367,0.00398377893601258,0.020945708826702367,0.013745012152800343,0.009761233216787762,0.024929487762714947,0.011753122684794053,0.022937598294708657,0.03469072097950271,0.0,0.0,0.0,0.0
2024,target_preterm,0.1,357,307748,260299,351278,44675,55036,50721,62677,0.019645944084120792,0.03366715624471972,0.005182811911044083,0.03366715624471972,0.024828755995164875,0.019645944084120792,0.0388499681557638,0.022237350039642834,0.03625856220024176,0.058495912239884595,0.0,0.0,0.0,0.0
2024,target_preterm,0.05,358,307973,130149,175639,27545,33928,30713,38245,0.010286616034522494,0.020725842849860204,0.0037308465352482306,0.020725842849860204,0.014017462569770725,0.010286616034522494,0.024456689385108435,0.01215203930214661,0.02259126611748432,0.03474330541963093,0.0,0.0,0.0,0.0
2024,target_preterm,0.1,358,307973,260299,351278,44487,55045,50688,62602,0.020134881953937506,0.03428222603929565,0.00440298337841305,0.03428222603929565,0.024537865332350556,0.020134881953937506,0.0386852094177087,0.02233637364314403,0.036483717728502174,0.058820091371646205,0.0,0.0,0.0,0.0
2024,target_preterm,0.05,359,307706,130149,175639,27474,34023,30569,38071,0.010058302405542952,0.021283302893021258,0.0030971121785080685,0.021283302893021258,0.01315541458405102,0.010058302405542952,0.024380415071529327,0.011606858494796986,0.022831858982275292,0.03443871747707228,0.0,0.0,0.0,0.0
2024,target_preterm,0.1,359,307706,260299,351278,44702,55244,50694,62686,0.019473133445561674,0.034259975431093326,0.004712290303081512,0.034259975431093326,0.024185423748643187,0.019473133445561674,0.03897226573417484,0.02182927859710243,0.03661612058263408,0.05844539917973651,0.0,0.0,0.0,0.0
2024,target_preterm,0.05,360,307785,130149,175639,27730,34099,30714,38323,0.009695079357343594,0.02069301622886105,0.004028786328118664,0.02069301622886105,0.013723865685462258,0.009695079357343594,0.024721802556979713,0.011709472521402926,0.02270740939292038,0.03441688191432331,0.0,0.0,0.0,0.0
2024,target_preterm,0.1,360,307785,260299,351278,44460,54868,50736,62530,0.02039085725425216,0.03381581298633787,0.004503143428042283,0.03381581298633787,0.024894000682294443,0.02039085725425216,0.038318956414380156,0.0226424289682733,0.036067384700359015,0.058709813668632316,0.0,0.0,0.0,0.0
2024,target_preterm,0.05,361,307764,130149,175639,27828,34370,30802,38508,0.009663248463108093,0.0212565472244967,0.003782118766327447,0.0212565472244967,0.01344536722943554,0.009663248463108093,0.025038665990824147,0.011554307846271816,0.023147606607660423,0.03470191445393224,0.0,0.0,0.0,0.0
2024,target_preterm,0.1,361,307764,260299,351278,44887,55512,51097,62795,0.020177798572932504,0.034523206092980346,0.00348643766002521,0.034523206092980346,0.023664236232957714,0.020177798572932504,0.038009643753005556,0.02192101740294511,0.03626642492299295,0.05818744232593806,0.0,0.0,0.0,0.0
2024,target_preterm,0.05,362,306620,130149,175639,27700,34197,30601,38253,0.009461222359924346,0.021189093992564093,0.0037668775683256106,0.021189093992564093,0.013228099928249956,0.009461222359924346,0.024955971560889703,0.011344661144087151,0.023072532776726898,0.03441719392081405,0.0,0.0,0.0,0.0
2024,target_preterm,0.1,362,306620,260299,351278,44691,55113,50709,62473,0.019626899745613463,0.033989954993151134,0.004376752984149773,0.033989954993151134,0.024003652729763236,0.019626899745613463,0.03836670797730091,0.02181527623768835,0.03617833148522602,0.05799360772291437,0.0,0.0,0.0,0.0
2024,target_preterm,0.05,363,308349,130149,175639,27731,34181,30629,38302,0.009398441376492234,0.020917856065691798,0.003966284956331945,0.020917856065691798,0.013364726332824178,0.009398441376492234,0.024884141022023742,0.011381583854658206,0.02290099854385777,0.034282582398515976,0.0,0.0,0.0,0.0
2024,target_preterm,0.1,363,308349,260299,351278,44730,55271,50899,62888,0.020006551018488777,0.03418529004472204,0.00469597760978635,0.03418529004472204,0.024702528628275128,0.020006551018488777,0.03888126765450839,0.022354539823381953,0.036533278849615214,0.058887818672997166,0.0,0.0,0.0,0.0
2024,target_preterm,0.05,364,307785,130149,175639,27479,33924,30582,38111,0.01008171288399369,0.020939941842519932,0.0035219390158714725,0.020939941842519932,0.013603651899865163,0.01008171288399369,0.024461880858391405,0.011842682391929427,0.02270091135045567,0.034543593742385095,0.0,0.0,0.0,0.0
2024,target_preterm,0.1,364,307785,260299,351278,44617,54953,50638,62688,0.01956235684000196,0.0335818834576084,0.005568822392254313,0.0335818834576084,0.025131179232256273,0.01956235684000196,0.039150705849862716,0.022346768036129117,0.03636629465373556,0.058713062689864676,0.0,0.0,0.0,0.0
2024,target_preterm,0.05,365,308937,130149,175639,27654,34138,30859,38413,0.010374283429954972,0.020988097896982222,0.003463489319828969,0.020988097896982222,0.013837772749783941,0.010374283429954972,0.02445158721681119,0.012106028089869457,0.022719842556896706,0.03482587064676616,0.0,0.0,0.0,0.0
2024,target_preterm,0.1,365,308937,260299,351278,44645,55173,50970,62753,0.02047342985786746,0.03407814538239187,0.004062316912509661,0.03407814538239187,0.02453574677037712,0.02047342985786746,0.038140462294901534,0.02250458831412229,0.0361093038386467,0.05861389215276899,0.0,0.0,0.0,0.0
2024,target_preterm,0.05,366,307542,130149,175639,27665,34063,30502,38204,0.009224756293449349,0.02080366258917482,0.00424007127481775,0.02080366258917482,0.013464827568267099,0.009224756293449349,0.02504373386399257,0.011344791930858224,0.022923698226583696,0.03426849015744192,0.0,0.0,0.0,0.0
2024,target_preterm,0.1,366,307542,260299,351278,44672,55155,50687,62507,0.01955830423161714,0.03408640120698961,0.004347373692048573,0.03408640120698961,0.023905677923665714,0.01955830423161714,0.03843377489903818,0.021731991077641427,0.036260088053013895,0.05799207913065532,0.0,0.0,0.0,0.0
2024,target_preterm,0.05,367,307265,130149,175639,27627,34241,30664,38341,0.009883976372186867,0.021525393390070452,0.003459554456251124,0.021525393390070452,0.013343530828437991,0.009883976372186867,0.024984947846321576,0.01161375360031243,0.023255170618196014,0.03486892421850844,0.0,0.0,0.0,0.0
2024,target_preterm,0.1,367,307265,260299,351278,44609,55107,51035,62791,0.020913543683790864,0.03416594796022976,0.004094185800530503,0.03416594796022976,0.025007729484321367,0.020913543683790864,0.03826013376076026,0.022960636584056116,0.03621304086049501,0.059173677444551126,0.0,0.0,0.0,0.0
2024,target_preterm,0.05,368,307615,130149,175639,27706,34211,30594,38185,0.009388358825154819,0.021146563073972335,0.003530387009736194,0.021146563073972335,0.012918745834891013,0.009388358825154819,0.02467695008370853,0.011153552330022916,0.022911756578840432,0.03406530890886335,0.0,0.0,0.0,0.0
2024,target_preterm,0.1,368,307615,260299,351278,44881,55415,50693,62705,0.018893747053947307,0.03424410383108756,0.004804707182679641,0.03424410383108756,0.023698454236626948,0.018893747053947307,0.0390488110137672,0.021296100645287128,0.03664645742242738,0.057942558067714506,0.0,0.0,0.0,0.0
2024,target_preterm,0.05,369,307389,130149,175639,27764,34277,30663,38424,0.009431046654239411,0.021188136205264343,0.00406000214711652,0.021188136205264343,0.013491048801355932,0.009431046654239411,0.025248138352380864,0.011461047727797671,0.023218137278822604,0.034679185006620275,0.0,0.0,0.0,0.0
2024,target_preterm,0.1,369,307389,260299,351278,44786,55114,50802,62704,0.019571292401484752,0.03359912033286813,0.0051205475797767575,0.03359912033286813,0.02469183998126151,0.019571292401484752,0.03871966791264489,0.02213156619137313,0.03615939412275651,0.05829096031412964,0.0,0.0,0.0,0.0
2024,target_preterm,0.05,370,307820,130149,175639,27589,34153,30880,38357,0.010691313105061398,0.021324150477551818,0.0029660191020726423,0.021324150477551818,0.01365733220713404,0.010691313105061398,0.02429016957962446,0.012174322656097719,0.02280716002858814,0.03498148268468586,0.0,0.0,0.0,0.0
2024,target_preterm,0.1,370,307820,260299,351278,44735,55245,50934,62786,0.020138392567084662,0.03414333051783511,0.004359690728347743,0.03414333051783511,0.024498083295432405,0.020138392567084662,0.03850302124618285,0.022318237931258533,0.03632317588200898,0.05864141381326751,0.0,0.0,0.0,0.0
2024,target_preterm,0.05,371,306998,130149,175639,27461,33827,30503,38081,0.009908859341103193,0.02073629144163805,0.00394790845542968,0.02073629144163805,0.013856767796532873,0.009908859341103193,0.02468419989706773,0.011882813568818033,0.02271024566935289,0.03459305923817092,0.0,0.0,0.0,0.0
2024,target_preterm,0.1,371,306998,260299,351278,44362,54764,50515,62449,0.020042475846748203,0.03388295689222731,0.004990260522869855,0.03388295689222731,0.025032736369618058,0.020042475846748203,0.03887321741509717,0.02253760610818313,0.03637808715366224,0.05891569326184537,0.0,0.0,0.0,0.0
2024,target_preterm,0.05,372,307296,130149,175639,27702,34168,30727,38395,0.009843928980526911,0.021041601582838687,0.00391153806102261,0.021041601582838687,0.013755467041549521,0.009843928980526911,0.024953139643861297,0.011799698011038216,0.022997370613349992,0.03479706862438821,0.0,0.0,0.0,0.0
2024,target_preterm,0.1,372,307296,260299,351278,44605,54864,50882,62631,0.020426559408518147,0.033384749557429955,0.004848745183796771,0.033384749557429955,0.025275304592314918,0.020426559408518147,0.038233494741226726,0.022850932000416532,0.03580912214932834,0.05866005414974487,0.0,0.0,0.0,0.0
2024,target_preterm,0.05,373,308402,130149,175639,27600,34175,30592,38187,0.009701623206075191,0.021319576397040227,0.0033073715475256255,0.021319576397040227,0.013008994753600817,0.009701623206075191,0.024626947944565852,0.011355308979838004,0.02297326217080304,0.034328571150641043,0.0,0.0,0.0,0.0
2024,target_preterm,0.1,373,308402,260299,351278,44698,55164,50939,62795,0.020236574341281843,0.03393622609451302,0.004507104363784903,0.03393622609451302,0.024743678705066746,0.020236574341281843,0.038443330458297925,0.022490126523174295,0.036189778276405474,0.05867990479957977,0.0,0.0,0.0,0.0
2024,target_preterm,0.05,374,307127,130149,175639,27812,34264,30880,38453,0.009989352938686608,0.021007596206129714,0.003649955881443165,0.021007596206129714,0.013639308820129772,0.009989352938686608,0.02465755208757288,0.01181433087940819,0.022832574146851296,0.034646905026259486,0.0,0.0,0.0,0.0
2024,target_preterm,0.1,374,307127,260299,351278,44740,54987,50939,62640,0.020183832746713898,0.0333640480973669,0.004734197905101156,0.0333640480973669,0.024918030651815054,0.020183832746713898,0.038098246002468056,0.022550931699264476,0.03573114704991748,0.058282078749181954,0.0,0.0,0.0,0.0
2024,target_preterm,0.05,375,307636,130149,175639,27818,34343,30699,38428,0.009364963788373273,0.02121013145405609,0.003913716210066448,0.02121013145405609,0.013278679998439721,0.009364963788373273,0.02512384766412254,0.011321821893406497,0.023166989559089315,0.03448881145249581,0.0,0.0,0.0,0.0
2024,target_preterm,0.1,375,307636,260299,351278,44695,55142,50900,62607,0.020169941099221156,0.03395896449050176,0.004095749522162545,0.03395896449050176,0.0242656906213837,0.020169941099221156,0.038054714012664304,0.02221781586030243,0.03600683925158303,0.05822465511188546,0.0,0.0,0.0,0.0
2024,target_preterm,0.05,376,307566,130149,175639,27731,34243,30590,38274,0.009295565829773117,0.021172691389815507,0.0038105642366191433,0.021172691389815507,0.01310613006639226,0.009295565829773117,0.02498325562643465,0.011200847948082689,0.02307797350812508,0.03427882145620777,0.0,0.0,0.0,0.0
2024,target_preterm,0.1,376,307566,260299,351278,44728,55199,50708,62466,0.019442981343841648,0.03404472535976019,0.00418446772400069,0.03404472535976019,0.023627449067842338,0.019442981343841648,0.03822919308376088,0.021535215205841993,0.03613695922176054,0.05767217442760253,0.0,0.0,0.0,0.0
2024,target_preterm,0.05,377,306600,130149,175639,27612,34111,30648,38193,0.009902152641878659,0.02119699934768428,0.003411611219830399,0.02119699934768428,0.013313763861709058,0.009902152641878659,0.024608610567514677,0.011607958251793858,0.022902804957599478,0.034510763209393336,0.0,0.0,0.0,0.0
2024,target_preterm,0.1,377,306600,260299,351278,44689,54921,50732,62524,0.019709719504240053,0.033372472276581855,0.0050880626223092085,0.033372472276581855,0.02479778212654926,0.019709719504240053,0.03846053489889106,0.022253750815394657,0.03591650358773646,0.058170254403131116,0.0,0.0,0.0,0.0
2024,target_preterm,0.05,378,306612,130149,175639,27764,34161,30679,38313,0.009507129531786104,0.020863501754660604,0.004034414830469776,0.020863501754660604,0.01354154436225588,0.009507129531786104,0.02489791658513038,0.011524336947020992,0.022880709169895493,0.034405046116916485,0.0,0.0,0.0,0.0
2024,target_preterm,0.1,378,306612,260299,351278,44757,54979,50717,62567,0.019438247687631277,0.033338551654860216,0.005309642153601302,0.033338551654860216,0.02474788984123258,0.019438247687631277,0.03864819380846152,0.022093068764431928,0.035993372731660866,0.058086441496092794,0.0,0.0,0.0,0.0
2024,target_preterm,0.05,379,307126,130149,175639,27445,33878,30526,38266,0.01003171336845464,0.020945800746273516,0.004255582399406099,0.020945800746273516,0.014287295767860739,0.01003171336845464,0.025201383145679615,0.012159504568157689,0.023073591945976565,0.035233096514134254,0.0,0.0,0.0,0.0
2024,target_preterm,0.1,379,307126,260299,351278,44420,54702,50751,62592,0.020613689495516507,0.033478116473369235,0.005076092548335215,0.033478116473369235,0.025689782043851722,0.020613689495516507,0.03855420902170445,0.023151735769684115,0.03601616274753684,0.05916789851722096,0.0,0.0,0.0,0.0
2024,target_preterm,0.05,380,307066,130149,175639,27741,34159,30756,38380,0.00981873603720372,0.02090104407521509,0.003927494414881494,0.02090104407521509,0.013746230452085215,0.00981873603720372,0.024828538490096586,0.011782483244644468,0.02286479128265584,0.034647274527300306,0.0,0.0,0.0,0.0
2024,target_preterm,0.1,380,307066,260299,351278,44655,55119,50707,62669,0.019709117909504803,0.03407736447538964,0.004878430044355286,0.03407736447538964,0.02458754795386009,0.019709117909504803,0.03895579451974493,0.022148332931682446,0.036516579497567286,0.05866491242924973,0.0,0.0,0.0,0.0
2024,target_preterm,0.05,381,306925,130149,175639,27751,34135,30791,38337,0.009904699845239062,0.02079986967500204,0.0037859411908446605,0.02079986967500204,0.013690641036083723,0.009904699845239062,0.0245858108658467,0.011797670440661392,0.02269284027042437,0.03449051071108576,0.0,0.0,0.0,0.0
2024,target_preterm,0.1,381,306925,260299,351278,44657,55121,50794,62520,0.019995112812576377,0.034093019467296565,0.004111753685753838,0.034093019467296565,0.024106866498330215,0.019995112812576377,0.0382047731530504,0.022050989655453296,0.036148896310173484,0.05819988596562678,0.0,0.0,0.0,0.0
2024,target_preterm,0.05,382,307135,130149,175639,27735,34132,30428,38122,0.008768131277776883,0.02082797466911944,0.0042228987253162265,0.02082797466911944,0.01299103000309311,0.008768131277776883,0.025050873394435666,0.010879580640434997,0.022939424031777553,0.03381900467221255,0.0,0.0,0.0,0.0
2024,target_preterm,0.1,382,307135,260299,351278,44601,54920,50623,62406,0.01960701320266331,0.033597603659628494,0.004766633565044698,0.033597603659628494,0.024373646767708007,0.01960701320266331,0.03836423722467319,0.021990329985185658,0.03598092044215084,0.0579712504273365,0.0,0.0,0.0,0.0
2024,target_preterm,0.05,383,306880,130149,175639,27663,34118,30720,38338,0.009961548488008343,0.021034280500521377,0.0037897549530761243,0.021034280500521377,0.013751303441084467,0.009961548488008343,0.0248240354535975,0.011856425964546405,0.02292915797705944,0.034785583941605844,0.0,0.0,0.0,0.0
2024,target_preterm,0.1,383,306880,260299,351278,44726,55132,50835,62777,0.01990680396246089,0.033909019812304486,0.005005213764337851,0.033909019812304486,0.02491201772679874,0.01990680396246089,0.03891423357664234,0.022409410844629815,0.03641162669447341,0.05882103753910323,0.0,0.0,0.0,0.0
2024,target_preterm,0.05,384,306769,130149,175639,27817,34343,30931,38514,0.010150960494704472,0.021273335962890633,0.0034455893522487707,0.021273335962890633,0.013596549846953243,0.010150960494704472,0.024718925315139403,0.011873755170828858,0.022996130639015018,0.034869885809843876,0.0,0.0,0.0,0.0
2024,target_preterm,0.1,384,306769,260299,351278,44757,55086,51153,62949,0.020849564330163745,0.03367028611104775,0.004782099886233598,0.03367028611104775,0.025631664216397343,0.020849564330163745,0.038452385997281346,0.023240614273280544,0.03606133605416455,0.05930195032744509,0.0,0.0,0.0,0.0
2024,target_preterm,0.05,385,307561,130149,175639,27605,34160,30677,38293,0.009988262491018043,0.0213128452567133,0.00344972216893559,0.0213128452567133,0.013437984659953633,0.009988262491018043,0.02476256742564889,0.011713123575485838,0.023037706341181095,0.034750829916666934,0.0,0.0,0.0,0.0
2024,target_preterm,0.1,385,307561,260299,351278,44490,54924,50813,62529,0.02055852334983954,0.03392497748414136,0.004168278812983456,0.03392497748414136,0.024726802162822997,0.02055852334983954,0.03809325629712482,0.02264266275633127,0.03600911689063309,0.05865177964696436,0.0,0.0,0.0,0.0
2024,target_preterm,0.05,386,306737,130149,175639,27359,33688,30211,37865,0.009297867554289171,0.020633311273175386,0.004319661468945718,0.020633311273175386,0.01361752902323489,0.009297867554289171,0.024952972742121104,0.01145769828876203,0.022793142007648245,0.034250840296410276,0.0,0.0,0.0,0.0
2024,target_preterm,0.1,386,306737,260299,351278,44385,54747,50366,62301,0.01949878886472778,0.03378138274808712,0.005128171691057809,0.03378138274808712,0.024626960555785588,0.01949878886472778,0.03890955443914493,0.022062874710256683,0.03634546859361602,0.058408343303872706,0.0,0.0,0.0,0.0
2024,target_preterm,0.05,387,307567,130149,175639,27656,34040,30629,38385,0.00966618655447432,0.020756453065510938,0.004460816667587866,0.020756453065510938,0.014127003222062187,0.00966618655447432,0.025217269733098804,0.011896594888268254,0.02298686139930487,0.034883456287573125,0.0,0.0,0.0,0.0
2024,target_preterm,0.1,387,307567,260299,351278,44697,55239,50743,62733,0.019657505519122653,0.034275458680547655,0.004707917299320158,0.034275458680547655,0.02436542281844281,0.019657505519122653,0.03898337597986781,0.022011464168782732,0.036629417330207734,0.058640881498990466,0.0,0.0,0.0,0.0
2024,target_preterm,0.05,388,307816,130149,175639,27786,34289,30606,38160,0.009161317150505499,0.02112625724458768,0.0034143774202770455,0.02112625724458768,0.012575694570782545,0.009161317150505499,0.024540634664864724,0.010868505860644022,0.0228334459547262,0.033701951815370224,0.0,0.0,0.0,0.0
2024,target_preterm,0.1,388,307816,260299,351278,44822,55192,50781,62680,0.0193589676949866,0.03368895703927022,0.004967253164227997,0.03368895703927022,0.024326220859214598,0.0193589676949866,0.038656210203498215,0.0218425942771006,0.036172583621384216,0.058015177898484815,0.0,0.0,0.0,0.0
2024,target_preterm,0.05,389,308424,130149,175639,27461,33786,30621,38249,0.010245635877882395,0.020507483204938642,0.004224703654709103,0.020507483204938642,0.014470339532591497,0.010245635877882395,0.024732186859647745,0.012357987705236946,0.022619835032293194,0.03497782273753014,0.0,0.0,0.0,0.0
2024,target_preterm,0.1,389,308424,260299,351278,44495,54931,50523,62596,0.019544523124011087,0.03383653671569009,0.0053076284595232615,0.03383653671569009,0.02485215158353435,0.019544523124011087,0.03914416517521335,0.022198337353772718,0.03649035094545172,0.05868868829922444,0.0,0.0,0.0,0.0
2024,target_preterm,0.05,390,308104,130149,175639,27678,34255,30733,38344,0.009915483083634102,0.02134668813128035,0.003356009659076148,0.02134668813128035,0.01327149274271025,0.009915483083634102,0.024702697790356498,0.011593487913172176,0.023024692960818424,0.0346181808739906,0.0,0.0,0.0,0.0
2024,target_preterm,0.1,390,308104,260299,351278,44699,55094,50782,62546,0.019743333419884185,0.03373860774284007,0.004443304858099878,0.03373860774284007,0.024186638277984063,0.019743333419884185,0.03818191260093995,0.021964985848934124,0.03596026017189001,0.057925246020824134,0.0,0.0,0.0,0.0
2024,target_preterm,0.05,391,307452,130149,175639,27981,34421,30835,38518,0.009282749827615372,0.020946359106462142,0.0040429075107659,0.020946359106462142,0.013325657338381272,0.009282749827615372,0.024989266617228043,0.011304203582998322,0.022967812861845092,0.034272016444843414,0.0,0.0,0.0,0.0
2024,target_preterm,0.1,391,307452,260299,351278,44979,55358,51011,62743,0.01961932269102168,0.03375811508788362,0.004400686936497422,0.03375811508788362,0.0240200096275191,0.01961932269102168,0.038158802024381044,0.02181966615927039,0.03595845855613233,0.05777812471540272,0.0,0.0,0.0,0.0
2024,target_preterm,0.05,392,308346,130149,175639,28020,34427,30991,38669,0.009635279847963002,0.020778605851867707,0.00412199282624065,0.020778605851867707,0.013757272674203652,0.009635279847963002,0.024900598678108357,0.011696276261083327,0.022839602264988032,0.03453587852607136,0.0,0.0,0.0,0.0
2024,target_preterm,0.1,392,308346,260299,351278,45064,55478,51182,63163,0.01984134705817492,0.033773747673068566,0.005081953390022903,0.033773747673068566,0.02492330044819782,0.01984134705817492,0.03885570106309147,0.02238232375318637,0.03631472436808002,0.05869704812126639,0.0,0.0,0.0,0.0
2024,target_preterm,0.05,393,307911,130149,175639,27388,33866,30560,38148,0.010301678082302992,0.021038546852824344,0.0036049377904654456,0.021038546852824344,0.013906615872768438,0.010301678082302992,0.02464348464328979,0.012104146977535715,0.022841015748057067,0.03494516272559278,0.0,0.0,0.0,0.0
2024,target_preterm,0.1,393,307911,260299,351278,44352,54745,50687,62465,0.020574126939277904,0.033753259870547,0.004498053008823971,0.033753259870547,0.025072179948101875,0.020574126939277904,0.038251312879370974,0.02282315344368989,0.03600228637495899,0.05882543981864888,0.0,0.0,0.0,0.0
2024,target_preterm,0.05,394,307123,130149,175639,27746,34300,30491,38128,0.008937787140657003,0.02133998430596211,0.003526274489373968,0.02133998430596211,0.01246406163003097,0.008937787140657003,0.024866258795336077,0.010700924385343986,0.023103121550649093,0.03380404593599308,0.0,0.0,0.0,0.0
2024,target_preterm,0.1,394,307123,260299,351278,44764,55153,50829,62616,0.01974778834538604,0.03382683810720785,0.004551922194039548,0.03382683810720785,0.02429971053942559,0.01974778834538604,0.0383787603012474,0.022023749442405816,0.036102799204227626,0.05812654864663344,0.0,0.0,0.0,0.0
2024,target_preterm,0.05,395,307597,130149,175639,27774,34347,30554,38278,0.009037799458382234,0.021368869007174968,0.003741909056330206,0.021368869007174968,0.01277970851471244,0.009037799458382234,0.025110778063505174,0.010908753986547337,0.02323982353534007,0.03414857752188741,0.0,0.0,0.0,0.0
2024,target_preterm,0.1,395,307597,260299,351278,45000,55440,50861,62811,0.019054152023589288,0.03394051307392465,0.004909020569121292,0.03394051307392465,0.02396317259271058,0.019054152023589288,0.03884953364304594,0.021508662308149934,0.036395023358485296,0.05790368566663523,0.0,0.0,0.0,0.0
2024,target_preterm,0.05,396,307114,130149,175639,27761,34388,30532,38273,0.009022708180024347,0.021578306426929414,0.0036273175433226834,0.021578306426929414,0.01265002572334703,0.009022708180024347,0.025205623970252097,0.010836366951685689,0.023391965198590756,0.034228332150276444,0.0,0.0,0.0,0.0
2024,target_preterm,0.1,396,307114,260299,351278,44891,55340,51055,62915,0.020070722923735157,0.034023196598005956,0.004594385146883567,0.034023196598005956,0.024665108070618724,0.020070722923735157,0.03861758174488952,0.02236791549717694,0.03632038917144774,0.05868830466862468,0.0,0.0,0.0,0.0
2024,target_preterm,0.05,397,308853,130149,175639,27547,33997,30628,38183,0.00997561946945634,0.02088372138201669,0.003577753818159446,0.02088372138201669,0.013553373287615786,0.00997561946945634,0.024461475200176136,0.011764496378536063,0.022672598291096413,0.034437094669632476,0.0,0.0,0.0,0.0
2024,target_preterm,0.1,397,308853,260299,351278,44515,54906,50705,62442,0.02004189695421446,0.03364383703574192,0.004358060307006917,0.03364383703574192,0.024399957261221378,0.02004189695421446,0.038001897342748836,0.02222092710771792,0.03582286718924538,0.0580437942969633,0.0,0.0,0.0,0.0
2024,target_preterm,0.05,398,308585,130149,175639,27745,34128,30692,38359,0.009550042937926342,0.020684738402709138,0.0041609281073286125,0.020684738402709138,0.013710971045254955,0.009550042937926342,0.02484566651003775,0.011630506991590649,0.022765202456373444,0.03439570944796409,0.0,0.0,0.0,0.0
2024,target_preterm,0.1,398,308585,260299,351278,44765,55237,50841,62815,0.01968987475087902,0.03393554450151498,0.004867378518074422,0.03393554450151498,0.024557253268953444,0.01968987475087902,0.0388029230195894,0.022123564009916233,0.03636923376055219,0.058492797770468424,0.0,0.0,0.0,0.0
2024,target_preterm,0.05,399,306693,130149,175639,27591,33983,30483,38084,0.009429625064804215,0.020841688594131588,0.003942052801987658,0.020841688594131588,0.013371677866791873,0.009429625064804215,0.024783741396119247,0.011400651465798044,0.022812714995125417,0.03421336646092346,0.0,0.0,0.0,0.0
2024,target_preterm,0.1,399,306693,260299,351278,44460,55011,50533,62422,0.019801560518172917,0.034402480656552326,0.004362668857782859,0.034402480656552326,0.024164229375955776,0.019801560518172917,0.038765149514335184,0.021982894947064346,0.036583815085443755,0.0585667100325081,0.0,0.0,0.0,0.0
2024,target_preterm,0.05,400,308322,130149,175639,27840,34380,30855,38440,0.009778737813065555,0.021211590480082504,0.0033893137693709885,0.021211590480082504,0.013168051582436544,0.009778737813065555,0.024600904249453492,0.01147339469775105,0.022906247364767998,0.03437964206251905,0.0,0.0,0.0,0.0
2024,target_preterm,0.1,400,308322,260299,351278,44847,55290,50994,62848,0.01993694903380233,0.033870434156498735,0.004576384429265501,0.033870434156498735,0.024513333463067832,0.01993694903380233,0.038446818585764236,0.022225141248435082,0.036158626371131486,0.05838376761956657,0.0,0.0,0.0,0.0
2024,target_preterm,0.05,401,307388,130149,175639,27714,34138,30740,38354,0.009844235949353922,0.02089866878342682,0.003871328744127933,0.02089866878342682,0.013715564693481855,0.009844235949353922,0.024769997527554752,0.011779900321417888,0.022834333155490785,0.034614233476908673,0.0,0.0,0.0,0.0
2024,target_preterm,0.1,401,307388,260299,351278,44606,54928,50873,62758,0.02038791364659648,0.033579710333519835,0.005084778846278976,0.033579710333519835,0.025472692492875454,0.02038791364659648,0.03866448917979881,0.022930303069735966,0.03612209975665932,0.05905240282639529,0.0,0.0,0.0,0.0
2024,target_preterm,0.05,402,307683,130149,175639,27767,34142,30621,38259,0.00927578059236292,0.020719376761147018,0.0041048741724437204,0.020719376761147018,0.01338065476480664,0.00927578059236292,0.02482425093359074,0.01132821767858478,0.02277181384736888,0.03410003152595366,0.0,0.0,0.0,0.0
2024,target_preterm,0.1,402,307683,260299,351278,44501,54860,50758,62525,0.020335865159921085,0.03366776844999561,0.004576138428187465,0.03366776844999561,0.02491200358810855,0.020335865159921085,0.038243906878183076,0.022623934374014817,0.03595583766408934,0.05857977203810416,0.0,0.0,0.0,0.0
2024,target_preterm,0.05,403,308170,130149,175639,27856,34287,31029,38679,0.01029626504851218,0.02086835188370055,0.003955608917156114,0.02086835188370055,0.014251873965668294,0.01029626504851218,0.024823960800856665,0.012274069507090236,0.022846156342278608,0.035120225849368844,0.0,0.0,0.0,0.0
2024,target_preterm,0.1,403,308170,260299,351278,44812,55286,51172,62987,0.020637959567771036,0.0339877340428984,0.004351494305091325,0.0339877340428984,0.02498945387286236,0.020637959567771036,0.03833922834798972,0.022813706720316698,0.03616348119544406,0.05897718791576076,0.0,0.0,0.0,0.0
2024,target_preterm,0.05,404,308468,130149,175639,27868,34371,30612,38377,0.008895574257297353,0.02108160327813581,0.004091186119792006,0.02108160327813581,0.01298676037708936,0.008895574257297353,0.025172789397927817,0.010941167317193357,0.023127196338031814,0.03406836365522517,0.0,0.0,0.0,0.0
2024,target_preterm,0.1,404,308468,260299,351278,44950,55455,50898,62859,0.019282389097086267,0.03405539634581223,0.004720100626321,0.03405539634581223,0.024002489723407266,0.019282389097086267,0.03877549697213323,0.021642439410246767,0.03641544665897273,0.058057886069219494,0.0,0.0,0.0,0.0
2024,target_preterm,0.05,405,307508,130149,175639,27730,34111,30694,38286,0.009638773625401609,0.020750679657114607,0.003938108927247427,0.020750679657114607,0.013576882552649036,0.009638773625401609,0.024688788584362034,0.011607828089025322,0.02271973412073832,0.03432756220976364,0.0,0.0,0.0,0.0
2024,target_preterm,0.1,405,307508,260299,351278,44651,55155,50604,62531,0.01935884594872328,0.03415846091808994,0.00462752188560947,0.03415846091808994,0.02398636783433275,0.01935884594872328,0.03878598280369941,0.021672606891528015,0.036472221860894674,0.05814482875242269,0.0,0.0,0.0,0.0
2024,target_preterm,0.05,406,308112,130149,175639,28016,34570,30950,38682,0.009522511294594166,0.021271485693514045,0.0038232850392065226,0.021271485693514045,0.013345796333800689,0.009522511294594166,0.025094770732720567,0.011434153814197427,0.023183128213117306,0.03461728202731473,0.0,0.0,0.0,0.0
2024,target_preterm,0.1,406,308112,260299,351278,45034,55342,51388,63204,0.02062237108583892,0.03345536687957626,0.004894324141870493,0.03345536687957626,0.025516695227709413,0.02062237108583892,0.03834969102144675,0.023069533156774166,0.035902528950511506,0.05897206210728567,0.0,0.0,0.0,0.0
2024,target_preterm,0.05,407,307739,130149,175639,27866,34308,30751,38420,0.009374827369946603,0.02093332336817888,0.003987144950753724,0.02093332336817888,0.013361972320700327,0.009374827369946603,0.024920468318932604,0.011368399845323465,0.022926895843555742,0.03429529568887921,0.0,0.0,0.0,0.0
2024,target_preterm,0.1,407,307739,260299,351278,44688,54928,50971,62689,0.02041665177309343,0.033274950526257646,0.004802771179473503,0.033274950526257646,0.025219422952566933,0.02041665177309343,0.03807772170573115,0.022818037362830182,0.0356763361159944,0.05849437347882458,0.0,0.0,0.0,0.0
2024,target_preterm,0.05,408,307673,130149,175639,27779,34329,30777,38376,0.009744111442993059,0.02128883587445113,0.003409463943862462,0.02128883587445113,0.01315357538685552,0.009744111442993059,0.02469829981831359,0.01144884341492429,0.02299356784638236,0.03444241126130665,0.0,0.0,0.0,0.0
2024,target_preterm,0.1,408,307673,260299,351278,44927,55401,50788,62671,0.01904944535269587,0.03404263617542,0.004579537365969721,0.03404263617542,0.023628982718665592,0.01904944535269587,0.03862217354138972,0.02133921403568073,0.03633240485840486,0.05767161889408559,0.0,0.0,0.0,0.0
2024,target_preterm,0.05,409,308168,130149,175639,27540,33977,30569,38154,0.009829054282079905,0.020887957218140754,0.0037252407777575852,0.020887957218140754,0.01355429505983749,0.009829054282079905,0.02461319799589834,0.011691674670958697,0.022750577607019547,0.034442252277978244,0.0,0.0,0.0,0.0
2024,target_preterm,0.1,409,308168,260299,351278,44391,54850,50664,62379,0.02035577996417537,0.03393927987331585,0.004075698969393332,0.03393927987331585,0.0244314789335687,0.02035577996417537,0.038014978842709185,0.022393629448872035,0.03597712935801252,0.058370758806884554,0.0,0.0,0.0,0.0
2024,target_preterm,0.05,410,308309,130149,175639,27693,34152,30767,38382,0.00997051659212024,0.02094976144063261,0.0037494850944993496,0.02094976144063261,0.01372000168661959,0.00997051659212024,0.02469924653513196,0.011845259139369915,0.022824503987882286,0.0346697631272522,0.0,0.0,0.0,0.0
2024,target_preterm,0.1,410,308309,260299,351278,44769,55263,50861,62715,0.019759397228105574,0.03403728077999668,0.004411158934705117,0.03403728077999668,0.02417055616281069,0.019759397228105574,0.0384484397147018,0.021964976695458133,0.03624286024734924,0.05820783694280737,0.0,0.0,0.0,0.0
2024,target_preterm,0.05,411,307734,130149,175639,27719,34224,30556,38337,0.009219000825388152,0.021138385748731045,0.004146438157629648,0.021138385748731045,0.0133654389830178,0.009219000825388152,0.025284823906360693,0.011292219904202976,0.02321160482754587,0.034503824731748844,0.0,0.0,0.0,0.0
2024,target_preterm,0.1,411,307734,260299,351278,44842,55110,50851,62774,0.01952660414513832,0.03336647884211688,0.005378021278116818,0.03336647884211688,0.02490462542325514,0.01952660414513832,0.0387445001202337,0.02221561478419673,0.03605548948117529,0.05827110426537202,0.0,0.0,0.0,0.0
2024,target_preterm,0.05,412,307890,130149,175639,27924,34282,30826,38549,0.009425444152132256,0.02065023222579493,0.004433401539510856,0.02065023222579493,0.013858845691643112,0.009425444152132256,0.025083633765305785,0.011642144921887684,0.022866932995550357,0.03450907791743804,0.0,0.0,0.0,0.0
2024,target_preterm,0.1,412,307890,260299,351278,44929,55368,50852,62781,0.019237389976939828,0.0339049660593069,0.004839390691480705,0.0339049660593069,0.024076780668420533,0.019237389976939828,0.038744356750787606,0.02165708532268018,0.036324661405047254,0.057981746727727435,0.0,0.0,0.0,0.0
2024,target_preterm,0.05,413,307879,130149,175639,27678,34133,30790,38486,0.0101078670516664,0.020966028861987993,0.004030804309485214,0.020966028861987993,0.014138671361151614,0.0101078670516664,0.024996833171473207,0.012123269206409007,0.0229814310167306,0.03510470022313961,0.0,0.0,0.0,0.0
2024,target_preterm,0.1,413,307879,260299,351278,44804,55288,51116,63099,0.020501560678058584,0.034052338743467386,0.00486879585811309,0.034052338743467386,0.025370356536171673,0.020501560678058584,0.038921134601580476,0.02293595860711513,0.03648673667252393,0.05942269527963906,0.0,0.0,0.0,0.0
2024,target_preterm,0.05,414,308073,130149,175639,27613,34188,30635,38226,0.009809363365176446,0.02134234418465754,0.003297919648914377,0.02134234418465754,0.013107283014090823,0.009809363365176446,0.024640263833571915,0.011458323189633635,0.022991304009114727,0.03444962719874836,0.0,0.0,0.0,0.0
2024,target_preterm,0.1,414,308073,260299,351278,44709,55102,50859,62781,0.019962801024432514,0.033735510739337754,0.00496310939290362,0.033735510739337754,0.024925910417336133,0.019962801024432514,0.038698620132241374,0.022444355720884324,0.036217065435789564,0.05866142115667389,0.0,0.0,0.0,0.0
2024,target_preterm,0.05,415,308020,130149,175639,27727,34177,30644,38185,0.009470164275047085,0.02094019868839686,0.0035419777936497587,0.02094019868839686,0.013012142068696844,0.009470164275047085,0.02448217648204662,0.011241153171871965,0.02271118758522174,0.033952340757093705,0.0,0.0,0.0,0.0
2024,target_preterm,0.1,415,308020,260299,351278,44708,55196,50815,62687,0.01982663463411466,0.034049737030062976,0.004493214726316502,0.034049737030062976,0.02431984936043116,0.01982663463411466,0.03854295175637948,0.02207324199727291,0.03629634439322123,0.05836958639049414,0.0,0.0,0.0,0.0
2024,target_preterm,0.05,416,307447,130149,175639,27547,33942,30468,38089,0.009500824532358426,0.020800333065536497,0.003987679177224035,0.020800333065536497,0.013488503709582461,0.009500824532358426,0.024788012242760532,0.011494664120970444,0.022794172654148515,0.03428883677511896,0.0,0.0,0.0,0.0
2024,target_preterm,0.1,416,307447,260299,351278,44498,55017,50539,62493,0.01964891509756153,0.034214027133131875,0.004667471141367452,0.034214027133131875,0.024316386238928983,0.01964891509756153,0.038881498274499326,0.021982650668245257,0.0365477627038156,0.05853041337206086,0.0,0.0,0.0,0.0
2024,target_preterm,0.05,417,307291,130149,175639,27894,34365,30807,38319,0.009479613786280747,0.02105821517714479,0.0033876683664669643,0.02105821517714479,0.012867282152747711,0.009479613786280747,0.024445883543611754,0.011173447969514229,0.022752049360378272,0.0339254973298925,0.0,0.0,0.0,0.0
2024,target_preterm,0.1,417,307291,260299,351278,44760,55148,50898,62746,0.019974551809197133,0.03380509028900944,0.0047511967483590545,0.03380509028900944,0.024725748557556188,0.019974551809197133,0.03855628703736849,0.02235015018337666,0.036180688663188965,0.058530838846565625,0.0,0.0,0.0,0.0
2024,target_preterm,0.05,418,307579,130149,175639,27599,34133,30732,38336,0.010186000994866357,0.02124332285364086,0.0034787810611257575,0.02124332285364086,0.013664782055992114,0.010186000994866357,0.02472210391476662,0.011925391525429235,0.02298271338420374,0.034908104909632975,0.0,0.0,0.0,0.0
2024,target_preterm,0.1,418,307579,260299,351278,44641,54934,50858,62801,0.02021269332431669,0.03346457332912847,0.005364475468091101,0.03346457332912847,0.02557716879240779,0.02021269332431669,0.03882904879721957,0.02289493105836224,0.03614681106317402,0.05904174212153626,0.0,0.0,0.0,0.0
2024,target_preterm,0.05,419,306959,130149,175639,27484,33920,30438,38039,0.009623435051586693,0.02096696953013269,0.0037952951371355848,0.02096696953013269,0.013418730188722278,0.009623435051586693,0.024762264667268274,0.011521082620154485,0.022864617098700482,0.03438569971885497,0.0,0.0,0.0,0.0
2024,target_preterm,0.1,419,306959,260299,351278,44468,54825,50409,62400,0.01935437631735834,0.03374066243374521,0.005323186484188447,0.03374066243374521,0.024677562801546787,0.01935437631735834,0.03906384891793366,0.022015969559452564,0.036402255675839434,0.058418225235292,0.0,0.0,0.0,0.0
2024,target_preterm,0.05,420,308303,130149,175639,27996,34494,30965,38633,0.009630136586410126,0.02107666808302222,0.003794967937386262,0.02107666808302222,0.013425104523796388,0.009630136586410126,0.024871636020408483,0.011527620555103257,0.022974152051715352,0.03450177260681861,0.0,0.0,0.0,0.0
2024,target_preterm,0.1,420,308303,260299,351278,45157,55594,51218,63169,0.019659231340596744,0.033853060138889335,0.004910753382224631,0.033853060138889335,0.024569984722821375,0.019659231340596744,0.038763813521113966,0.02211460803170906,0.03630843683000165,0.05842304486171071,0.0,0.0,0.0,0.0
2024,target_preterm,0.05,421,307771,130149,175639,27498,33894,30611,38213,0.010114663174893027,0.020781685084039755,0.003918497844176347,0.020781685084039755,0.014033161019069373,0.010114663174893027,0.024700182928216102,0.0120739120969812,0.02274093400612793,0.03481484610310913,0.0,0.0,0.0,0.0
2024,target_preterm,0.1,421,307771,260299,351278,44338,54763,50670,62386,0.02057373826643835,0.03387258708585281,0.004194677211303205,0.03387258708585281,0.024768415477741557,0.02057373826643835,0.03806726429715601,0.022671076872089954,0.03596992569150441,0.05864100256359436,0.0,0.0,0.0,0.0
2024,target_preterm,0.05,422,307232,130149,175639,27719,34122,30729,38526,0.009797156546193106,0.020840928028330374,0.004537287782522673,0.020840928028330374,0.014334444328715779,0.009797156546193106,0.025378215810853047,0.012065800437454442,0.02310957191959171,0.03517537235704615,0.0,0.0,0.0,0.0
2024,target_preterm,0.1,422,307232,260299,351278,44699,55089,50874,62759,0.020098817831475907,0.033818091865430694,0.004866029580252035,0.033818091865430694,0.024964847411727942,0.020098817831475907,0.03868412144568273,0.022531832621601924,0.03625110665555671,0.058782939277158636,0.0,0.0,0.0,0.0
2024,target_preterm,0.05,423,309043,130149,175639,27821,34315,30879,38641,0.009895063146552432,0.021013257054843512,0.0041029889044566364,0.021013257054843512,0.013998052051009069,0.009895063146552432,0.02511624595930015,0.01194655759878075,0.02306475150707183,0.03501130910585258,0.0,0.0,0.0,0.0
2024,target_preterm,0.1,423,309043,260299,351278,44800,55337,51175,62863,0.020628197370592433,0.034095578932381576,0.003724400811537576,0.034095578932381576,0.02435259818213001,0.020628197370592433,0.03781997974391915,0.02249039777636122,0.035957779338150364,0.058448177114511585,0.0,0.0,0.0,0.0
2024,target_preterm,0.05,424,308228,130149,175639,27787,34328,30644,38375,0.00926911247518071,0.021221303710240474,0.0038607783848320087,0.021221303710240474,0.013129890860012719,0.00926911247518071,0.025082082095072483,0.011199501667596715,0.02315169290265648,0.03435119457025319,0.0,0.0,0.0,0.0
2024,target_preterm,0.1,424,308228,260299,351278,44815,55377,50915,62741,0.019790544661743903,0.03426684142907199,0.004100860402040052,0.03426684142907199,0.023891405063783955,0.019790544661743903,0.038367701831112044,0.02184097486276393,0.03631727163009202,0.05815824649285595,0.0,0.0,0.0,0.0
2024,target_preterm,0.05,425,308296,130149,175639,27707,34157,30612,38320,0.009422762539896726,0.02092145211095829,0.00408049407063342,0.02092145211095829,0.013503256610530145,0.009422762539896726,0.02500194618159171,0.011463009575213436,0.022961699146275,0.03442470872148844,0.0,0.0,0.0,0.0
2024,target_preterm,0.1,425,308296,260299,351278,44619,55031,50880,62696,0.020308404909567424,0.03377273788826321,0.004554064924617907,0.03377273788826321,0.02486246983418533,0.020308404909567424,0.03832680281288112,0.022585437371876377,0.03604977035057216,0.05863520772244854,0.0,0.0,0.0,0.0
2024,target_preterm,0.05,426,307312,130149,175639,27551,34088,30459,38113,0.009462695892122674,0.02127154162544906,0.00363474254178163,0.02127154162544906,0.013097438433904304,0.009462695892122674,0.02490628416723069,0.01128006716301349,0.023088912896339873,0.03436898005935336,0.0,0.0,0.0,0.0
2024,target_preterm,0.1,426,307312,260299,351278,44558,54918,50645,62471,0.019807231738428688,0.033711667621179775,0.0047703962097152,0.033711667621179775,0.024577627948143888,0.019807231738428688,0.038482063830894975,0.022192429843286288,0.036096865726037375,0.05828929556932366,0.0,0.0,0.0,0.0
2024,target_preterm,0.05,427,307608,130149,175639,27686,34120,30668,38330,0.009694156198798473,0.020916231047306957,0.003992093833710436,0.020916231047306957,0.01368625003250891,0.009694156198798473,0.024908324881017394,0.011690203115653691,0.022912277964162175,0.03460248107981587,0.0,0.0,0.0,0.0
2024,target_preterm,0.1,427,307608,260299,351278,44343,54808,50838,62528,0.021114535382694866,0.034020571636628444,0.00398234116147822,0.034020571636628444,0.025096876544173086,0.021114535382694866,0.038002912798106664,0.023105705963433976,0.036011742217367554,0.05911744818080153,0.0,0.0,0.0,0.0
2024,target_preterm,0.05,428,307560,130149,175639,27798,34181,30661,38287,0.00930875276368838,0.02075367407985433,0.00404148783977111,0.02075367407985433,0.01335024060345949,0.00930875276368838,0.02479516191962544,0.011329496683573935,0.022774417999739886,0.03410391468331382,0.0,0.0,0.0,0.0
2024,target_preterm,0.1,428,307560,260299,351278,44782,55125,50777,62612,0.019492131616595132,0.03362921056054102,0.004851085966965818,0.03362921056054102,0.02434321758356095,0.019492131616595132,0.03848029652750684,0.02191767460007804,0.03605475354402393,0.05797242814410197,0.0,0.0,0.0,0.0
2024,target_preterm,0.05,429,307597,130149,175639,27414,33899,30495,37994,0.010016352565207082,0.021082780391226186,0.003296521097409924,0.021082780391226186,0.013312873662617006,0.010016352565207082,0.02437930148863611,0.011664613113912044,0.022731040939931148,0.03439565405384319,0.0,0.0,0.0,0.0
2024,target_preterm,0.1,429,307597,260299,351278,44469,55013,50437,62333,0.01940200977252704,0.034278617801864114,0.004395361463213232,0.034278617801864114,0.023797371235740272,0.01940200977252704,0.038673979265077346,0.021599690504133656,0.03647629853347073,0.058075989037604386,0.0,0.0,0.0,0.0
2024,target_preterm,0.05,430,307458,130149,175639,27576,34012,30556,38234,0.009692380747939544,0.020932940434140596,0.004039576137228509,0.020932940434140596,0.013731956885168053,0.009692380747939544,0.024972516571369105,0.011712168816553799,0.02295272850275485,0.03466489731930865,0.0,0.0,0.0,0.0
2024,target_preterm,0.1,430,307458,260299,351278,44306,54722,50702,62365,0.02080284136369845,0.0338777979431337,0.00405583852103375,0.0338777979431337,0.0248586798847322,0.02080284136369845,0.03793363646416745,0.022830760624215324,0.03590571720365057,0.058736477827865896,0.0,0.0,0.0,0.0
2024,target_preterm,0.05,431,308059,130149,175639,27807,34274,30898,38516,0.01003379222811214,0.02099273191174418,0.003736297267731184,0.02099273191174418,0.013770089495843324,0.01003379222811214,0.024729029179475365,0.011901940861977732,0.022860880545609773,0.034762821407587505,0.0,0.0,0.0,0.0
2024,target_preterm,0.1,431,308059,260299,351278,44855,55310,50896,62828,0.01960987992559865,0.033938304026176785,0.004794536111589032,0.033938304026176785,0.02440441603718768,0.01960987992559865,0.03873284013776582,0.022007147981393166,0.0363355720819713,0.05834272006336447,0.0,0.0,0.0,0.0
2024,target_preterm,0.05,432,308257,130149,175639,27778,34290,30883,38485,0.010072763959942527,0.021125229921786046,0.0035360105366625816,0.021125229921786046,0.013608774496605108,0.010072763959942527,0.024661240458448627,0.011840769228273818,0.022893235190117336,0.034734004418391154,0.0,0.0,0.0,0.0
2024,target_preterm,0.1,432,308257,260299,351278,44617,55016,50965,62759,0.020593206318104684,0.03373483813830666,0.004525444677655366,0.03373483813830666,0.02511865099576005,0.020593206318104684,0.03826028281596203,0.022855928656932367,0.035997560477134344,0.05885348913406671,0.0,0.0,0.0,0.0
2024,target_preterm,0.05,433,308252,130149,175639,27721,34355,30839,38520,0.01011510063195048,0.021521352659512355,0.0033965716361937653,0.021521352659512355,0.013511672268144245,0.01011510063195048,0.02491792429570612,0.011813386450047363,0.023219638477609238,0.0350330249276566,0.0,0.0,0.0,0.0
2024,target_preterm,0.1,433,308252,260299,351278,44900,55182,51308,63209,0.02078818628914006,0.03335582575295537,0.005252196255012137,0.03335582575295537,0.026040382544152196,0.02078818628914006,0.03860802200796751,0.023414284416646128,0.03598192388046144,0.05939620829710757,0.0,0.0,0.0,0.0
2024,target_preterm,0.05,434,308059,130149,175639,28114,34603,31031,38758,0.009468965360531587,0.021064146803047468,0.004018710701521447,0.021064146803047468,0.013487676062053033,0.009468965360531587,0.025082857504568914,0.01147832071129231,0.02307350215380819,0.0345518228651005,0.0,0.0,0.0,0.0
2024,target_preterm,0.1,434,308059,260299,351278,45138,55539,51385,63188,0.020278582998711298,0.033763012929341474,0.004551076254873221,0.033763012929341474,0.02482965925358452,0.020278582998711298,0.038314089184214695,0.022554121126147908,0.036038551056778084,0.05859267218292599,0.0,0.0,0.0,0.0
2024,target_preterm,0.05,435,307391,130149,175639,27850,34400,30796,38511,0.009583885019405256,0.0213083662176186,0.003789961319622226,0.0213083662176186,0.013373846339027481,0.009583885019405256,0.025098327537240825,0.011478865679216368,0.023203346877429712,0.03468221255664608,0.0,0.0,0.0,0.0
2024,target_preterm,0.1,435,307391,260299,351278,44892,55094,51083,63016,0.02014047255775217,0.03318900032857175,0.005631264415679044,0.03318900032857175,0.025771736973431214,0.02014047255775217,0.03882026474425079,0.022956104765591692,0.03600463253641127,0.058960737302002963,0.0,0.0,0.0,0.0
2024,target_preterm,0.05,436,307219,130149,175639,27766,34236,30873,38499,0.010113306794176144,0.02105989538407456,0.003762788108808368,0.02105989538407456,0.013876094902984512,0.010113306794176144,0.024822683492882927,0.011994700848580328,0.022941289438478743,0.03493599028705907,0.0,0.0,0.0,0.0
2024,target_preterm,0.1,436,307219,260299,351278,44726,55286,50982,62767,0.02036332388296297,0.03437287407354364,0.003987383592811644,0.03437287407354364,0.024350707475774613,0.02036332388296297,0.038360257666355285,0.02235701567936879,0.03636656586994946,0.058723581549318254,0.0,0.0,0.0,0.0
2024,target_preterm,0.05,437,307779,130149,175639,27583,34068,30668,38250,0.010023425899752733,0.0210703134391885,0.0035642457737532635,0.0210703134391885,0.013587671673505997,0.010023425899752733,0.024634559212941762,0.011805548786629365,0.02285243632606513,0.034657985112694495,0.0,0.0,0.0,0.0
2024,target_preterm,0.1,437,307779,260299,351278,44640,55050,50794,62680,0.01999486644637874,0.03382297037809598,0.0047956488259432994,0.03382297037809598,0.02479051527232204,0.01999486644637874,0.03861861920403928,0.02239269085935039,0.03622079479106763,0.05861348565041802,0.0,0.0,0.0,0.0
2024,target_preterm,0.05,438,306794,130149,175639,28117,34538,31046,38717,0.00954712282508785,0.020929353246804047,0.004074395196776992,0.020929353246804047,0.013621518021864842,0.00954712282508785,0.02500374844358104,0.011584320423476346,0.022966550845192543,0.03455087126866889,0.0,0.0,0.0,0.0
2024,target_preterm,0.1,438,306794,260299,351278,44851,55078,51159,62746,0.020561027921015412,0.033335071741950634,0.004432941974093357,0.033335071741950634,0.02499396989510877,0.020561027921015412,0.03776801371604399,0.02277749890806209,0.03555154272899731,0.0583290416370594,0.0,0.0,0.0,0.0
2024,target_preterm,0.05,439,306965,130149,175639,27792,34195,30772,38354,0.009707947160099692,0.020859055592657147,0.003840828758979023,0.020859055592657147,0.013548775919078715,0.009707947160099692,0.02469988435163617,0.011628361539589203,0.02277946997214666,0.03440783151173586,0.0,0.0,0.0,0.0
2024,target_preterm,0.1,439,306965,260299,351278,44628,54901,50745,62632,0.019927353281318727,0.033466356099229544,0.005257928428322456,0.033466356099229544,0.025185281709641183,0.019927353281318727,0.038724284527552,0.022556317495479955,0.03609532031339077,0.05865163780887073,0.0,0.0,0.0,0.0
2024,target_preterm,0.05,440,308146,130149,175639,27972,34586,30818,38504,0.009235881692444492,0.021463851550888216,0.003478870405586962,0.021463851550888216,0.012714752098031454,0.009235881692444492,0.024942721956475178,0.010975316895237973,0.023203286753681697,0.03417860364891967,0.0,0.0,0.0,0.0
2024,target_preterm,0.1,440,308146,260299,351278,45112,55468,51184,63027,0.019704945058511225,0.03360744582113673,0.004825634601779677,0.03360744582113673,0.024530579660290902,0.019704945058511225,0.038433080422916405,0.022117762359401064,0.036020263122026566,0.05813802548142763,0.0,0.0,0.0,0.0
2024,target_preterm,0.05,441,307351,130149,175639,27800,34099,30963,38611,0.010291165475303482,0.020494483505828845,0.00438911862984015,0.020494483505828845,0.014680284105143632,0.010291165475303482,0.024883602135668995,0.012485724790223557,0.02268904282074892,0.03517476761097248,0.0,0.0,0.0,0.0
2024,target_preterm,0.1,441,307351,260299,351278,44566,54851,50933,62720,0.020715728922307053,0.033463369242332036,0.00488692081691619,0.033463369242332036,0.025602649739223243,0.020715728922307053,0.03835029005924823,0.023159189330765148,0.03590682965079013,0.05906601898155528,0.0,0.0,0.0,0.0
2024,target_preterm,0.05,442,308126,130149,175639,27610,34076,30701,38320,0.010031610445077666,0.020984921752789445,0.003741975685271612,0.020984921752789445,0.013773586130349277,0.010031610445077666,0.024726897438061057,0.011902598287713471,0.02285590959542525,0.03475850788313872,0.0,0.0,0.0,0.0
2024,target_preterm,0.1,442,308126,260299,351278,44649,55148,51017,62784,0.020666870046669228,0.03407372308730844,0.00411519962612697,0.03407372308730844,0.024782069672796198,0.020666870046669228,0.03818892271343541,0.022724469859732713,0.03613132290037192,0.058855792760104636,0.0,0.0,0.0,0.0
2024,target_preterm,0.05,443,307691,130149,175639,27473,33935,30443,38017,0.00965254102329935,0.02100158925675434,0.0036140153595652785,0.02100158925675434,0.013266556382864628,0.00965254102329935,0.02461560461631962,0.011459548703081988,0.02280859693653698,0.03426814563961897,0.0,0.0,0.0,0.0
2024,target_preterm,0.1,443,307691,260299,351278,44530,54903,50444,62406,0.019220581687472177,0.03371239327767142,0.005164271948155774,0.03371239327767142,0.02438485363562795,0.019220581687472177,0.038876665225827195,0.021802717661550064,0.03629452925174931,0.05809724691329937,0.0,0.0,0.0,0.0
2024,target_preterm,0.05,444,307653,130149,175639,27605,34087,30600,38099,0.009734993645438214,0.02106919158922553,0.0033056722996362697,0.02106919158922553,0.013040665945074484,0.009734993645438214,0.0243748638888618,0.011387829795256349,0.022722027739043665,0.034109857534300014,0.0,0.0,0.0,0.0
2024,target_preterm,0.1,444,307653,260299,351278,44681,54973,50538,62535,0.01903768206388365,0.03345327365570952,0.005541957985132601,0.03345327365570952,0.02457964004901625,0.01903768206388365,0.03899523164084212,0.02180866105644995,0.03622425264827582,0.05803291370472577,0.0,0.0,0.0,0.0
2024,target_preterm,0.05,445,306942,130149,175639,27580,34051,30638,38280,0.009962794273836742,0.02108215884434192,0.0038150530067569827,0.02108215884434192,0.013777847280593725,0.009962794273836742,0.024897211851098902,0.011870320777215233,0.02298968534772041,0.034860006124935644,0.0,0.0,0.0,0.0
2024,target_preterm,0.1,445,306942,260299,351278,44569,55006,50757,62510,0.020160160551504852,0.034003166722051725,0.004287454958917303,0.034003166722051725,0.024447615510422155,0.020160160551504852,0.03829062168096903,0.022303888030963503,0.03614689420151038,0.05845078223247388,0.0,0.0,0.0,0.0
2024,target_preterm,0.05,446,306899,130149,175639,27826,34228,30677,38242,0.009289701172046833,0.02086028302470845,0.00378952033079287,0.02086028302470845,0.013079221502839702,0.009289701172046833,0.02464980335550132,0.011184461337443267,0.022755043190104886,0.03393950452754815,0.0,0.0,0.0,0.0
2024,target_preterm,0.1,446,306899,260299,351278,44806,55192,50795,62604,0.019514563423145725,0.03384175249837895,0.004636704583592638,0.03384175249837895,0.024151268006738363,0.019514563423145725,0.03847845708197159,0.021832915714942044,0.03616010479017527,0.057993020505117315,0.0,0.0,0.0,0.0
2024,target_preterm,0.05,447,306112,130149,175639,27440,33938,30446,38096,0.009819935187121057,0.021227524566171857,0.0037633284549445922,0.021227524566171857,0.013583263642065649,0.009819935187121057,0.02499085302111645,0.011701599414593353,0.023109188793644153,0.034810788208237506,0.0,0.0,0.0,0.0
2024,target_preterm,0.1,447,306112,260299,351278,44463,54826,50511,62329,0.01975747438845915,0.033853622203637884,0.004753162241271147,0.033853622203637884,0.024510636629730298,0.01975747438845915,0.03860678444490903,0.022134055509094724,0.03623020332427346,0.05836425883336818,0.0,0.0,0.0,0.0
2024,target_preterm,0.05,448,308004,130149,175639,27681,34108,30567,38379,0.009370008181711922,0.020866612121920494,0.0044966948481188485,0.020866612121920494,0.01386670302983077,0.009370008181711922,0.025363306970039343,0.011618355605771347,0.02311495954597992,0.034733315151751265,0.0,0.0,0.0,0.0
2024,target_preterm,0.1,448,308004,260299,351278,44711,55191,50768,62799,0.01966532902170101,0.03402553213594628,0.005035648887676797,0.03402553213594628,0.024700977909377808,0.01966532902170101,0.039061181023623076,0.02218315346553941,0.03654335657978468,0.05872651004532409,0.0,0.0,0.0,0.0
2024,target_preterm,0.05,449,307094,130149,175639,27689,34220,30518,38065,0.009212163051052782,0.021267103883501476,0.003308433248451606,0.021267103883501476,0.012520596299504388,0.009212163051052782,0.024575537131953082,0.010866379675278585,0.02292132050772728,0.033787700183005864,0.0,0.0,0.0,0.0
2024,target_preterm,0.1,449,307094,260299,351278,44501,54949,50674,62375,0.02010133704989353,0.03402215608250242,0.004080183917627822,0.03402215608250242,0.024181520967521353,0.02010133704989353,0.03810234000013024,0.02214142900870744,0.03606224804131633,0.05820367705002377,0.0,0.0,0.0,0.0
2024,target_preterm,0.05,450,308421,130149,175639,27733,34250,30758,38374,0.009808022151539628,0.02113020838399461,0.003563311188278351,0.02113020838399461,0.013371333339817978,0.009808022151539628,0.024693519572272962,0.011589677745678803,0.022911863978133787,0.03450154172381259,0.0,0.0,0.0,0.0
2024,target_preterm,0.1,450,308421,260299,351278,44881,55555,51071,62960,0.020069969295216594,0.0346085383291021,0.003939420467477889,0.0346085383291021,0.024009389762694483,0.020069969295216594,0.03854795879657999,0.02203967952895554,0.036578248562841045,0.058617928091796584,0.0,0.0,0.0,0.0
2024,target_preterm,0.05,451,307514,130149,175639,27798,34216,30642,38208,0.009248359424286381,0.020870594509518267,0.003733163368171852,0.020870594509518267,0.012981522792458233,0.009248359424286381,0.02460375787769012,0.011114941108372307,0.022737176193604193,0.0338521173019765,0.0,0.0,0.0,0.0
2024,target_preterm,0.1,451,307514,260299,351278,44704,55011,50588,62549,0.019134088204114302,0.033517173201870504,0.005378616908498446,0.033517173201870504,0.024512705112612748,0.019134088204114302,0.03889579011036895,0.021823396658363525,0.03620648165611973,0.05802987831448325,0.0,0.0,0.0,0.0
2024,target_preterm,0.05,452,307480,130149,175639,27711,34186,30933,38503,0.010478730323923505,0.021058280213347214,0.0035612072329907762,0.021058280213347214,0.014039937556914281,0.010478730323923505,0.02461948744633799,0.012259333940418893,0.0228388838298426,0.035098217770261494,0.0,0.0,0.0,0.0
2024,target_preterm,0.1,452,307480,260299,351278,44556,55068,50906,62681,0.02065174970729805,0.03418758943671135,0.004107584233120826,0.03418758943671135,0.024759333940418876,0.02065174970729805,0.03829517366983218,0.022705541823858463,0.036241381553271765,0.05894692337713023,0.0,0.0,0.0,0.0
2024,target_preterm,0.05,453,306552,130149,175639,27585,34059,30657,38286,0.010021138338683164,0.021118766147342052,0.003767713144915044,0.021118766147342052,0.013788851483598208,0.010021138338683164,0.024886479292257097,0.011904994911140686,0.023002622719799574,0.03490761763094026,0.0,0.0,0.0,0.0
2024,target_preterm,0.1,453,306552,260299,351278,44562,54829,50643,62574,0.019836765051280042,0.033491870873457036,0.005428116600120048,0.033491870873457036,0.02526488165140009,0.019836765051280042,0.03891998747357708,0.022550823351340066,0.03620592917351706,0.058756752524857125,0.0,0.0,0.0,0.0
2024,target_preterm,0.05,454,307551,130149,175639,27827,34412,30727,38337,0.009429330419995385,0.021411083039886064,0.0033327805794811233,0.021411083039886064,0.012762110999476509,0.009429330419995385,0.024743863619367187,0.011095720709735947,0.023077473329626626,0.03417319403936257,0.0,0.0,0.0,0.0
2024,target_preterm,0.1,454,307551,260299,351278,44877,55342,51032,62786,0.020012940943128138,0.03402687684319025,0.004191174797025521,0.03402687684319025,0.02420411574015366,0.020012940943128138,0.03821805164021577,0.0221085283416409,0.03612246424170301,0.05823099258334391,0.0,0.0,0.0,0.0
2024,target_preterm,0.05,455,307406,130149,175639,27699,34054,30825,38397,0.010168962219345101,0.02067298621367182,0.00395893378788964,0.02067298621367182,0.014127896007234741,0.010168962219345101,0.02463192000156146,0.012148429113289921,0.02265245310761664,0.03480088222090656,0.0,0.0,0.0,0.0
2024,target_preterm,0.1,455,307406,260299,351278,44324,54726,50846,62551,0.021216241712913864,0.0338379862462021,0.0042386941048645765,0.0338379862462021,0.02545493581777844,0.021216241712913864,0.03807668035106668,0.023335588765346152,0.03595733329863439,0.05929292206398054,0.0,0.0,0.0,0.0
2024,target_preterm,0.05,456,308121,130149,175639,27629,34230,30635,38194,0.009755907581761702,0.021423401845378928,0.0031091681514729685,0.021423401845378928,0.012865075733234671,0.009755907581761702,0.024532569996851897,0.011310491657498187,0.022977985921115412,0.0342884775786136,0.0,0.0,0.0,0.0
2024,target_preterm,0.1,456,308121,260299,351278,44622,55109,50808,62533,0.020076528376838987,0.034035330276092846,0.00401790205795774,0.034035330276092846,0.024094430434796726,0.020076528376838987,0.038053232334050585,0.022085479405817857,0.036044281305071715,0.05812976071088957,0.0,0.0,0.0,0.0
2024,target_preterm,0.05,457,307764,130149,175639,27807,34282,30652,38434,0.00924409612560273,0.021038847948428016,0.004246760504802383,0.021038847948428016,0.013490856630405113,0.00924409612560273,0.0252856084532304,0.011367476378003921,0.023162228200829207,0.03452970457883313,0.0,0.0,0.0,0.0
2024,target_preterm,0.1,457,307764,260299,351278,44742,55121,50937,62792,0.020129059929036547,0.0337238923330864,0.00479588255936364,0.0337238923330864,0.024924942488400187,0.020129059929036547,0.03851977489245004,0.022527001208718367,0.03612183361276822,0.058648834821486584,0.0,0.0,0.0,0.0
2024,target_preterm,0.05,458,308208,130149,175639,27700,34097,30722,38398,0.009805066708197072,0.02075546384259981,0.004149794943674387,0.02075546384259981,0.013954861651871459,0.009805066708197072,0.024905258786274198,0.011879964180034265,0.022830361314437005,0.03471032549447127,0.0,0.0,0.0,0.0
2024,target_preterm,0.1,458,308208,260299,351278,44456,54928,50853,62687,0.020755463842599797,0.03397705445673052,0.004419093599127871,0.03397705445673052,0.02517455744172767,0.020755463842599797,0.03839614805585839,0.022965010642163733,0.03618660125629446,0.05915161189845819,0.0,0.0,0.0,0.0
2024,target_preterm,0.05,459,307999,130149,175639,27502,33945,30426,38091,0.00949353731667961,0.0209188990873347,0.003967545349173207,0.0209188990873347,0.013461082665852817,0.00949353731667961,0.024886444436507907,0.011477309991266213,0.022902671761921303,0.034379981753187516,0.0,0.0,0.0,0.0
2024,target_preterm,0.1,459,307999,260299,351278,44582,54790,50592,62506,0.019513050367046647,0.03314296474988557,0.005538979022659152,0.03314296474988557,0.0250520293897058,0.019513050367046647,0.03868194377254472,0.022282539878376223,0.03591245426121514,0.058194994139591366,0.0,0.0,0.0,0.0
2024,target_preterm,0.05,460,307907,130149,175639,27515,33985,30554,38223,0.009869863302880408,0.021012838292081698,0.0038940329385171585,0.021012838292081698,0.013763896241397566,0.009869863302880408,0.024906871230598857,0.011816879772138987,0.022959854761340277,0.034776734533479264,0.0,0.0,0.0,0.0
2024,target_preterm,0.1,460,307907,260299,351278,44433,54811,50712,62335,0.020392521118389656,0.03370498234856631,0.004043428697626195,0.03370498234856631,0.02443594981601585,0.020392521118389656,0.037748411046192504,0.022414235467202753,0.035726696697379406,0.05814093216458216,0.0,0.0,0.0,0.0
2024,target_preterm,0.05,461,308137,130149,175639,27777,34258,30728,38373,0.009576908972307771,0.021032852270256405,0.003777540509578528,0.021032852270256405,0.013354449481886299,0.009576908972307771,0.024810392779834933,0.011465679227097035,0.02292162252504567,0.034387301752142704,0.0,0.0,0.0,0.0
2024,target_preterm,0.1,461,308137,260299,351278,44729,55221,50812,62696,0.019741219003235555,0.034049789541664904,0.0045174711248568145,0.034049789541664904,0.02425869012809237,0.019741219003235555,0.03856726066652172,0.021999954565663962,0.03630852510409331,0.058308479669757274,0.0,0.0,0.0,0.0
2024,target_preterm,0.05,462,306543,130149,175639,27600,33933,30723,38299,0.010187803994871847,0.020659418091426004,0.004054896050472517,0.020659418091426004,0.014242700045344364,0.010187803994871847,0.024714314141898522,0.012215252020108106,0.022686866116662263,0.03490211813677037,0.0,0.0,0.0,0.0
2024,target_preterm,0.1,462,306543,260299,351278,44307,54653,50644,62365,0.02067246683173324,0.0337505668046571,0.004485504480611191,0.0337505668046571,0.02515797131234443,0.02067246683173324,0.03823607128526829,0.022915219072038834,0.035993319044962696,0.05890853811700153,0.0,0.0,0.0,0.0
2024,target_preterm,0.05,463,307004,130149,175639,27659,34084,30638,38273,0.009703456632486882,0.020928066083829522,0.003941316725514982,0.020928066083829522,0.013644773358001863,0.009703456632486882,0.024869382809344504,0.011674114995244372,0.022898724446587013,0.034572839441831385,0.0,0.0,0.0,0.0
2024,target_preterm,0.1,463,307004,260299,351278,44565,54921,50666,62556,0.019872705241625516,0.03373245951192819,0.004996677567718988,0.03373245951192819,0.024869382809344504,0.019872705241625516,0.038729137079647175,0.02237104402548501,0.03623079829578768,0.05860184232127269,0.0,0.0,0.0,0.0
2024,target_preterm,0.05,464,307331,130149,175639,27748,34171,30758,38381,0.00979400060521067,0.02089929099244789,0.0039045849588879716,0.02089929099244789,0.013698585564098642,0.00979400060521067,0.02480387595133586,0.011746293084654656,0.022851583471891874,0.03459787655654653,0.0,0.0,0.0,0.0
2024,target_preterm,0.1,464,307331,260299,351278,44781,55278,50831,62701,0.019685615834393544,0.034155356927872554,0.004467495957127643,0.034155356927872554,0.024153111791521187,0.019685615834393544,0.0386228528850002,0.021919363812957365,0.036389104906436376,0.05830846871939374,0.0,0.0,0.0,0.0
2024,target_preterm,0.05,465,308483,130149,175639,27669,34061,30445,38192,0.008998875140607432,0.020720752845375598,0.004392462469568828,0.020720752845375598,0.01339133761017626,0.008998875140607432,0.025113215314944426,0.011195106375391846,0.022916984080160012,0.03411209045555186,0.0,0.0,0.0,0.0
2024,target_preterm,0.1,465,308483,260299,351278,44666,55164,50619,62485,0.019297659838629688,0.03403104871257087,0.004434604175918927,0.03403104871257087,0.023732264014548615,0.019297659838629688,0.0384656528884898,0.021514961926589152,0.036248350800530335,0.05776331272711949,0.0,0.0,0.0,0.0
2024,target_preterm,0.05,466,308191,130149,175639,27597,34170,30691,38116,0.010039228919728346,0.02132768315752244,0.002764519405174068,0.02132768315752244,0.012803748324902414,0.010039228919728346,0.024092202562696508,0.01142148862231538,0.022709942860109474,0.034131431482424854,0.0,0.0,0.0,0.0
2024,target_preterm,0.1,466,308191,260299,351278,44547,54879,50666,62445,0.019854570704530644,0.03352466489936437,0.004695140351275634,0.03352466489936437,0.024549711055806278,0.019854570704530644,0.038219805250640004,0.02220214088016846,0.03587223507500219,0.05807437595517065,0.0,0.0,0.0,0.0
2024,target_preterm,0.05,467,307614,130149,175639,28024,34490,30989,38538,0.009638703049926214,0.02101984955171092,0.003520646004408101,0.02101984955171092,0.013159349054334316,0.009638703049926214,0.02454049555611902,0.011399026052130265,0.02278017255391497,0.034179198606045236,0.0,0.0,0.0,0.0
2024,target_preterm,0.1,467,307614,260299,351278,44943,55328,51115,62985,0.0200641063150572,0.03375984187975842,0.004827478593301959,0.03375984187975842,0.02489158490835916,0.0200641063150572,0.03858732047306038,0.02247784561170818,0.0361735811764094,0.05865142678811758,0.0,0.0,0.0,0.0
2024,target_preterm,0.05,468,306885,130149,175639,27665,33986,30568,38211,0.009459569545595264,0.02059729214526615,0.0043078025970640366,0.02059729214526615,0.013767372142659301,0.009459569545595264,0.024905094742330186,0.011613470844127283,0.022751193443798168,0.03436466428792545,0.0,0.0,0.0,0.0
2024,target_preterm,0.1,468,306885,260299,351278,44579,54858,50589,62597,0.01958388321358162,0.033494631539501774,0.005634032292226726,0.033494631539501774,0.025217915505808347,0.01958388321358162,0.0391286638317285,0.022400899359694984,0.03631164768561514,0.05871254704531012,0.0,0.0,0.0,0.0
2024,target_preterm,0.05,469,308442,130149,175639,27694,34275,30560,38092,0.00929186038217883,0.02133626419229548,0.0030832376913649817,0.02133626419229548,0.012375098073543811,0.00929186038217883,0.02441950188366046,0.01083347922786132,0.02287788303797797,0.03371136226583929,0.0,0.0,0.0,0.0
2024,target_preterm,0.1,469,308442,260299,351278,44746,55304,50691,62553,0.01927428819680846,0.03423009836533286,0.004227699210872737,0.03423009836533286,0.023501987407681196,0.01927428819680846,0.0384577975762056,0.021388137802244828,0.03634394797076923,0.05773208577301406,0.0,0.0,0.0,0.0
2024,target_preterm,0.05,470,308042,130149,175639,27484,33911,30388,37928,0.009427285889586481,0.02086403802078937,0.003613143662227883,0.02086403802078937,0.013040429551814364,0.009427285889586481,0.024477181683017254,0.011233857720700423,0.022670609851903313,0.033904467572603736,0.0,0.0,0.0,0.0
2024,target_preterm,0.1,470,308042,260299,351278,44450,54822,50462,62147,0.019516819135053015,0.03367073321170491,0.004262405775835754,0.03367073321170491,0.02377922491088877,0.019516819135053015,0.037933138987540665,0.021648022022970892,0.03580193609962279,0.05744995812259368,0.0,0.0,0.0,0.0
2024,target_preterm,0.05,471,306897,130149,175639,27607,34045,30741,38293,0.010211895196108128,0.020977722167372106,0.0036298823383741213,0.020977722167372106,0.01384177753448225,0.010211895196108128,0.024607604505746228,0.012026836365295189,0.022792663336559167,0.034819499701854356,0.0,0.0,0.0,0.0
2024,target_preterm,0.1,471,306897,260299,351278,44468,54873,50869,62684,0.020857160545720566,0.033903883061743856,0.0045943753115866015,0.033903883061743856,0.025451535857307167,0.020857160545720566,0.03849825837333046,0.023154348201513866,0.03620107071753716,0.05935541891905102,0.0,0.0,0.0,0.0
2024,target_preterm,0.05,472,309070,130149,175639,27811,34252,30748,38244,0.009502701653347143,0.020839939172355784,0.0034134662050668008,0.020839939172355784,0.012916167858413943,0.009502701653347143,0.024253405377422585,0.011209434755880543,0.022546672274889185,0.03375610703076973,0.0,0.0,0.0,0.0
2024,target_preterm,0.1,472,309070,260299,351278,44854,55410,50757,62769,0.019099233183421216,0.03415407512861163,0.0047109069142912685,0.03415407512861163,0.023810140097712484,0.019099233183421216,0.038864982042902896,0.02145468664056685,0.03650952858575726,0.05796421522632411,0.0,0.0,0.0,0.0
2024,target_preterm,0.05,473,307823,130149,175639,27478,33936,30630,38150,0.010239650708361622,0.0209795889196064,0.0034500345978045743,0.0209795889196064,0.013689685306166197,0.010239650708361622,0.024429623517410973,0.01196466800726391,0.022704606218508686,0.034669274225772595,0.0,0.0,0.0,0.0
2024,target_preterm,0.1,473,307823,260299,351278,44584,55054,50632,62581,0.019647654658683705,0.034013052955757045,0.004804709199767415,0.034013052955757045,0.02445236385845112,0.019647654658683705,0.03881776215552446,0.022050009258567413,0.03641540755564075,0.058465416814208165,0.0,0.0,0.0,0.0
2024,target_preterm,0.05,474,306941,130149,175639,27498,33974,30498,38112,0.009773865335683404,0.02109851730462857,0.0037075529173359045,0.02109851730462857,0.013481418253019309,0.009773865335683404,0.024806070221964474,0.011627641794351357,0.022952293763296522,0.03457993555764788,0.0,0.0,0.0,0.0
2024,target_preterm,0.1,474,306941,260299,351278,44328,54806,50590,62326,0.02040131491068317,0.034136853662430244,0.00409850753076324,0.034136853662430244,0.02449982244144641,0.02040131491068317,0.038235361193193484,0.02245056867606479,0.036186107427811864,0.058636676103876656,0.0,0.0,0.0,0.0
2024,target_preterm,0.05,475,307928,130149,175639,27673,34115,30561,38297,0.009378815827076462,0.020920474916214182,0.004202281052713627,0.020920474916214182,0.013581096879790089,0.009378815827076462,0.02512275596892781,0.011479956353433275,0.023021615442570996,0.03450157179600427,0.0,0.0,0.0,0.0
2024,target_preterm,0.1,475,307928,260299,351278,44657,55012,50784,62831,0.019897508508482487,0.03362799095892546,0.0054947909901015834,0.03362799095892546,0.02539229949858407,0.019897508508482487,0.03912278194902705,0.022644904003533278,0.036375386453976255,0.05902029045750953,0.0,0.0,0.0,0.0
2024,target_preterm,0.05,476,307314,130149,175639,27831,34166,30627,38479,0.009098186219957435,0.020614095029839186,0.0049363192044618864,0.020614095029839186,0.014034505424419322,0.009098186219957435,0.025550414234301072,0.011566345822188379,0.02308225463207013,0.03464860045425851,0.0,0.0,0.0,0.0
2024,target_preterm,0.1,476,307314,260299,351278,44654,55129,50882,62698,0.020265916944883722,0.03408565831690061,0.004363615064722104,0.03408565831690061,0.024629532009605826,0.020265916944883722,0.03844927338162271,0.022447724477244774,0.03626746584926166,0.05871519032650643,0.0,0.0,0.0,0.0
2024,target_preterm,0.05,477,308077,130149,175639,27872,34448,30941,38621,0.00996179526546935,0.021345313022393758,0.0035835197044894462,0.021345313022393758,0.013545314969958797,0.00996179526546935,0.024928832726883204,0.011753555117714073,0.02313707287463848,0.034890627992352555,0.0,0.0,0.0,0.0
2024,target_preterm,0.1,477,308077,260299,351278,45003,55306,51143,63028,0.019930082414461314,0.033442937966807,0.005135079866397052,0.033442937966807,0.025065162280858366,0.019930082414461314,0.038578017833204054,0.02249762234765984,0.03601047790000553,0.05850810024766537,0.0,0.0,0.0,0.0
2024,target_preterm,0.05,478,308191,130149,175639,27631,34072,30536,38186,0.009425972854496076,0.02089937733418562,0.0039228919728350325,0.02089937733418562,0.013348864827331108,0.009425972854496076,0.024822269307020653,0.011387418840913592,0.022860823320603137,0.03424824216151673,0.0,0.0,0.0,0.0
2024,target_preterm,0.1,478,308191,260299,351278,44634,55036,50707,62725,0.019705312614579917,0.03375179677537629,0.005243501594790256,0.03375179677537629,0.024948814209370174,0.019705312614579917,0.03899529837016655,0.022327063411975046,0.03637354757277142,0.058700610984746465,0.0,0.0,0.0,0.0
2024,target_preterm,0.05,479,307975,130149,175639,27800,34205,30959,38518,0.010257326081662466,0.02079714262521308,0.0037470573910220045,0.02079714262521308,0.01400438347268447,0.010257326081662466,0.024544200016235085,0.012130854777173468,0.022670671320724083,0.03480152609789755,0.0,0.0,0.0,0.0
2024,target_preterm,0.1,479,307975,260299,351278,44647,55262,50962,62915,0.020504911112914997,0.034467083367156426,0.004344508482831411,0.034467083367156426,0.024849419595746408,0.020504911112914997,0.038811591849987837,0.022677165354330703,0.03663933760857213,0.059316502962902834,0.0,0.0,0.0,0.0
2024,target_preterm,0.05,480,306504,130149,175639,27713,34091,30564,38249,0.00930167306136298,0.020808863832119648,0.004264218411505233,0.020808863832119648,0.013565891472868213,0.00930167306136298,0.02507308224362488,0.011433782267115597,0.022940973037872264,0.03437475530498786,0.0,0.0,0.0,0.0
2024,target_preterm,0.1,480,306504,260299,351278,44460,54754,50567,62310,0.019924699188265088,0.03358520606582621,0.004727507634484374,0.03358520606582621,0.02465220682274946,0.019924699188265088,0.038312713700310586,0.022288453005507275,0.0359489598830684,0.058237412888575674,0.0,0.0,0.0,0.0
2024,target_preterm,0.05,481,307217,130149,175639,27570,33908,30744,38298,0.010331459522096756,0.02063036876214533,0.003958114297060389,0.02063036876214533,0.014289573819157145,0.010331459522096756,0.024588483059205718,0.01231051667062695,0.022609425910675524,0.034919942581302474,0.0,0.0,0.0,0.0
2024,target_preterm,0.1,481,307217,260299,351278,44404,54816,50559,62421,0.020034698600663398,0.03389135366857954,0.004719790896988124,0.03389135366857954,0.02475448949765152,0.020034698600663398,0.03861114456556766,0.02239459404915746,0.0362512491170736,0.05864584316623106,0.0,0.0,0.0,0.0
2024,target_preterm,0.05,482,308275,130149,175639,27820,34219,30665,38460,0.009228773011110206,0.020757440596869667,0.004528424296488531,0.020757440596869667,0.013757197307598737,0.009228773011110206,0.025285864893358198,0.011492985159354471,0.023021652745113932,0.034514637904468404,0.0,0.0,0.0,0.0
2024,target_preterm,0.1,482,308275,260299,351278,44697,55089,50948,62781,0.020277349768875186,0.03371016138188307,0.004674397859054408,0.03371016138188307,0.024951747627929594,0.020277349768875186,0.03838455924093748,0.02261454869840239,0.03604736031141027,0.05866190900981266,0.0,0.0,0.0,0.0
2024,target_preterm,0.05,483,307172,130149,175639,27832,34178,30780,38463,0.00959722891409373,0.020659435104762147,0.0043526102639563635,0.020659435104762147,0.013949839178050094,0.00959722891409373,0.02501204536871851,0.011773534046071912,0.02283574023674033,0.03460927428281224,0.0,0.0,0.0,0.0
2024,target_preterm,0.1,483,307172,260299,351278,44822,55218,50917,62892,0.01984230333493936,0.03384423059393432,0.00514044248824766,0.03384423059393432,0.02498274582318702,0.01984230333493936,0.03898467308218198,0.02241252457906319,0.03641445183805815,0.05882697641712134,0.0,0.0,0.0,0.0
2024,target_preterm,0.05,484,307950,130149,175639,27740,34234,30668,38354,0.009508037018996593,0.021087838934892023,0.0038707582399740287,0.021087838934892023,0.013378795258970622,0.009508037018996593,0.02495859717486605,0.011443416138983607,0.023023218054879037,0.034466634193862644,0.0,0.0,0.0,0.0
2024,target_preterm,0.1,484,307950,260299,351278,44740,55172,50958,62715,0.020191589543757105,0.033875629160578014,0.004302646533528187,0.033875629160578014,0.024494236077285292,0.020191589543757105,0.0381782756941062,0.022342912810521198,0.03602695242734211,0.058369865237863305,0.0,0.0,0.0,0.0
2024,target_preterm,0.05,485,306259,130149,175639,27638,34026,30676,38189,0.009919708482036438,0.020858162535631608,0.003673361435908823,0.020858162535631608,0.01359306991794526,0.009919708482036438,0.02453152397154043,0.01175638919999085,0.02269484325358602,0.03445123245357687,0.0,0.0,0.0,0.0
2024,target_preterm,0.1,485,306259,260299,351278,44651,55133,50532,62374,0.019202700981848703,0.034225932952174465,0.004440685824743107,0.034225932952174465,0.02364338680659181,0.019202700981848703,0.03866661877691757,0.021423043894220256,0.03644627586454602,0.057869319758766274,0.0,0.0,0.0,0.0
2024,target_preterm,0.05,486,307093,130149,175639,27464,34068,30478,38109,0.009814616419130368,0.02150488614198305,0.0033442637897965755,0.02150488614198305,0.013158880208926943,0.009814616419130368,0.024849149931779627,0.011486748314028655,0.02317701803688134,0.034663766350909994,0.0,0.0,0.0,0.0
2024,target_preterm,0.1,486,307093,260299,351278,44600,54985,50679,62512,0.019795306307861138,0.03381711729020198,0.004715183999635303,0.03381711729020198,0.02451049030749644,0.019795306307861138,0.038532301289837284,0.02215289830767879,0.03617470929001963,0.05832760759769842,0.0,0.0,0.0,0.0
2024,target_preterm,0.05,487,307930,130149,175639,27662,34100,30617,38321,0.00959633682979899,0.02090734907284124,0.004111324002208275,0.02090734907284124,0.013707660832007265,0.00959633682979899,0.025018673075049513,0.011651998830903128,0.022963011073945376,0.034615009904848504,0.0,0.0,0.0,0.0
2024,target_preterm,0.1,487,307930,260299,351278,44566,54986,50736,62496,0.020037021400967747,0.03383885948105089,0.004351638359367388,0.03383885948105089,0.024388659760335135,0.020037021400967747,0.03819049784041828,0.02221284058065144,0.036014678660734586,0.05822751924138603,0.0,0.0,0.0,0.0
2024,target_preterm,0.05,488,307308,130149,175639,27612,34137,30560,38183,0.009592981634060943,0.021232769729392004,0.003572962630325277,0.021232769729392004,0.01316594426438622,0.009592981634060943,0.02480573235971728,0.011379462949223582,0.023019251044554642,0.034398713993778224,0.0,0.0,0.0,0.0
2024,target_preterm,0.1,488,307308,260299,351278,44749,55114,50699,62531,0.019361682741744435,0.03372837674255144,0.004773712366746091,0.03372837674255144,0.024135395108490526,0.019361682741744435,0.03850208910929753,0.02174853892511748,0.03611523292592449,0.05786377185104197,0.0,0.0,0.0,0.0
2024,target_preterm,0.05,489,308006,130149,175639,27567,34096,30545,38176,0.009668642818646392,0.021197639007032337,0.0035778523794990913,0.021197639007032337,0.013246495198145483,0.009668642818646392,0.02477549138653143,0.011457569008395938,0.022986565196781883,0.03444413420517782,0.0,0.0,0.0,0.0
2024,target_preterm,0.1,489,308006,260299,351278,44709,55388,50892,62882,0.0200742842671896,0.034671402505146026,0.004256410589404097,0.034671402505146026,0.0243306948565937,0.0200742842671896,0.03892781309455012,0.02220248956189165,0.036799607799848075,0.059002097361739725,0.0,0.0,0.0,0.0
2024,target_preterm,0.05,490,307552,130149,175639,27794,34252,30724,38410,0.009526844240973886,0.020998075122255752,0.0039928207262511645,0.020998075122255752,0.01351966496722505,0.009526844240973886,0.024990895848506917,0.011523254604099469,0.022994485485381334,0.0345177400894808,0.0,0.0,0.0,0.0
2024,target_preterm,0.1,490,307552,260299,351278,44604,55000,50919,62685,0.020533113099573397,0.03380241390073874,0.004454531266257417,0.03380241390073874,0.024987644365830813,0.020533113099573397,0.038256945166996154,0.022760378732702105,0.036029679533867445,0.05879005826656955,0.0,0.0,0.0,0.0
2024,target_preterm,0.05,491,307019,130149,175639,27792,34211,30912,38474,0.010162237516244926,0.020907500838710305,0.0037228966285474258,0.020907500838710305,0.013885134144792352,0.010162237516244926,0.02463039746725773,0.01202368583051864,0.022768949152984018,0.03479263498350266,0.0,0.0,0.0,0.0
2024,target_preterm,0.1,491,307019,260299,351278,44693,55015,50921,62833,0.02028538950358119,0.0336200691162436,0.0051788325803940605,0.0336200691162436,0.025464222083975252,0.02028538950358119,0.03879890169663766,0.022874805793778222,0.03620948540644063,0.05908429120021885,0.0,0.0,0.0,0.0
2024,target_preterm,0.05,492,306983,130149,175639,27786,34265,30865,38400,0.010029871360954845,0.021105403230797806,0.0034399298983982807,0.021105403230797806,0.013469801259353126,0.010029871360954845,0.024545333129196087,0.011749836310153985,0.022825368179996947,0.03457520449015093,0.0,0.0,0.0,0.0
2024,target_preterm,0.1,492,306983,260299,351278,44671,55055,50854,62646,0.02014118045624677,0.033825977334249774,0.004586573197864374,0.033825977334249774,0.024727753654111145,0.02014118045624677,0.03841255053211415,0.022434467055178958,0.03611926393318196,0.05855373098836092,0.0,0.0,0.0,0.0
2024,target_preterm,0.05,493,307207,130149,175639,27581,34068,30594,38119,0.009807719225147851,0.02111605529821911,0.003378829258447902,0.02111605529821911,0.013186548483595753,0.009807719225147851,0.024494884556667013,0.011497133854371802,0.02280546992744306,0.034302603781814864,0.0,0.0,0.0,0.0
2024,target_preterm,0.1,493,307207,260299,351278,44528,54915,50678,62394,0.020019075086179672,0.03381107852360135,0.004326073299111027,0.03381107852360135,0.0243451483852907,0.020019075086179672,0.03813715182271238,0.022182111735735185,0.035974115173156865,0.05815622690889205,0.0,0.0,0.0,0.0
2024,target_preterm,0.05,494,307217,130149,175639,27742,34259,30836,38385,0.010071057265711211,0.02121301881080799,0.0033591891073736085,0.02121301881080799,0.01343024637308482,0.010071057265711211,0.0245722079181816,0.011750651819398016,0.022892613364494795,0.03464326518389281,0.0,0.0,0.0,0.0
2024,target_preterm,0.1,494,307217,260299,351278,44787,55253,50810,62729,0.019605034877627214,0.03406712519163979,0.004729555981602573,0.03406712519163979,0.024334590859229788,0.019605034877627214,0.038796681173242364,0.0219698128684285,0.03643190318244108,0.05840171605086958,0.0,0.0,0.0,0.0
2024,target_preterm,0.05,495,307339,130149,175639,27554,33994,30826,38392,0.01064622452731348,0.02095406049996909,0.0036637068513921123,0.02095406049996909,0.014309931378705593,0.01064622452731348,0.024617767351361203,0.012478077953009536,0.022785913925665147,0.03526399187867468,0.0,0.0,0.0,0.0
2024,target_preterm,0.1,495,307339,260299,351278,44511,54875,50732,62652,0.020241492293526037,0.03372172096609932,0.005062813375458358,0.03372172096609932,0.025304305668984395,0.020241492293526037,0.03878453434155768,0.022772898981255216,0.0362531276538285,0.05902602663508372,0.0,0.0,0.0,0.0
2024,target_preterm,0.05,496,308067,130149,175639,27475,33989,30434,37941,0.00960505344616594,0.021144750979494725,0.0032233247962293737,0.021144750979494725,0.012828378242395314,0.00960505344616594,0.0243680757757241,0.011216715844280627,0.022756413377609412,0.03397312922189004,0.0,0.0,0.0,0.0
2024,target_preterm,0.1,496,308067,260299,351278,44483,54941,50437,62269,0.019326964588871898,0.03394716084488114,0.0044600687512781345,0.03394716084488114,0.023787033340150032,0.019326964588871898,0.038407229596159276,0.021556998964510965,0.03617719522052021,0.057734194185031174,0.0,0.0,0.0,0.0
2024,target_preterm,0.05,497,306571,130149,175639,27800,34339,30625,38247,0.009214831148412608,0.02132947995733453,0.003532623764152504,0.02132947995733453,0.012747454912565112,0.009214831148412608,0.024862103721487033,0.01098114303048886,0.02309579183941078,0.03407693486989964,0.0,0.0,0.0,0.0
2024,target_preterm,0.1,497,306571,260299,351278,44748,54954,50752,62593,0.019584370341617446,0.03329082007104392,0.005333185461116663,0.03329082007104392,0.02491755580273411,0.019584370341617446,0.03862400553216058,0.022250963072175778,0.03595741280160225,0.05820837587377803,0.0,0.0,0.0,0.0
2024,target_preterm,0.05,498,306446,130149,175639,27435,33901,30411,38110,0.00971133576551822,0.02109996540989277,0.004023547378657261,0.02109996540989277,0.01373488314417548,0.00971133576551822,0.02512351278855003,0.01172310945484685,0.0231117390992214,0.03483484855406825,0.0,0.0,0.0,0.0
2024,target_preterm,0.1,498,306446,260299,351278,44360,54733,50460,62097,0.01990562774518187,0.03384935681979859,0.004124707126214738,0.03384935681979859,0.024030334871396608,0.01990562774518187,0.037974063946013326,0.02196798130828924,0.035911710382905956,0.057879691691195195,0.0,0.0,0.0,0.0
2024,target_preterm,0.05,499,307807,130149,175639,27762,34238,30770,38457,0.009772357353796376,0.02103915765398448,0.003934283495826918,0.02103915765398448,0.013706640849623294,0.009772357353796376,0.0249734411498114,0.011739499101709835,0.02300629940189794,0.034745798503607775,0.0,0.0,0.0,0.0
2024,target_preterm,0.1,499,307807,260299,351278,44777,55192,51019,62827,0.020278941024733016,0.03383613757971715,0.00452556309635585,0.03383613757971715,0.024804504121088866,0.020278941024733016,0.038361700676073,0.02254172257291094,0.03609891912789508,0.05864064170080602,0.0,0.0,0.0,0.0
2024,target_nicu,0.05,0,310706,130015,175517,26140,32360,29309,36513,0.010199352442501905,0.02001892464258817,0.0031669810045509283,0.02001892464258817,0.013366333447052833,0.010199352442501905,0.0231859056471391,0.01178284294477737,0.021602415144863635,0.033385258089641004,0.0,0.0,0.0,0.0
2024,target_nicu,0.1,0,310706,260030,351034,42783,53010,48729,60351,0.019137062045792463,0.032915360501567376,0.004489774899744475,0.032915360501567376,0.02362683694553694,0.019137062045792463,0.03740513540131185,0.0213819494956647,0.03516024795143961,0.056542197447104314,0.0,0.0,0.0,0.0
2024,target_nicu,0.05,1,310406,130015,175517,25989,32261,29187,36392,0.010302635902656523,0.020205794991076206,0.0030057408684110443,0.020205794991076206,0.013308376771067568,0.010302635902656523,0.02321153585948725,0.011805506336862046,0.02170866542528173,0.033514171762143774,0.0,0.0,0.0,0.0
2024,target_nicu,0.1,1,310406,260030,351034,42803,53174,48633,60529,0.01878185344355457,0.033411080971372964,0.004912920497670781,0.033411080971372964,0.02369477394122535,0.01878185344355457,0.038324001469043745,0.02123831369238996,0.035867541220208354,0.057105854912598314,0.0,0.0,0.0,0.0
2024,target_nicu,0.05,2,311130,130015,175517,26365,32593,29396,36852,0.009741908526982285,0.020017356089094593,0.003946903223732853,0.020017356089094593,0.013688811750715138,0.009741908526982285,0.023964259312827446,0.011715360138848711,0.02199080770096102,0.03370616783980973,0.0,0.0,0.0,0.0
2024,target_nicu,0.1,2,311130,260030,351034,43069,53378,49052,60817,0.019229903898691864,0.03313405971780284,0.004679715874393364,0.03313405971780284,0.023909619773085228,0.019229903898691864,0.0378137755921962,0.021569761835888546,0.03547391765499952,0.057043679490888066,0.0,0.0,0.0,0.0
2024,target_nicu,0.05,3,311136,130015,175517,26101,32384,29219,36353,0.010021341149850871,0.02019374164352565,0.002735138331790607,0.02019374164352565,0.012756479481641478,0.010021341149850871,0.022928879975316258,0.011388910315746174,0.021561310809420954,0.03295022112516713,0.0,0.0,0.0,0.0
2024,target_nicu,0.1,3,311136,260030,351034,42856,53136,48625,60393,0.018541730947238516,0.03304021392574308,0.004782474544893556,0.03304021392574308,0.023324205492132072,0.018541730947238516,0.037822688470636634,0.020932968219685294,0.035431451198189856,0.05636441941787515,0.0,0.0,0.0,0.0
2024,target_nicu,0.05,4,311174,130015,175517,26430,32812,29499,36675,0.009862649193055975,0.020509425594683356,0.0025516270639577843,0.020509425594683356,0.01241427625701376,0.009862649193055975,0.02306105265864114,0.011138462725034867,0.021785239126662248,0.032923701851697115,0.0,0.0,0.0,0.0
2024,target_nicu,0.1,4,311174,260030,351034,43403,53824,49099,60950,0.01830487122960145,0.03348930180542076,0.004595499624004573,0.03348930180542076,0.022900370853606022,0.01830487122960145,0.03808480142942533,0.020602621041603736,0.035787051617423044,0.05638967265902678,0.0,0.0,0.0,0.0
2024,target_nicu,0.05,5,309862,130015,175517,26140,32391,29186,36406,0.009830182468324608,0.020173496588804046,0.003127198559358682,0.020173496588804046,0.01295738102768329,0.009830182468324608,0.02330069514816273,0.011393781748003949,0.021737095868483387,0.033130877616487336,0.0,0.0,0.0,0.0
2024,target_nicu,0.1,5,309862,260030,351034,42852,53333,48569,60327,0.018450148775906672,0.03382473488197971,0.004121189432715222,0.03382473488197971,0.022571338208621894,0.018450148775906672,0.03794592431469493,0.020510743492264283,0.03588532959833732,0.0563960730906016,0.0,0.0,0.0,0.0
2024,target_nicu,0.05,6,310771,130015,175517,26270,32522,29496,36724,0.010380633971638284,0.020117707250676534,0.0031405761798880827,0.020117707250676534,0.013521210151526367,0.010380633971638284,0.023258283430564616,0.011950922061582325,0.021687995340620575,0.0336389174022029,0.0,0.0,0.0,0.0
2024,target_nicu,0.1,6,310771,260030,351034,42865,53260,48919,60636,0.019480582165002508,0.033449066997885885,0.004253936178086143,0.033449066997885885,0.02373451834308865,0.019480582165002508,0.03770300317597203,0.02160755025404558,0.035576035086928956,0.057183585340974535,0.0,0.0,0.0,0.0
2024,target_nicu,0.05,7,311177,130015,175517,26229,32554,29479,36696,0.010444216635548259,0.02032605237533623,0.0028665357658181623,0.02032605237533623,0.013310752401366421,0.010444216635548259,0.023192588141154394,0.01187748451845734,0.021759320258245313,0.03363680477670265,0.0,0.0,0.0,0.0
2024,target_nicu,0.1,7,311177,260030,351034,43025,53363,48940,60648,0.01900847427669783,0.03322224971639934,0.0044026390125234405,0.03322224971639934,0.02341111328922127,0.01900847427669783,0.03762488872892278,0.02120979378295955,0.03542356922266106,0.05663336300562061,0.0,0.0,0.0,0.0
2024,target_nicu,0.05,8,310234,130015,175517,26191,32651,29225,36579,0.009779714666993303,0.020822991677250074,0.002881695752238622,0.020822991677250074,0.012661410419231925,0.009779714666993303,0.023704687429488697,0.011220562543112614,0.022263839553369386,0.033484402096482,0.0,0.0,0.0,0.0
2024,target_nicu,0.1,8,310234,260030,351034,43172,53636,48955,60695,0.018640767936460884,0.03372937846915555,0.0041130243622555795,0.03372937846915555,0.022753792298716463,0.018640767936460884,0.03784240283141113,0.020697280117588673,0.03578589065028334,0.056483170767872015,0.0,0.0,0.0,0.0
2024,target_nicu,0.05,9,310039,130015,175517,26223,32548,29196,36589,0.009589116207960935,0.02040065927189806,0.003444727921326024,0.02040065927189806,0.013033844129286959,0.009589116207960935,0.023845387193224085,0.011311480168623947,0.022123023232561073,0.03343450340118502,0.0,0.0,0.0,0.0
2024,target_nicu,0.1,9,310039,260030,351034,42813,53002,48649,60227,0.018823438341628,0.03286360748163941,0.004480081538129066,0.03286360748163941,0.023303519879757068,0.018823438341628,0.03734368901976848,0.021063479110692535,0.035103648250703945,0.05616712736139648,0.0,0.0,0.0,0.0
2024,target_nicu,0.05,10,309678,130015,175517,26100,32392,29130,36505,0.009784356654331264,0.02031787857064435,0.003497180942785741,0.02031787857064435,0.013281537597117005,0.009784356654331264,0.02381505951343009,0.011532947125724134,0.02206646904203722,0.03359941616776135,0.0,0.0,0.0,0.0
2024,target_nicu,0.1,10,309678,260030,351034,42775,53144,48711,60480,0.01916829739277573,0.03348316638572968,0.0045208248567867315,0.03348316638572968,0.02368912224956246,0.01916829739277573,0.03800399124251641,0.021428709821169095,0.035743578814123045,0.05717228863529214,0.0,0.0,0.0,0.0
2024,target_nicu,0.05,11,311065,130015,175517,26583,32839,29510,36871,0.00940960892417983,0.02011155224792245,0.003552312217703704,0.02011155224792245,0.012961921141883534,0.00940960892417983,0.023663864465626155,0.011185765033031682,0.021887708356774303,0.033073473389805985,0.0,0.0,0.0,0.0
2024,target_nicu,0.1,11,311065,260030,351034,43446,53955,49190,60860,0.018465594007683273,0.03378393583334671,0.0037323389002298646,0.03378393583334671,0.022197932907913137,0.018465594007683273,0.03751627473357658,0.020331763457798205,0.035650105283461644,0.05598186874125985,0.0,0.0,0.0,0.0
2024,target_nicu,0.05,12,309720,130015,175517,26299,32497,29265,36557,0.009576391579491153,0.020011623401782253,0.003532222652718589,0.020011623401782253,0.013108614232209742,0.009576391579491153,0.02354384605450084,0.011342502905850448,0.021777734728141547,0.033120237633991995,0.0,0.0,0.0,0.0
2024,target_nicu,0.1,12,309720,260030,351034,43026,53374,48799,60476,0.018639416246932716,0.03341082267854836,0.004290972491282435,0.03341082267854836,0.02293038873821515,0.018639416246932716,0.0377017951698308,0.020784902492573934,0.03555630892418958,0.056341211416763515,0.0,0.0,0.0,0.0
2024,target_nicu,0.05,13,310640,130015,175517,26459,32825,29471,36824,0.009696111254184916,0.020493175379860937,0.003177311357198037,0.020493175379860937,0.012873422611382954,0.009696111254184916,0.023670486737058974,0.011284766932783935,0.022081831058459955,0.03336659799124389,0.0,0.0,0.0,0.0
2024,target_nicu,0.1,13,310640,260030,351034,43161,53557,49042,60674,0.018931882565027036,0.03346639196497553,0.003978882307494214,0.03346639196497553,0.02291076487252125,0.018931882565027036,0.03744527427246974,0.020921323718774143,0.035455833118722635,0.05637715683749678,0.0,0.0,0.0,0.0
2024,target_nicu,0.05,14,311213,130015,175517,26300,32643,29487,36744,0.010240574783187073,0.020381539331583196,0.0029368953096432365,0.020381539331583196,0.01317747009283031,0.010240574783187073,0.023318434641226432,0.011709022438008691,0.021849986986404814,0.033559009424413505,0.0,0.0,0.0,0.0
2024,target_nicu,0.1,14,311213,260030,351034,43182,53457,49012,60649,0.01873315060746178,0.033015972983133746,0.004376423864041662,0.033015972983133746,0.02310957447150344,0.01873315060746178,0.03739239684717541,0.02092136253948261,0.03520418491515458,0.05612554745463719,0.0,0.0,0.0,0.0
2024,target_nicu,0.05,15,310500,130015,175517,25936,32373,29161,36373,0.010386473429951693,0.020731078904991956,0.00249597423510467,0.020731078904991956,0.012882447665056362,0.010386473429951693,0.023227053140096626,0.011634460547504027,0.02197906602254429,0.03361352657004832,0.0,0.0,0.0,0.0
2024,target_nicu,0.1,15,310500,260030,351034,43028,53340,48728,60654,0.018357487922705307,0.033210950080515306,0.005198067632850245,0.033210950080515306,0.023555555555555552,0.018357487922705307,0.03840901771336555,0.02095652173913043,0.03580998389694043,0.05676650563607086,0.0,0.0,0.0,0.0
2024,target_nicu,0.05,16,309881,130015,175517,26172,32465,29360,36553,0.010287820163223951,0.020307795573139373,0.0029043406985262005,0.020307795573139373,0.013192160861750152,0.010287820163223951,0.023212136271665573,0.011739990512487052,0.021759965922402473,0.033499956434889525,0.0,0.0,0.0,0.0
2024,target_nicu,0.1,16,309881,260030,351034,42772,53027,48758,60393,0.019317092690419868,0.03309334873709585,0.004453322404406851,0.03309334873709585,0.02377041509482672,0.019317092690419868,0.0375466711415027,0.021543753892623294,0.03532000993929928,0.05686376383192257,0.0,0.0,0.0,0.0
2024,target_nicu,0.05,17,310210,130015,175517,26194,32482,29422,36657,0.010405854098836279,0.020270139582863222,0.003052770703716831,0.020270139582863222,0.01345862480255311,0.010405854098836279,0.023322910286580054,0.011932239450694694,0.021796524934721638,0.03372876438541633,0.0,0.0,0.0,0.0
2024,target_nicu,0.1,17,310210,260030,351034,42881,53326,48794,60381,0.019061281067663832,0.033670739176686754,0.0036813771316205335,0.033670739176686754,0.022742658199284366,0.019061281067663832,0.03735211630830729,0.0209019696334741,0.03551142774249702,0.05641339737597112,0.0,0.0,0.0,0.0
2024,target_nicu,0.05,18,310257,130015,175517,26375,32575,29447,36842,0.009901468782332057,0.019983433089342056,0.003851645571252227,0.019983433089342056,0.013753114353584284,0.009901468782332057,0.023835078660594283,0.01182729156795817,0.02190925587496817,0.03373654744292634,0.0,0.0,0.0,0.0
2024,target_nicu,0.1,18,310257,260030,351034,42950,53302,49091,60776,0.01979326816155641,0.03336588699046275,0.004296438114208517,0.03336588699046275,0.024089706275764927,0.01979326816155641,0.03766232510467127,0.02194148721866067,0.03551410604756701,0.05745559326622768,0.0,0.0,0.0,0.0
2024,target_nicu,0.05,19,310475,130015,175517,26037,32378,29140,36412,0.009994363475320067,0.02042354456880585,0.002998631129720597,0.02042354456880585,0.012992994605040664,0.009994363475320067,0.02342217569852645,0.011493679040180366,0.02192286013366615,0.033416539173846516,0.0,0.0,0.0,0.0
2024,target_nicu,0.1,19,310475,260030,351034,42811,53165,48597,60448,0.01863596102745793,0.03334890087768744,0.004821644254770913,0.03334890087768744,0.023457605282228844,0.01863596102745793,0.03817054513245835,0.021046783154843388,0.035759723005072894,0.05680650615991628,0.0,0.0,0.0,0.0
2024,target_nicu,0.05,20,311346,130015,175517,26269,32637,29435,36691,0.010168751164299536,0.0204531293159379,0.002852132354358161,0.0204531293159379,0.013020883518657697,0.010168751164299536,0.023305261670296062,0.011594817341478617,0.021879195493116982,0.0334740128345956,0.0,0.0,0.0,0.0
2024,target_nicu,0.1,20,311346,260030,351034,43096,53457,48944,60584,0.01878296172104349,0.03327808932827145,0.004107969911288395,0.03327808932827145,0.022890931632331885,0.01878296172104349,0.03738605923955984,0.020836946676687687,0.035332074283915646,0.05616902096060333,0.0,0.0,0.0,0.0
2024,target_nicu,0.05,21,310787,130015,175517,26297,32693,29378,36681,0.009913542072223086,0.020580011390437816,0.0029183974876684227,0.020580011390437816,0.012831939559891509,0.009913542072223086,0.02349840887810624,0.011372740816057297,0.022039210134272028,0.033411950950329325,0.0,0.0,0.0,0.0
2024,target_nicu,0.1,21,310787,260030,351034,43197,53558,49119,60823,0.019054851071634266,0.033337945280851516,0.004321287569943405,0.033337945280851516,0.02337613864157767,0.019054851071634266,0.03765923285079492,0.021215494856605968,0.03549858906582322,0.05671408392242919,0.0,0.0,0.0,0.0
2024,target_nicu,0.05,22,310470,130015,175517,26282,32570,29270,36494,0.009624118272296839,0.020253164556962022,0.003014784037105034,0.020253164556962022,0.012638902309401873,0.009624118272296839,0.023267948594067056,0.011131510290849356,0.02176055657551454,0.032892066866363895,0.0,0.0,0.0,0.0
2024,target_nicu,0.1,22,310470,260030,351034,42878,53271,48740,60534,0.01888105130930523,0.033475053950462186,0.00451251328630789,0.033475053950462186,0.02339356459561312,0.01888105130930523,0.037987567236770076,0.021137307952459175,0.03573131059361613,0.056868618546075306,0.0,0.0,0.0,0.0
2024,target_nicu,0.05,23,310691,130015,175517,26153,32490,29482,36616,0.010714825984660004,0.02039647109185655,0.002565249717565027,0.02039647109185655,0.01328007570222503,0.010714825984660004,0.022961720809421576,0.011997450843442517,0.021679095950639063,0.03367654679408158,0.0,0.0,0.0,0.0
2024,target_nicu,0.1,23,310691,260030,351034,42991,53424,48834,60590,0.018806466875448596,0.03357998783357097,0.004258250158517635,0.03357998783357097,0.02306471703396623,0.018806466875448596,0.0378382379920886,0.020935591954707414,0.035709112912829785,0.0566447048675372,0.0,0.0,0.0,0.0
2024,target_nicu,0.05,24,310452,130015,175517,26057,32341,29234,36440,0.010233466043059788,0.02024145439552652,0.0029698632960973026,0.02024145439552652,0.013203329339157091,0.010233466043059788,0.023211317691623823,0.01171839769110844,0.02172638604357517,0.03344478373468361,0.0,0.0,0.0,0.0
2024,target_nicu,0.1,24,310452,260030,351034,42791,53220,48795,60536,0.019339543633154238,0.03359295478850191,0.004226096143687269,0.03359295478850191,0.023565639776841507,0.019339543633154238,0.03781905093218918,0.021452591704997873,0.035706002860345545,0.05715859456534342,0.0,0.0,0.0,0.0
2024,target_nicu,0.05,25,311050,130015,175517,26242,32556,29423,36721,0.010226651663719652,0.020298987301076987,0.003163478540427603,0.020298987301076987,0.013390130204147255,0.010226651663719652,0.02346246584150459,0.011808390933933453,0.02188072657129079,0.03368911750522424,0.0,0.0,0.0,0.0
2024,target_nicu,0.1,25,311050,260030,351034,43086,53465,49041,60762,0.01914483202057546,0.03336762578363606,0.004314418903713257,0.03336762578363606,0.023459250924288716,0.01914483202057546,0.037682044687349314,0.021302041472432087,0.035524835235492686,0.05682687670792477,0.0,0.0,0.0,0.0
2024,target_nicu,0.05,26,310281,130015,175517,26096,32347,29336,36547,0.010442147601690085,0.0201462545241249,0.0030939696597600264,0.0201462545241249,0.013536117261450112,0.010442147601690085,0.023240224183884925,0.011989132431570099,0.021693239354004912,0.03368237178557501,0.0,0.0,0.0,0.0
2024,target_nicu,0.1,26,310281,260030,351034,42674,52950,48640,60373,0.019227732281383636,0.033118366899681256,0.0046957435356982935,0.033118366899681256,0.02392347581708193,0.019227732281383636,0.03781411043537955,0.021575604049232783,0.0354662386675304,0.057041842716763186,0.0,0.0,0.0,0.0
2024,target_nicu,0.05,27,311812,130015,175517,26113,32560,29269,36505,0.010121483457981098,0.020675920105704723,0.002530370864495271,0.020675920105704723,0.012651854322476369,0.010121483457981098,0.023206290970199994,0.011386668890228734,0.02194110553795236,0.03332777442818109,0.0,0.0,0.0,0.0
2024,target_nicu,0.1,27,311812,260030,351034,42973,53465,48987,60733,0.01928726283786386,0.033648480494657046,0.004021654073608438,0.033648480494657046,0.0233089169114723,0.01928726283786386,0.037670134568265484,0.02129808987466808,0.035659307531461265,0.056957397406129345,0.0,0.0,0.0,0.0
2024,target_nicu,0.05,28,309868,130015,175517,26116,32567,29277,36505,0.010201117895361905,0.02081854208888946,0.002507519330811822,0.02081854208888946,0.012708637226173727,0.010201117895361905,0.023326061419701283,0.011454877560767816,0.02207230175429537,0.03352717931506319,0.0,0.0,0.0,0.0
2024,target_nicu,0.1,28,309868,260030,351034,42950,53192,48927,60551,0.01928885848167608,0.03305278376599069,0.00445996359740275,0.03305278376599069,0.02374882207907883,0.01928885848167608,0.03751274736339344,0.021518840280377455,0.035282765564692065,0.05680160584506952,0.0,0.0,0.0,0.0
2024,target_nicu,0.05,29,309395,130015,175517,26018,32317,29086,36387,0.009916126634237798,0.020359087897348055,0.00323857851613632,0.020359087897348055,0.013154705150374119,0.009916126634237798,0.023597666413484375,0.011535415892305959,0.021978377155416215,0.033513793047722173,0.0,0.0,0.0,0.0
2024,target_nicu,0.1,29,309395,260030,351034,42865,53221,48650,60444,0.018697781153541593,0.03347177556198386,0.004647780345513025,0.03347177556198386,0.023345561499054618,0.018697781153541593,0.03811955590749688,0.021021671326298105,0.03579566573474037,0.056817337061038475,0.0,0.0,0.0,0.0
2024,target_nicu,0.05,30,310140,130015,175517,26031,32378,29087,36405,0.009853614496678917,0.02046495131231056,0.0031308441349068294,0.02046495131231056,0.012984458631585746,0.009853614496678917,0.02359579544721739,0.011419036564132332,0.022030373379763976,0.03344940994389631,0.0,0.0,0.0,0.0
2024,target_nicu,0.1,30,310140,260030,351034,42802,53139,48693,60346,0.018994647578512935,0.033330108983039924,0.004243244986135292,0.033330108983039924,0.023237892564648227,0.018994647578512935,0.037573353969175216,0.02111627007158058,0.03545173147610757,0.05656800154768815,0.0,0.0,0.0,0.0
2024,target_nicu,0.05,31,309853,130015,175517,25963,32181,29078,36379,0.010053154237654627,0.020067580433302243,0.0034952057911332157,0.020067580433302243,0.013548360028787843,0.010053154237654627,0.02356278622443546,0.011800757133221235,0.02181518332886885,0.033615940462090085,0.0,0.0,0.0,0.0
2024,target_nicu,0.1,31,309853,260030,351034,42445,52903,48414,59918,0.019263973561656655,0.033751488609114644,0.003375794328278253,0.033751488609114644,0.02263976788993491,0.019263973561656655,0.0371272829373929,0.020951870725795782,0.03543938577325377,0.05639125649904955,0.0,0.0,0.0,0.0
2024,target_nicu,0.05,32,310882,130015,175517,25985,32212,29261,36514,0.010537760307769511,0.020030107886593623,0.0033002875689168154,0.020030107886593623,0.013838047876686327,0.010537760307769511,0.02333039545551044,0.01218790409222792,0.02168025167105203,0.03386815576327995,0.0,0.0,0.0,0.0
2024,target_nicu,0.1,32,310882,260030,351034,42798,53249,48640,60539,0.01879169588461216,0.03361725670833307,0.004657715789270517,0.03361725670833307,0.023449411673882675,0.01879169588461216,0.03827497249760359,0.021120553779247417,0.03594611460296833,0.057066668382215746,0.0,0.0,0.0,0.0
2024,target_nicu,0.05,33,311207,130015,175517,26027,32348,29182,36435,0.010137946768549552,0.02031123978573747,0.0029947912482688327,0.02031123978573747,0.013132738016818385,0.010137946768549552,0.023306031034006303,0.011635342392683969,0.021808635409871886,0.033443977802555855,0.0,0.0,0.0,0.0
2024,target_nicu,0.1,33,311207,260030,351034,42765,53166,48796,60480,0.019379384139816908,0.033421484735240536,0.004122657909365779,0.033421484735240536,0.023502042049182686,0.019379384139816908,0.037544142644606315,0.021440713094499797,0.035482813689923426,0.05692352678442322,0.0,0.0,0.0,0.0
2024,target_nicu,0.05,34,310289,130015,175517,26191,32498,29127,36509,0.009462146579479136,0.020326212015250297,0.0034645121161240022,0.020326212015250297,0.012926658695603138,0.009462146579479136,0.0237907241313743,0.011194402637541137,0.0220584680733123,0.033252870710853435,0.0,0.0,0.0,0.0
2024,target_nicu,0.1,34,310289,260030,351034,43008,53412,48780,60502,0.018602012962109532,0.033530031680143346,0.004247652994466444,0.033530031680143346,0.022849665956575976,0.018602012962109532,0.03777768467460979,0.020725839459342754,0.03565385817737657,0.05637969763671932,0.0,0.0,0.0,0.0
2024,target_nicu,0.05,35,311096,130015,175517,26097,32362,29152,36494,0.00982011983439196,0.020138478154653222,0.00346195386633065,0.020138478154653222,0.01328207370072261,0.00982011983439196,0.023600432020983872,0.011551096767557285,0.021869455087818547,0.03342055185537583,0.0,0.0,0.0,0.0
2024,target_nicu,0.1,35,311096,260030,351034,42844,53365,48698,60356,0.018817342556638472,0.03381914264407129,0.0036548203769897203,0.03381914264407129,0.022472162933628193,0.018817342556638472,0.03747396302106101,0.020644752745133332,0.03564655283256615,0.056291305577699485,0.0,0.0,0.0,0.0
2024,target_nicu,0.05,36,310893,130015,175517,26084,32252,28974,36336,0.009295802735989553,0.019839623278748636,0.003840549642481497,0.019839623278748636,0.01313635237847105,0.009295802735989553,0.023680172921230133,0.011216077557230301,0.021759898099989385,0.032975975657219686,0.0,0.0,0.0,0.0
2024,target_nicu,0.1,36,310893,260030,351034,42817,53400,48541,60394,0.01841147919058969,0.03404065064186071,0.004085006738652863,0.03404065064186071,0.022496485929242555,0.01841147919058969,0.03812565738051357,0.020453982559916123,0.03608315401118714,0.056537136571103264,0.0,0.0,0.0,0.0
2024,target_nicu,0.05,37,310960,130015,175517,26085,32386,29132,36374,0.009798687934139433,0.020263056341651653,0.003026112683303328,0.020263056341651653,0.012824800617442761,0.009798687934139433,0.02328916902495498,0.011311744275791097,0.021776112683303317,0.033087856959094414,0.0,0.0,0.0,0.0
2024,target_nicu,0.1,37,310960,260030,351034,42869,53295,48588,60346,0.018391432981733985,0.03352842809364548,0.004283509133007457,0.03352842809364548,0.022674942114741442,0.018391432981733985,0.037811937226652936,0.020533187548237714,0.03567018266014921,0.05620337020838692,0.0,0.0,0.0,0.0
2024,target_nicu,0.05,38,310450,130015,175517,26330,32636,29475,36788,0.010130455789982284,0.020312449669834115,0.0032436785311644456,0.020312449669834115,0.01337413432114673,0.010130455789982284,0.02355612820099856,0.011752295055564507,0.021934288935416338,0.033686583990980845,0.0,0.0,0.0,0.0
2024,target_nicu,0.1,38,310450,260030,351034,43037,53241,49118,60737,0.01958769528104365,0.03286841681430183,0.004557899822837802,0.03286841681430183,0.02414559510388145,0.01958769528104365,0.037426316637139634,0.02186664519246255,0.03514736672572073,0.05701401191818328,0.0,0.0,0.0,0.0
2024,target_nicu,0.05,39,310618,130015,175517,26211,32542,29142,36455,0.009436027532209984,0.02038194824511136,0.0031614394529615036,0.02038194824511136,0.012597466985171488,0.009436027532209984,0.023543387698072862,0.011016747258690736,0.02196266797159211,0.032979415230282846,0.0,0.0,0.0,0.0
2024,target_nicu,0.1,39,310618,260030,351034,42947,53414,48747,60261,0.018672452980831755,0.033697338853511366,0.0033706997018846385,0.033697338853511366,0.022043152682716394,0.018672452980831755,0.037068038555396005,0.020357802831774074,0.035382688704453685,0.05574049153622776,0.0,0.0,0.0,0.0
2024,target_nicu,0.05,40,310283,130015,175517,26181,32461,29405,36676,0.010390514465826353,0.02023958773120023,0.003193858509812006,0.02023958773120023,0.013584372975638359,0.010390514465826353,0.023433446241012235,0.011987443720732356,0.02183651698610623,0.03382396070683859,0.0,0.0,0.0,0.0
2024,target_nicu,0.1,40,310283,260030,351034,42746,53086,48999,60572,0.02015257039541324,0.03332441674213543,0.003973791667606641,0.03332441674213543,0.02412636206301988,0.02015257039541324,0.03729820840974207,0.02213946622921656,0.03531131257593875,0.05745077880515531,0.0,0.0,0.0,0.0
2024,target_nicu,0.05,41,310749,130015,175517,26167,32653,29151,36433,0.00960260531811849,0.02087215083556182,0.002561552893171004,0.02087215083556182,0.012164158211289494,0.00960260531811849,0.023433703728732824,0.010883381764703992,0.022152927282147322,0.033036309046851314,0.0,0.0,0.0,0.0
2024,target_nicu,0.1,41,310749,260030,351034,43226,53688,48750,60541,0.01777640475110137,0.0336670431763256,0.004276763561588293,0.0336670431763256,0.022053168312689664,0.01777640475110137,0.03794380673791389,0.019914786531895518,0.03580542495711975,0.055720211489015264,0.0,0.0,0.0,0.0
2024,target_nicu,0.05,42,310119,130015,175517,26386,32618,29427,36771,0.009805913213959808,0.020095511722919263,0.003585720320264149,0.020095511722919263,0.013391633534223957,0.009805913213959808,0.02368123204318341,0.011598773374091882,0.021888371883051337,0.03348714525714322,0.0,0.0,0.0,0.0
2024,target_nicu,0.1,42,310119,260030,351034,43186,53429,49090,60843,0.0190378532111867,0.03302925651121022,0.004869098636329894,0.03302925651121022,0.023906951847516594,0.0190378532111867,0.037898355147540114,0.021472402529351647,0.03546380582937517,0.056936208358726814,0.0,0.0,0.0,0.0
2024,target_nicu,0.05,43,309708,130015,175517,26248,32479,29122,36516,0.009279708628772906,0.02011895075361307,0.0037551500122696285,0.02011895075361307,0.013034858641042535,0.009279708628772906,0.0238741007658827,0.01115728363490772,0.021996525759747886,0.033153809394655606,0.0,0.0,0.0,0.0
2024,target_nicu,0.1,43,309708,260030,351034,42991,53439,48620,60354,0.018175184367210412,0.033735002001885644,0.0041522982938768105,0.033735002001885644,0.022327482661087222,0.018175184367210412,0.037887300295762455,0.020251333514148817,0.03581115114882405,0.05606248466297287,0.0,0.0,0.0,0.0
2024,target_nicu,0.05,44,310958,130015,175517,26142,32637,29278,36520,0.010084963242624409,0.02088706513419819,0.0024022536805613504,0.02088706513419819,0.01248721692318576,0.010084963242624409,0.02328931881475954,0.011286090082905084,0.022088191974478866,0.03337428205738395,0.0,0.0,0.0,0.0
2024,target_nicu,0.1,44,310958,260030,351034,43165,53362,48891,60727,0.01841406234925619,0.03279220988043402,0.00527080827635884,0.03279220988043402,0.02368487062561503,0.01841406234925619,0.03806301815679286,0.02104946648743561,0.03542761401861344,0.05647708050604905,0.0,0.0,0.0,0.0
2024,target_nicu,0.05,45,310408,130015,175517,26169,32539,29132,36528,0.009545501404602974,0.020521378314991873,0.003305327182289125,0.020521378314991873,0.012850828586892099,0.009545501404602974,0.023826705497280998,0.011198164995747537,0.022174041906136435,0.03337220690188397,0.0,0.0,0.0,0.0
2024,target_nicu,0.1,45,310408,260030,351034,42950,53323,48835,60461,0.018958918584572576,0.03341730883224661,0.004036622767454423,0.03341730883224661,0.022995541352027,0.018958918584572576,0.037453931599701035,0.020977229968299788,0.03543562021597382,0.05641285018427361,0.0,0.0,0.0,0.0
2024,target_nicu,0.05,46,310693,130015,175517,25907,32317,28992,36236,0.009929415854235527,0.020631298419983707,0.002684321822506469,0.020631298419983707,0.012613737676741996,0.009929415854235527,0.023315620242490176,0.011271576765488761,0.02197345933123694,0.0332450360967257,0.0,0.0,0.0,0.0
2024,target_nicu,0.1,46,310693,260030,351034,42863,53329,48606,60461,0.018484484684238134,0.03368598584454749,0.004470651092879474,0.03368598584454749,0.022955135777117608,0.018484484684238134,0.03815663693742696,0.02071981023067787,0.035921311390987226,0.0566411216216651,0.0,0.0,0.0,0.0
2024,target_nicu,0.05,47,311083,130015,175517,26025,32377,29216,36470,0.010257712571885957,0.02041898785854579,0.002899547709132283,0.02041898785854579,0.01315726028101824,0.010257712571885957,0.023318535567678073,0.011707486426452099,0.02186876171311193,0.03357624813956403,0.0,0.0,0.0,0.0
2024,target_nicu,0.1,47,311083,260030,351034,42778,53166,48844,60584,0.01949961907272338,0.033393017297634414,0.00434610698752419,0.033393017297634414,0.02384572606024757,0.01949961907272338,0.037739124285158604,0.021672672566485474,0.03556607079139651,0.05723874335788198,0.0,0.0,0.0,0.0
2024,target_nicu,0.05,48,311340,130015,175517,26393,32735,29479,36680,0.009911993319200868,0.020370013490075153,0.0027590415622791853,0.020370013490075153,0.012671034881480053,0.009911993319200868,0.02312905505235434,0.01129151410034046,0.021749534271214746,0.03304104837155521,0.0,0.0,0.0,0.0
2024,target_nicu,0.1,48,311340,260030,351034,43257,53583,48956,60800,0.0183047472216869,0.03316631335517439,0.00487569859317788,0.03316631335517439,0.02318044581486478,0.0183047472216869,0.03804201194835227,0.02074259651827584,0.03560416265176333,0.05634675917003917,0.0,0.0,0.0,0.0
2024,target_nicu,0.05,49,311152,130015,175517,26454,32731,29526,36788,0.009872988121561163,0.02017342006479149,0.00316565537100838,0.02017342006479149,0.013038643492569543,0.009872988121561163,0.02333907543579987,0.011455815807065353,0.02175624775029568,0.03321206355736103,0.0,0.0,0.0,0.0
2024,target_nicu,0.1,49,311152,260030,351034,43222,53441,49010,60666,0.01860184090091016,0.032842469275466635,0.004618321592019359,0.032842469275466635,0.02322016249292952,0.01860184090091016,0.037460790867485994,0.02091100169691984,0.035151630071476314,0.056062631768396154,0.0,0.0,0.0,0.0
2024,target_nicu,0.05,50,310884,130015,175517,26330,32673,29336,36617,0.00966920137414598,0.020403108554959415,0.003017202557867235,0.020403108554959415,0.012686403932013215,0.00966920137414598,0.02342031111282665,0.011177802653079598,0.021911709833893032,0.03308951248697263,0.0,0.0,0.0,0.0
2024,target_nicu,0.1,50,310884,260030,351034,43107,53556,48950,60774,0.01879479162645875,0.03361060717180683,0.0044228715533768115,0.03361060717180683,0.023217663179835563,0.01879479162645875,0.038033478725183645,0.021006227403147157,0.03582204294849524,0.056828270351642396,0.0,0.0,0.0,0.0
2024,target_nicu,0.05,51,310577,130015,175517,26098,32340,29031,36365,0.009443712831278553,0.02009807551750452,0.0035160362808578927,0.02009807551750452,0.012959749112136446,0.009443712831278553,0.02361411179836241,0.0112017309717075,0.021856093657933465,0.033057824629640964,0.0,0.0,0.0,0.0
2024,target_nicu,0.1,51,310577,260030,351034,42729,53132,48480,60256,0.018517147116496074,0.03349571925802619,0.0044208038586244225,0.03349571925802619,0.022937950975120497,0.018517147116496074,0.03791652311665061,0.020727549045808286,0.0357061211873384,0.05643367023314669,0.0,0.0,0.0,0.0
2024,target_nicu,0.05,52,309737,130015,175517,26348,32662,29369,36748,0.009753435979556857,0.0203850363372797,0.0034384009659808035,0.0203850363372797,0.01319183694553766,0.009753435979556857,0.023823437303260503,0.011472636462547259,0.0221042368202701,0.03357687328281736,0.0,0.0,0.0,0.0
2024,target_nicu,0.1,52,309737,260030,351034,43161,53476,48864,60674,0.018412395031914164,0.03330244691464049,0.004826675534404995,0.03330244691464049,0.02323907056631916,0.018412395031914164,0.03812912244904548,0.02082573279911666,0.035715784681842985,0.05654151748095965,0.0,0.0,0.0,0.0
2024,target_nicu,0.05,53,311204,130015,175517,26152,32444,29257,36484,0.009977378182799715,0.02021824912276192,0.003004460096913922,0.02021824912276192,0.012981838279713637,0.009977378182799715,0.02322270921967584,0.011479608231256676,0.02172047917121888,0.033200087402475556,0.0,0.0,0.0,0.0
2024,target_nicu,0.1,53,311204,260030,351034,42956,53238,48792,60544,0.018752972326833844,0.03303942108713254,0.004723589671083939,0.03303942108713254,0.023476561997917783,0.018752972326833844,0.037763010758216475,0.021114767162375814,0.035401215922674506,0.05651598308505032,0.0,0.0,0.0,0.0
2024,target_nicu,0.05,54,309449,130015,175517,26132,32517,28950,36250,0.009106508665402052,0.02063344848424134,0.002956868498524806,0.02063344848424134,0.012063377163926858,0.009106508665402052,0.023590316982766146,0.010584942914664455,0.022111882733503743,0.0326968256481682,0.0,0.0,0.0,0.0
2024,target_nicu,0.1,54,309449,260030,351034,42645,52974,48521,60047,0.018988589395990962,0.033378682755478284,0.0038681656751193283,0.033378682755478284,0.02285675507111029,0.018988589395990962,0.03724684843059761,0.020922672233550627,0.03531276559303795,0.056235437826588575,0.0,0.0,0.0,0.0
2024,target_nicu,0.05,55,311413,130015,175517,26170,32451,29371,36603,0.010278954314688213,0.020169357091707793,0.003053822415891444,0.020169357091707793,0.013332776730579657,0.010278954314688213,0.023223179507599237,0.011805865522633935,0.021696268299653515,0.03350213382228745,0.0,0.0,0.0,0.0
2024,target_nicu,0.1,55,311413,260030,351034,42846,53187,48852,60544,0.019286285415188176,0.03320670620686997,0.004338290309010867,0.03320670620686997,0.023624575724199043,0.019286285415188176,0.037544996515880835,0.02145543056969361,0.0353758513613754,0.05683128193106901,0.0,0.0,0.0,0.0
2024,target_nicu,0.05,56,310460,130015,175517,26078,32351,29296,36499,0.010365264446305478,0.02020550151388263,0.0029955549829285555,0.02020550151388263,0.013360819429234033,0.010365264446305478,0.023201056496811187,0.011863041937769755,0.02170327900534691,0.033566320943116665,0.0,0.0,0.0,0.0
2024,target_nicu,0.1,56,310460,260030,351034,42993,53113,48874,60833,0.018942858983443916,0.032596791857244095,0.005923468401726473,0.032596791857244095,0.02486632738517039,0.018942858983443916,0.03852026025897057,0.021904593184307153,0.03555852605810733,0.057463119242414484,0.0,0.0,0.0,0.0
2024,target_nicu,0.05,57,310371,130015,175517,26081,32589,29250,36602,0.010210361148432032,0.020968453882611454,0.0027193262257105277,0.020968453882611454,0.01292968737414256,0.010210361148432032,0.023687780108321982,0.011570024261287296,0.022328116995466718,0.033898141256754014,0.0,0.0,0.0,0.0
2024,target_nicu,0.1,57,310371,260030,351034,43108,53581,49012,60684,0.019022395777956058,0.03374348763254298,0.003863118654771236,0.03374348763254298,0.022885514432727294,0.019022395777956058,0.037606606287314215,0.020953955105341676,0.0356750469599286,0.05662900206527027,0.0,0.0,0.0,0.0
2024,target_nicu,0.05,58,310778,130015,175517,26111,32315,29189,36626,0.009904175971272092,0.0199628030298155,0.003967462304281522,0.0199628030298155,0.013871638275553613,0.009904175971272092,0.02393026533409702,0.011887907123412852,0.02194653418195626,0.03383444130536911,0.0,0.0,0.0,0.0
2024,target_nicu,0.1,58,310778,260030,351034,42743,53046,48761,60515,0.019364305066639192,0.03315228233658751,0.004668927658972033,0.03315228233658751,0.024033232725611225,0.019364305066639192,0.037821209995559546,0.02169876889612521,0.03548674616607353,0.05718551506219874,0.0,0.0,0.0,0.0
2024,target_nicu,0.05,59,309558,130015,175517,26235,32493,29137,36445,0.009374656768683098,0.020215920764444797,0.0033919330141685827,0.020215920764444797,0.012766589782851681,0.009374656768683098,0.02360785377861338,0.01107062327576739,0.02191188727152909,0.03298251054729648,0.0,0.0,0.0,0.0
2024,target_nicu,0.1,59,309558,260030,351034,42829,53242,48463,60059,0.018200143430310317,0.03363828426336907,0.0038215778626299324,0.03363828426336907,0.02202172129294025,0.018200143430310317,0.037459862125999,0.020110932361625283,0.03554907319468403,0.05566000555630932,0.0,0.0,0.0,0.0
2024,target_nicu,0.05,60,310691,130015,175517,26517,32981,29507,36852,0.009623709730890176,0.02080523735801809,0.002835614806994735,0.02080523735801809,0.012459324537884911,0.009623709730890176,0.023640852165012827,0.011041517134387543,0.02222304476151546,0.033264561895903,0.0,0.0,0.0,0.0
2024,target_nicu,0.1,60,310691,260030,351034,43424,53663,49389,61148,0.01919913998152506,0.03295557322226908,0.004892320665870559,0.03295557322226908,0.02409146064739562,0.01919913998152506,0.03784789388813964,0.02164530031446034,0.03540173355520436,0.0570470338696647,0.0,0.0,0.0,0.0
2024,target_nicu,0.05,61,310817,130015,175517,26158,32472,29149,36548,0.009623025767573845,0.020314204178021156,0.0034908000527641564,0.020314204178021156,0.013113825820338001,0.009623025767573845,0.023805004230785312,0.011368425793955923,0.022059604204403234,0.03342802999835916,0.0,0.0,0.0,0.0
2024,target_nicu,0.1,61,310817,260030,351034,42727,53122,48766,60303,0.019429439187689218,0.03344411663454702,0.003674187705305698,0.03344411663454702,0.023103626892994916,0.019429439187689218,0.03711830433985272,0.021266533040342067,0.03528121048719987,0.05654774352754194,0.0,0.0,0.0,0.0
2024,target_nicu,0.05,62,311084,130015,175517,26211,32571,29343,36682,0.010068020213190004,0.02044463874709082,0.0031470599580820657,0.02044463874709082,0.01321508017127207,0.010068020213190004,0.023591698705172887,0.011641550192231037,0.022018168726131854,0.03365971891836289,0.0,0.0,0.0,0.0
2024,target_nicu,0.1,62,311084,260030,351034,43073,53630,48978,60603,0.018982011289555234,0.03393617158066631,0.0034331563179077207,0.03393617158066631,0.022415167607462955,0.018982011289555234,0.03736932789857403,0.020698589448509094,0.03565274973962017,0.05635133918812926,0.0,0.0,0.0,0.0
2024,target_nicu,0.05,63,311472,130015,175517,26240,32502,29348,36698,0.009978425026968718,0.02010453588123491,0.0034930908717316494,0.02010453588123491,0.013471515898700367,0.009978425026968718,0.02359762675296656,0.011724970462834543,0.021851081317100736,0.03357605177993528,0.0,0.0,0.0,0.0
2024,target_nicu,0.1,63,311472,260030,351034,42984,53426,48839,60524,0.018797837365798542,0.033524682796527455,0.003990727898494889,0.033524682796527455,0.02278856526429343,0.018797837365798542,0.037515410695022344,0.020793201315045987,0.0355200467457749,0.056313248060820886,0.0,0.0,0.0,0.0
2024,target_nicu,0.05,64,310708,130015,175517,26285,32539,29241,36583,0.009513755680574679,0.020128223283597466,0.0035016800339868898,0.020128223283597466,0.013015435714561568,0.009513755680574679,0.023629903317584355,0.011264595697568124,0.02187906330059091,0.033143658998159034,0.0,0.0,0.0,0.0
2024,target_nicu,0.1,64,310708,260030,351034,43027,53424,48799,60552,0.018576927533246662,0.03346228613360455,0.004364226218829231,0.03346228613360455,0.022941153752075893,0.018576927533246662,0.03782651235243378,0.020759040642661278,0.03564439924301917,0.056403439885680445,0.0,0.0,0.0,0.0
2024,target_nicu,0.05,65,310300,130015,175517,26140,32465,29318,36584,0.010241701579116982,0.020383499838865615,0.003032549145987759,0.020383499838865615,0.013274250725104741,0.010241701579116982,0.023416048984853374,0.011757976152110862,0.021899774411859495,0.03365775056397036,0.0,0.0,0.0,0.0
2024,target_nicu,0.1,65,310300,260030,351034,42928,53235,48819,60470,0.018984853367708665,0.03321624234611667,0.004331292297776346,0.03321624234611667,0.02331614566548501,0.018984853367708665,0.037547534643893016,0.021150499516596838,0.03538188849500484,0.05653238801160168,0.0,0.0,0.0,0.0
2024,target_nicu,0.05,66,310460,130015,175517,26174,32576,29330,36525,0.010165560780776906,0.020621013979256586,0.00255427430264768,0.020621013979256586,0.012719835083424585,0.010165560780776906,0.023175288281904266,0.011442697932100745,0.021898151130580426,0.03334084906268117,0.0,0.0,0.0,0.0
2024,target_nicu,0.1,66,310460,260030,351034,43128,53365,48919,60705,0.01865296656574114,0.032973652000257675,0.004989370611350907,0.032973652000257675,0.02364233717709205,0.01865296656574114,0.03796302261160858,0.021147651871416595,0.03546833730593313,0.056615989177349724,0.0,0.0,0.0,0.0
2024,target_nicu,0.05,67,310585,130015,175517,26422,32688,29316,36718,0.009317900091762324,0.020174831366614618,0.0036576138577201073,0.020174831366614618,0.012975513949482431,0.009317900091762324,0.023832445224334725,0.011146707020622378,0.02200363829547467,0.03315034531609705,0.0,0.0,0.0,0.0
2024,target_nicu,0.1,67,310585,260030,351034,43193,53536,48933,60898,0.018481253119113916,0.0333016726499992,0.005222402884878546,0.0333016726499992,0.023703656003992463,0.018481253119113916,0.038524075534877744,0.02109245456155319,0.03591287409243847,0.05700532865399166,0.0,0.0,0.0,0.0
2024,target_nicu,0.05,68,309747,130015,175517,26104,32401,29155,36446,0.009849974333891842,0.02032949471665585,0.0032090706286098114,0.02032949471665585,0.013059044962501654,0.009849974333891842,0.02353856534526566,0.011454509648196748,0.021934030030960755,0.0333885396791575,0.0,0.0,0.0,0.0
2024,target_nicu,0.1,68,309747,260030,351034,42845,53035,48623,60253,0.018653933694273067,0.03289781660516486,0.004648955437825064,0.03289781660516486,0.02330288913209813,0.018653933694273067,0.03754677204298992,0.0209784114131856,0.03522229432407739,0.05620070573726299,0.0,0.0,0.0,0.0
2024,target_nicu,0.05,69,310634,130015,175517,26278,32426,29354,36691,0.009902328785644843,0.019791780680801202,0.0038276556977021176,0.019791780680801202,0.01372998448334696,0.009902328785644843,0.02361943637850332,0.011816156634495902,0.02170560852965226,0.03352176516414816,0.0,0.0,0.0,0.0
2024,target_nicu,0.1,69,310634,260030,351034,42963,53265,48741,60487,0.018600668310616353,0.033164431453092724,0.004648557466343017,0.033164431453092724,0.02324922577695937,0.018600668310616353,0.03781298891943574,0.02092494704378786,0.03548871018626423,0.056413657230052094,0.0,0.0,0.0,0.0
2024,target_nicu,0.05,70,310700,130015,175517,26117,32486,29355,36585,0.010421628580624398,0.020498873511425805,0.0027711618925008036,0.020498873511425805,0.013192790473125202,0.010421628580624398,0.02327003540392661,0.0118072095268748,0.021884454457676207,0.03369166398455101,0.0,0.0,0.0,0.0
2024,target_nicu,0.1,70,310700,260030,351034,42783,53214,48907,60467,0.019710331509494694,0.03357257804956548,0.0036337302864499488,0.03357257804956548,0.023344061795944643,0.019710331509494694,0.03720630833601543,0.02152719665271967,0.03538944319279046,0.056916639845510125,0.0,0.0,0.0,0.0
2024,target_nicu,0.05,71,311229,130015,175517,26150,32545,29128,36457,0.009568517072637825,0.020547571081101057,0.0030010056903437693,0.020547571081101057,0.012569522762981594,0.009568517072637825,0.023548576771444826,0.01106901991780971,0.02204807392627294,0.03311709384408265,0.0,0.0,0.0,0.0
2024,target_nicu,0.1,71,311229,260030,351034,42994,53450,48879,60624,0.01890890630371847,0.03359584100453364,0.004141644898129682,0.03359584100453364,0.023050551201848152,0.01890890630371847,0.03773748590266332,0.02097972875278331,0.03566666345359848,0.05664639220638179,0.0,0.0,0.0,0.0
2024,target_nicu,0.05,72,310758,130015,175517,26216,32488,29215,36505,0.009650596283925103,0.020182907600126143,0.003275860959331703,0.020182907600126143,0.012926457243256806,0.009650596283925103,0.023458768559457846,0.011288526763590954,0.021820838079791995,0.03310936484338295,0.0,0.0,0.0,0.0
2024,target_nicu,0.1,72,310758,260030,351034,42916,53369,48767,60353,0.018828155670972263,0.0336371066875189,0.0036459238378416525,0.0336371066875189,0.022474079508813916,0.018828155670972263,0.037283030525360555,0.02065111758989309,0.03546006860643973,0.05611118619633282,0.0,0.0,0.0,0.0
2024,target_nicu,0.05,73,311012,130015,175517,26189,32601,29406,36654,0.01034365233495814,0.02061656784947205,0.0026879991768806316,0.02061656784947205,0.013031651511838771,0.01034365233495814,0.023304567026352682,0.011687651923398455,0.021960567437912366,0.03364821936131082,0.0,0.0,0.0,0.0
2024,target_nicu,0.1,73,311012,260030,351034,43096,53249,49044,60842,0.019124664000102876,0.03264504263501086,0.005289184983216094,0.03264504263501086,0.02441384898331897,0.019124664000102876,0.03793422761822696,0.021769256491710923,0.03528963512661891,0.05705889161832983,0.0,0.0,0.0,0.0
2024,target_nicu,0.05,74,311773,130015,175517,26431,32832,29534,36908,0.009952754087108245,0.020530963232864935,0.0031208603695637577,0.020530963232864935,0.013073614456672003,0.009952754087108245,0.023651823602428693,0.011513184271890124,0.022091393417646814,0.03360457768953694,0.0,0.0,0.0,0.0
2024,target_nicu,0.1,74,311773,260030,351034,43382,53894,49254,60907,0.018834215919916075,0.03371683885390972,0.003659713958553218,0.03371683885390972,0.022493929878469293,0.018834215919916075,0.03737655281246294,0.020664072899192684,0.03554669583318633,0.05621076873237901,0.0,0.0,0.0,0.0
2024,target_nicu,0.05,75,310484,130015,175517,26036,32381,29283,36515,0.010457865783744094,0.02043583566302934,0.002856829981577144,0.02043583566302934,0.013314695765321238,0.010457865783744094,0.023292665644606483,0.011886280774532666,0.02186425065381791,0.03375053142835058,0.0,0.0,0.0,0.0
2024,target_nicu,0.1,75,310484,260030,351034,42855,52993,48775,60561,0.01906700506306283,0.032652246170495086,0.005307841949987763,0.032652246170495086,0.024374847013050593,0.01906700506306283,0.03796008812048285,0.021720926038056712,0.03530616714548897,0.05702709318354568,0.0,0.0,0.0,0.0
2024,target_nicu,0.05,76,310552,130015,175517,26210,32471,29293,36502,0.009927483964038225,0.02016087482933615,0.0030526288673072555,0.02016087482933615,0.01298011283134548,0.009927483964038225,0.023213503696643406,0.011453798397691853,0.02168718926298978,0.03314098766068163,0.0,0.0,0.0,0.0
2024,target_nicu,0.1,76,310552,260030,351034,42972,53230,48727,60545,0.018531518071047692,0.03303150519075712,0.005023313325948631,0.03303150519075712,0.023554831396996323,0.018531518071047692,0.03805481851670575,0.021043174734022008,0.035543161853731436,0.056586336587753444,0.0,0.0,0.0,0.0
2024,target_nicu,0.05,77,311287,130015,175517,26235,32613,29332,36646,0.0099490181086907,0.02048913060937335,0.0030068714723068962,0.02048913060937335,0.012955889580997595,0.0099490181086907,0.023496002081680248,0.011452453844844147,0.0219925663455268,0.03344502019037095,0.0,0.0,0.0,0.0
2024,target_nicu,0.1,77,311287,260030,351034,43212,53665,49002,60898,0.018600198530616452,0.033579943910282156,0.004635593519806469,0.033579943910282156,0.02323579205042292,0.018600198530616452,0.038215537430088625,0.020917995290519686,0.03589774067018539,0.05681573596070508,0.0,0.0,0.0,0.0
2024,target_nicu,0.05,78,310275,130015,175517,26447,32711,29355,36591,0.009372330996696474,0.02018854242204496,0.0031327048585931827,0.02018854242204496,0.012505035855289656,0.009372330996696474,0.02332124728063814,0.010938683425993065,0.02175489485134155,0.032693578277334615,0.0,0.0,0.0,0.0
2024,target_nicu,0.1,78,310275,260030,351034,43186,53450,48737,60503,0.01789058093626622,0.033080331963580706,0.0048408669728466636,0.033080331963580706,0.022731447909112884,0.01789058093626622,0.03792119893642737,0.020311014422689552,0.03550076545000404,0.05581177987269359,0.0,0.0,0.0,0.0
2024,target_nicu,0.05,79,310292,130015,175517,26132,32347,29163,36482,0.009768218323385716,0.020029520580614385,0.0035579389736119515,0.020029520580614385,0.013326157296997668,0.009768218323385716,0.023587459554226337,0.011547187810191692,0.02180849006742036,0.03335567787761205,0.0,0.0,0.0,0.0
2024,target_nicu,0.1,79,310292,260030,351034,43000,53201,48753,60509,0.018540600466657203,0.03287548502700682,0.005011408608665391,0.03287548502700682,0.023552009075322594,0.018540600466657203,0.037886893635672214,0.0210463047709899,0.03538118933133952,0.05642749410232942,0.0,0.0,0.0,0.0
2024,target_nicu,0.05,80,310584,130015,175517,26345,32576,29465,36642,0.01004559153079361,0.02006220539370991,0.003045874867990628,0.02006220539370991,0.013091466398784238,0.01004559153079361,0.02310808026170054,0.011568528964788924,0.021585142827705225,0.03315367179249415,0.0,0.0,0.0,0.0
2024,target_nicu,0.1,80,310584,260030,351034,42987,53297,48833,60468,0.018822605156736977,0.03319552842387244,0.004266156659712028,0.03319552842387244,0.023088761816449005,0.018822605156736977,0.03746168508358447,0.02095568348659299,0.03532860675372845,0.056284290240321444,0.0,0.0,0.0,0.0
2024,target_nicu,0.05,81,310766,130015,175517,26487,32635,29582,36917,0.009959261952723272,0.01978337398557113,0.003819594164097745,0.01978337398557113,0.013778856116821017,0.009959261952723272,0.023602968149668876,0.011869059034772145,0.021693171067620004,0.03356223010239215,0.0,0.0,0.0,0.0
2024,target_nicu,0.1,81,310766,260030,351034,42914,53426,48938,60452,0.019384359936415185,0.03382609423167271,0.0032242909455989233,0.03382609423167271,0.02260865088201411,0.019384359936415185,0.03705038517727163,0.020996505409214647,0.03543823970447217,0.05643474511368682,0.0,0.0,0.0,0.0
2024,target_nicu,0.05,82,310244,130015,175517,26183,32339,29260,36529,0.009918000025786147,0.019842446590425597,0.003587498871855707,0.019842446590425597,0.013505498897641854,0.009918000025786147,0.023429945462281304,0.011711749461714,0.02163619602635345,0.03334794548806745,0.0,0.0,0.0,0.0
2024,target_nicu,0.1,82,310244,260030,351034,42794,53218,48529,60197,0.01848545016180811,0.03359936050334575,0.00400974716674618,0.03359936050334575,0.02249519732855429,0.01848545016180811,0.03760910767009193,0.0204903237451812,0.03560423408671884,0.05609455783190004,0.0,0.0,0.0,0.0
2024,target_nicu,0.05,83,311328,130015,175517,26332,32659,29393,36769,0.00983207421112138,0.020322617946345975,0.0033694367355329435,0.020322617946345975,0.013201510946654324,0.00983207421112138,0.02369205468187892,0.011516792578887852,0.022007336314112447,0.0335241288930003,0.0,0.0,0.0,0.0
2024,target_nicu,0.1,83,311328,260030,351034,43147,53426,49116,60809,0.019172705314009664,0.033016625552472006,0.004541833693082531,0.033016625552472006,0.023714539007092195,0.019172705314009664,0.03755845924555454,0.02144362216055093,0.03528754239901327,0.0567311645595642,0.0,0.0,0.0,0.0
2024,target_nicu,0.05,84,310603,130015,175517,25972,32188,29072,36371,0.009980586150165977,0.02001268500304247,0.00348676606471926,0.02001268500304247,0.013467352214885236,0.009980586150165977,0.02349945106776173,0.011723969182525606,0.0217560680354021,0.03348003721792771,0.0,0.0,0.0,0.0
2024,target_nicu,0.1,84,310603,260030,351034,42612,52944,48647,60403,0.019429947553629562,0.03326432777532734,0.004584630541237533,0.03326432777532734,0.024014578094867095,0.019429947553629562,0.037848958316564874,0.02172226282424833,0.03555664304594611,0.057278905870194435,0.0,0.0,0.0,0.0
2024,target_nicu,0.05,85,311098,130015,175517,26132,32443,29336,36674,0.010299005458087152,0.020286212061794026,0.0033012105510160927,0.020286212061794026,0.013600216009103244,0.010299005458087152,0.02358742261281012,0.011949610733595198,0.021936817337302073,0.03388642807089727,0.0,0.0,0.0,0.0
2024,target_nicu,0.1,85,311098,260030,351034,43059,53454,48890,60669,0.018743289895788467,0.03341390815755807,0.004448758911982709,0.03341390815755807,0.023192048807771176,0.018743289895788467,0.03786266706954078,0.020967669351779822,0.035638287613549424,0.056605956965329246,0.0,0.0,0.0,0.0
2024,target_nicu,0.05,86,310856,130015,175517,26380,32792,29356,36602,0.009573564608693408,0.02062691406953701,0.0026829142754201396,0.02062691406953701,0.012256478884113547,0.009573564608693408,0.02330982834495715,0.010915021746403478,0.02196837120724708,0.03288339295365056,0.0,0.0,0.0,0.0
2024,target_nicu,0.1,86,310856,260030,351034,43054,53387,48860,60392,0.018677458373008715,0.03324047147232159,0.003857091386365391,0.03324047147232159,0.022534549759374106,0.018677458373008715,0.03709756285868698,0.02060600406619141,0.03516901716550429,0.0557750212316957,0.0,0.0,0.0,0.0
2024,target_nicu,0.05,87,310466,130015,175517,26169,32365,29218,36468,0.009820721109557881,0.019957096751335085,0.003394896703664829,0.019957096751335085,0.01321561781322271,0.009820721109557881,0.023351993454999914,0.011518169461390296,0.0216545451031675,0.033172714564557795,0.0,0.0,0.0,0.0
2024,target_nicu,0.1,87,310466,260030,351034,42925,53263,48607,60383,0.018301520939490945,0.033298332184522605,0.004631747115626195,0.033298332184522605,0.02293326805511714,0.018301520939490945,0.0379300793001488,0.020617394497304042,0.0356142057423357,0.056231600239639745,0.0,0.0,0.0,0.0
2024,target_nicu,0.05,88,310473,130015,175517,26302,32576,29491,36661,0.010271424568319948,0.020207876369281702,0.002885919226470593,0.020207876369281702,0.01315734379479054,0.010271424568319948,0.023093795595752295,0.011714384181555244,0.021650835982517,0.03336522016407224,0.0,0.0,0.0,0.0
2024,target_nicu,0.1,88,310473,260030,351034,43207,53489,49028,60813,0.018748812296077277,0.03311721148054744,0.004841000666724632,0.03311721148054744,0.02358981296280191,0.018748812296077277,0.037958212147272075,0.021169312629439593,0.03553771181390976,0.05670702444334935,0.0,0.0,0.0,0.0
2024,target_nicu,0.05,89,311032,130015,175517,26463,32716,29478,36810,0.009693536356387769,0.020104040741788634,0.0034690964273772495,0.020104040741788634,0.013162632783765019,0.009693536356387769,0.023573137169165884,0.011428084570076394,0.02183858895547726,0.03326667352555365,0.0,0.0,0.0,0.0
2024,target_nicu,0.1,89,311032,260030,351034,43073,53444,49001,60653,0.01905913217932559,0.033343836004012445,0.0041185472877388885,0.033343836004012445,0.023177679467064477,0.01905913217932559,0.03746238329175133,0.021118405823195033,0.03540310964788189,0.05652151547107692,0.0,0.0,0.0,0.0
2024,target_nicu,0.05,90,310967,130015,175517,26395,32663,29406,36869,0.009682699450423993,0.02015647962645553,0.003842851492280544,0.02015647962645553,0.013525550942704537,0.009682699450423993,0.023999331118736075,0.011604125196564265,0.022077905372595803,0.03368203056916007,0.0,0.0,0.0,0.0
2024,target_nicu,0.1,90,310967,260030,351034,43207,53709,49017,60680,0.018683654535690264,0.0337720722777658,0.0037335151318307336,0.0337720722777658,0.022417169667520997,0.018683654535690264,0.03750558740959653,0.02055041210160563,0.03563882984368116,0.056189241945286794,0.0,0.0,0.0,0.0
2024,target_nicu,0.05,91,311111,130015,175517,26493,32706,29408,36703,0.009369646203445076,0.019970364275130104,0.00347785838494942,0.019970364275130104,0.012847504588394495,0.009369646203445076,0.023448222660079523,0.011108575395919786,0.021709293467604814,0.0328178688635246,0.0,0.0,0.0,0.0
2024,target_nicu,0.1,91,311111,260030,351034,43242,53555,48954,60815,0.018360006557145175,0.033148940410335836,0.004975716062755764,0.033148940410335836,0.02333572261990094,0.018360006557145175,0.0381246564730916,0.020847864588523057,0.03563679844171372,0.056484663030236776,0.0,0.0,0.0,0.0
2024,target_nicu,0.05,92,310185,130015,175517,25933,32224,29013,36317,0.009929558166900401,0.02028144494414623,0.003265792994503275,0.02028144494414623,0.013195351161403676,0.009929558166900401,0.023547237938649504,0.011562454664152039,0.021914341441397867,0.033476796105549905,0.0,0.0,0.0,0.0
2024,target_nicu,0.1,92,310185,260030,351034,42748,53162,48574,60430,0.018782339571546014,0.03357351258120153,0.004648838596321564,0.03357351258120153,0.023431178167867578,0.018782339571546014,0.038222351177523095,0.021106758869706796,0.03589793187936231,0.05700469074906911,0.0,0.0,0.0,0.0
2024,target_nicu,0.05,93,310683,130015,175517,26071,32420,29051,36307,0.009591770389754187,0.02043562087400984,0.002919374410572842,0.02043562087400984,0.012511144800327029,0.009591770389754187,0.02335499528458268,0.011051457595040608,0.02189530807929626,0.03294676567433687,0.0,0.0,0.0,0.0
2024,target_nicu,0.1,93,310683,260030,351034,42770,53146,48542,60263,0.018578422379080917,0.03339738575976153,0.004329171534972975,0.03339738575976153,0.022907593914053892,0.018578422379080917,0.03772655729473451,0.020743008146567404,0.03556197152724802,0.056304979673815425,0.0,0.0,0.0,0.0
2024,target_nicu,0.05,94,310653,130015,175517,26247,32566,29096,36459,0.00917100430383741,0.020341023585801532,0.0033606628617782464,0.020341023585801532,0.012531667165615656,0.00917100430383741,0.02370168644757978,0.010851335734726533,0.022021355016690655,0.03287269075141719,0.0,0.0,0.0,0.0
2024,target_nicu,0.1,94,310653,260030,351034,43165,53567,48800,60674,0.01813920998670543,0.033484305640055,0.004738405874078144,0.033484305640055,0.022877615860783573,0.01813920998670543,0.038222711514133145,0.0205084129237445,0.03585350857709407,0.056361921500838574,0.0,0.0,0.0,0.0
2024,target_nicu,0.05,95,310059,130015,175517,26209,32548,29228,36649,0.009736856533756472,0.020444496047526434,0.0034896584198491343,0.020444496047526434,0.013226514953605606,0.009736856533756472,0.023934154467375568,0.011481685743681039,0.022189325257451,0.03367101100113204,0.0,0.0,0.0,0.0
2024,target_nicu,0.1,95,310059,260030,351034,43051,53338,48755,60560,0.018396498730886696,0.03317755652956372,0.004895842404187611,0.03317755652956372,0.023292341135074307,0.018396498730886696,0.038073398933751335,0.0208444199329805,0.03562547773165753,0.05646989766463803,0.0,0.0,0.0,0.0
2024,target_nicu,0.05,96,310943,130015,175517,26302,32578,29362,36652,0.009841031957625673,0.02018376358367932,0.0032610478447818447,0.02018376358367932,0.013102079802407518,0.009841031957625673,0.023444811428461165,0.011471555880016596,0.021814287506070243,0.03328584338608684,0.0,0.0,0.0,0.0
2024,target_nicu,0.1,96,310943,260030,351034,43065,53476,48866,60685,0.01865615241378643,0.033482020820536224,0.004528161109914053,0.033482020820536224,0.023184313523700484,0.01865615241378643,0.038010181930450276,0.020920232968743457,0.03574610137549325,0.05666633434423671,0.0,0.0,0.0,0.0
2024,target_nicu,0.05,97,310831,130015,175517,25929,32170,29015,36233,0.009928224662276289,0.020078434905141385,0.0031431871338444273,0.020078434905141385,0.013071411796120716,0.009928224662276289,0.023221622038985812,0.011499818229198502,0.021650028472063598,0.0331498467012621,0.0,0.0,0.0,0.0
2024,target_nicu,0.1,97,310831,260030,351034,42730,53134,48629,60291,0.018978158549179475,0.033471564933999526,0.004047215367836504,0.033471564933999526,0.02302537391701598,0.018978158549179475,0.03751878030183603,0.021001766233097727,0.03549517261791778,0.056496938851015505,0.0,0.0,0.0,0.0
2024,target_nicu,0.05,98,310988,130015,175517,26334,32732,29268,36706,0.00943444763141986,0.02057314108582968,0.003344180482848208,0.02057314108582968,0.012778628114268067,0.00943444763141986,0.023917321568677888,0.011106537872843963,0.022245231327253784,0.03335176920009775,0.0,0.0,0.0,0.0
2024,target_nicu,0.1,98,310988,260030,351034,43105,53375,49068,60757,0.01917437328771529,0.033023782268126106,0.004562877024193834,0.033023782268126106,0.023737250311909125,0.01917437328771529,0.03758665929231994,0.021455811799812208,0.03530522078022302,0.05676103258003523,0.0,0.0,0.0,0.0
2024,target_nicu,0.05,99,309892,130015,175517,25975,32358,28983,36264,0.009706607463245254,0.02059749848334258,0.002897783744014046,0.02059749848334258,0.0126043912072593,0.009706607463245254,0.023495282227356626,0.011155499335252277,0.022046390355349603,0.03320188969060188,0.0,0.0,0.0,0.0
2024,target_nicu,0.1,99,309892,260030,351034,42762,53200,48587,60349,0.01879687116801984,0.03368270236082249,0.004272456210550751,0.03368270236082249,0.023069327378570592,0.01879687116801984,0.03795515857137324,0.020933099273295216,0.03581893046609787,0.056752029739393084,0.0,0.0,0.0,0.0
2024,target_nicu,0.05,100,311259,130015,175517,26246,32559,29242,36607,0.009625424485717682,0.020282144452047984,0.003379821948923556,0.020282144452047984,0.013005246434641238,0.009625424485717682,0.02366196640097154,0.01131533546017946,0.021972055426509762,0.03328739088668922,0.0,0.0,0.0,0.0
2024,target_nicu,0.1,100,311259,260030,351034,43026,53455,48850,60691,0.018711105542329687,0.033505858465136734,0.004536415011292871,0.033505858465136734,0.023247520553622558,0.018711105542329687,0.038042273476429606,0.020979313047976123,0.03577406597078317,0.05675337901875929,0.0,0.0,0.0,0.0
2024,target_nicu,0.05,101,310431,130015,175517,26391,32767,29497,36834,0.010005444043926032,0.020539185841620206,0.0030956959839706644,0.020539185841620206,0.013101140027896696,0.010005444043926032,0.02363488182559087,0.011553292035911364,0.022087033833605538,0.0336403258695169,0.0,0.0,0.0,0.0
2024,target_nicu,0.1,101,310431,260030,351034,43129,53507,49166,60746,0.01944715572864822,0.03343093956466975,0.003872035975788529,0.03343093956466975,0.023319191704436748,0.01944715572864822,0.03730297554045828,0.021383173716542483,0.03536695755256401,0.056750131269106496,0.0,0.0,0.0,0.0
2024,target_nicu,0.05,102,309904,130015,175517,26225,32474,29403,36618,0.0102547885796892,0.020164308947286907,0.0031170943259848094,0.020164308947286907,0.01337188290567401,0.0102547885796892,0.023281403273271717,0.011813335742681605,0.021722856110279312,0.03353619185296092,0.0,0.0,0.0,0.0
2024,target_nicu,0.1,102,309904,260030,351034,42736,53125,48782,60384,0.019509267386029233,0.033523284630079,0.003914115338943647,0.033523284630079,0.02342338272497288,0.019509267386029233,0.03743739996902265,0.021466325055501057,0.03548034229955083,0.05694666735505188,0.0,0.0,0.0,0.0
2024,target_nicu,0.05,103,310768,130015,175517,26125,32385,29132,36420,0.009676028419914537,0.020143644133244085,0.0033079338928074936,0.020143644133244085,0.01298396231272203,0.009676028419914537,0.023451578026051578,0.011329995366318284,0.02179761107964783,0.033127606445966115,0.0,0.0,0.0,0.0
2024,target_nicu,0.1,103,310768,260030,351034,42850,53293,48552,60226,0.018348092467692922,0.03360384595582555,0.003961154301601211,0.03360384595582555,0.022309246769294133,0.018348092467692922,0.03756500025742676,0.020328669618493528,0.035584423106626156,0.055913092725119684,0.0,0.0,0.0,0.0
2024,target_nicu,0.05,104,310705,130015,175517,26297,32636,29236,36676,0.009459133261453784,0.020401989024959363,0.003543554175182248,0.020401989024959363,0.013002687436636032,0.009459133261453784,0.02394554320014161,0.011230910349044908,0.022173766112550487,0.033404676461595395,0.0,0.0,0.0,0.0
2024,target_nicu,0.1,104,310705,260030,351034,43052,53496,48912,60758,0.018860333757100778,0.03361387811589772,0.004512318758951417,0.03361387811589772,0.023372652516052195,0.018860333757100778,0.03812619687484914,0.021116493136576486,0.03587003749537343,0.056986530631949917,0.0,0.0,0.0,0.0
2024,target_nicu,0.05,105,309981,130015,175517,26052,32436,28979,36286,0.009442514218613404,0.020594810649684978,0.0029776018530167925,0.020594810649684978,0.012420116071630197,0.009442514218613404,0.02357241250270177,0.0109313151451218,0.022083611576193374,0.033014926721315174,0.0,0.0,0.0,0.0
2024,target_nicu,0.1,105,309981,260030,351034,42752,52985,48637,60141,0.018985034566634723,0.03301170071714071,0.004100251305725194,0.03301170071714071,0.023085285872359917,0.018985034566634723,0.03711195202286591,0.02103516021949732,0.03506182637000331,0.05609698658950063,0.0,0.0,0.0,0.0
2024,target_nicu,0.05,106,310746,130015,175517,26465,32695,29450,36773,0.00960591608580641,0.020048528380091774,0.0035173421379519065,0.020048528380091774,0.013123258223758316,0.00960591608580641,0.02356587051804368,0.011364587154782363,0.021807199449067727,0.03317178660385009,0.0,0.0,0.0,0.0
2024,target_nicu,0.1,106,310746,260030,351034,43259,53822,48838,60582,0.017953569796554103,0.03399239250062752,0.003800531623898623,0.03399239250062752,0.021754101420452726,0.017953569796554103,0.037792924124526145,0.019853835608503415,0.03589265831257683,0.05574649392108025,0.0,0.0,0.0,0.0
2024,target_nicu,0.05,107,311208,130015,175517,26160,32491,29397,36718,0.010401403562890418,0.020343307369990488,0.0031811521554715727,0.020343307369990488,0.013582555718361991,0.010401403562890418,0.02352445952546206,0.011991979640626205,0.021933883447726274,0.03392586308835248,0.0,0.0,0.0,0.0
2024,target_nicu,0.1,107,311208,260030,351034,42966,53210,49050,60693,0.019549625973625362,0.032916891596617065,0.004495385722732059,0.032916891596617065,0.02404501169635742,0.019549625973625362,0.037412277319349124,0.02179731883499139,0.035164584457983095,0.056961903292974486,0.0,0.0,0.0,0.0
2024,target_nicu,0.05,108,311088,130015,175517,26279,32616,29205,36552,0.00940569870904695,0.02037044180424831,0.003246669752610204,0.02037044180424831,0.012652368461657154,0.00940569870904695,0.023617111556858514,0.011029033585352052,0.021993776680553412,0.033022810265905464,0.0,0.0,0.0,0.0
2024,target_nicu,0.1,108,311088,260030,351034,43087,53497,48772,60350,0.018274571825335595,0.03346320012343776,0.003754564624800699,0.03346320012343776,0.022029136450136294,0.018274571825335595,0.03721776474823846,0.020151854137735944,0.03534048243583811,0.05549233657357405,0.0,0.0,0.0,0.0
2024,target_nicu,0.05,109,311304,130015,175517,26260,32574,29397,36663,0.010076966566443094,0.020282424896564136,0.003058103975535159,0.020282424896564136,0.013135070541978253,0.010076966566443094,0.023340528872099295,0.011606018554210673,0.021811476884331715,0.03341749543854239,0.0,0.0,0.0,0.0
2024,target_nicu,0.1,109,311304,260030,351034,43119,53442,49049,60786,0.019048903965255826,0.03316051191118649,0.004542183846015485,0.03316051191118649,0.02359108781127131,0.019048903965255826,0.037702695757201976,0.021319995888263568,0.035431603834194234,0.0567515997224578,0.0,0.0,0.0,0.0
2024,target_nicu,0.05,110,310495,130015,175517,26377,32649,29398,36654,0.00972962527576933,0.020200003220663773,0.0031691331583439397,0.020200003220663773,0.01289875843411327,0.00972962527576933,0.023369136379007713,0.0113141918549413,0.021784569799835743,0.03309876165477704,0.0,0.0,0.0,0.0
2024,target_nicu,0.1,110,310495,260030,351034,43086,53543,48834,60584,0.018512375400570047,0.03367848113496191,0.004164318265994615,0.03367848113496191,0.022676693666564662,0.018512375400570047,0.03784279940095653,0.020594534533567355,0.03576064026795922,0.056355174801526575,0.0,0.0,0.0,0.0
2024,target_nicu,0.05,111,310419,130015,175517,26114,32420,29406,36599,0.010605020955547176,0.020314478173049974,0.0028574281857747102,0.020314478173049974,0.013462449141321886,0.010605020955547176,0.023171906358824684,0.012033735048434531,0.02174319226593733,0.03377692731437186,0.0,0.0,0.0,0.0
2024,target_nicu,0.1,111,310419,260030,351034,43010,53211,48965,60689,0.019183748417461566,0.03286203486255673,0.004906271845473376,0.03286203486255673,0.02409002026293494,0.019183748417461566,0.03776830670803011,0.021636884340198254,0.03531517078529342,0.056952055125491674,0.0,0.0,0.0,0.0
2024,target_nicu,0.05,112,310958,130015,175517,26262,32579,29389,36648,0.010056020427195944,0.02031464056239106,0.00302934801484446,0.02031464056239106,0.013085368442040404,0.010056020427195944,0.02334398857723552,0.011570694434618174,0.02182931456981329,0.033400009004431463,0.0,0.0,0.0,0.0
2024,target_nicu,0.1,112,310958,260030,351034,42946,53386,48791,60496,0.018796750686587926,0.03357366589700217,0.0040680735018877034,0.03357366589700217,0.02286482418847563,0.018796750686587926,0.03764173939888987,0.020830787437531778,0.03560770264794602,0.0564384900854778,0.0,0.0,0.0,0.0
2024,target_nicu,0.05,113,310092,130015,175517,26025,32240,29063,36332,0.00979709247578138,0.020042439018097852,0.003398991267107826,0.020042439018097852,0.013196083742889206,0.00979709247578138,0.023441430285205678,0.011496588109335293,0.021741934651651765,0.03323852276098706,0.0,0.0,0.0,0.0
2024,target_nicu,0.1,113,310092,260030,351034,42864,53246,48512,60210,0.018213949408562607,0.03348038646595203,0.004243901809785511,0.03348038646595203,0.022457851218348118,0.018213949408562607,0.03772428827573754,0.020335900313455363,0.03560233737084478,0.055938237684300146,0.0,0.0,0.0,0.0
2024,target_nicu,0.05,114,311783,130015,175517,26269,32428,29464,36873,0.010247511891283367,0.019754123861788486,0.00400919870550992,0.019754123861788486,0.014256710596793287,0.010247511891283367,0.023763322567298406,0.012252111244038327,0.021758723214543446,0.03401083445858177,0.0,0.0,0.0,0.0
2024,target_nicu,0.1,114,311783,260030,351034,42930,53309,48992,60764,0.019443010042240916,0.03328917869158998,0.004467851037420256,0.03328917869158998,0.023910861079661172,0.019443010042240916,0.03775702972901024,0.021676935560951044,0.03552310421030011,0.057200039771251154,0.0,0.0,0.0,0.0
2024,target_nicu,0.05,115,310762,130015,175517,26210,32537,29264,36649,0.00982745638141086,0.02035963213005451,0.0034045346599648613,0.02035963213005451,0.01323199104137572,0.00982745638141086,0.023764166790019373,0.01152972371139329,0.022061899460036942,0.03359162317143023,0.0,0.0,0.0,0.0
2024,target_nicu,0.1,115,310762,260030,351034,42994,53362,48942,60577,0.019140049298176726,0.03336315250899402,0.004077075060657354,0.03336315250899402,0.02321712435883408,0.019140049298176726,0.037440227569651374,0.021178586828505402,0.0354016900393227,0.0565802768678281,0.0,0.0,0.0,0.0
2024,target_nicu,0.05,116,311035,130015,175517,26346,32590,29358,36499,0.009683797643352046,0.020074911183628863,0.0028839198160978546,0.020074911183628863,0.0125677174594499,0.009683797643352046,0.022958830999726718,0.011125757551400973,0.02151687109167779,0.032642628643078764,0.0,0.0,0.0,0.0
2024,target_nicu,0.1,116,311035,260030,351034,42942,53330,48701,60337,0.01851560113813558,0.03339817062388478,0.004012410178918763,0.03339817062388478,0.02252801131705434,0.01851560113813558,0.037410580802803545,0.02052180622759496,0.03540437571334416,0.055926181940939124,0.0,0.0,0.0,0.0
2024,target_nicu,0.05,117,311022,130015,175517,26121,32305,29244,36549,0.010041090340876219,0.019882837869989914,0.0036042466449318494,0.019882837869989914,0.013645336985808068,0.010041090340876219,0.023487084514921763,0.011843213663342143,0.02168496119245584,0.03352817485579798,0.0,0.0,0.0,0.0
2024,target_nicu,0.1,117,311022,260030,351034,42915,53326,48698,60653,0.018593540006816234,0.03347351634289536,0.004964279054214815,0.03347351634289536,0.02355781906103105,0.018593540006816234,0.038437795397110175,0.02107567953392364,0.03595565587000277,0.05703133540392641,0.0,0.0,0.0,0.0
2024,target_nicu,0.05,118,310994,130015,175517,26017,32263,28988,36310,0.009553238969240568,0.020083988758625576,0.0034598738239322857,0.020083988758625576,0.013013112793172854,0.009553238969240568,0.023543862582557862,0.011283175881206711,0.02181392567059172,0.03309710155179843,0.0,0.0,0.0,0.0
2024,target_nicu,0.1,118,310994,260030,351034,42857,53172,48514,60278,0.01819006154459571,0.03316784246641413,0.004659253876280578,0.03316784246641413,0.022849315420876287,0.01819006154459571,0.03782709634269471,0.020519688482735998,0.03549746940455442,0.05601715788729042,0.0,0.0,0.0,0.0
2024,target_nicu,0.05,119,310692,130015,175517,26153,32406,29183,36506,0.00975242362210807,0.02012604122410619,0.0034439251734837,0.02012604122410619,0.01319634879559177,0.00975242362210807,0.02356996639758989,0.01147438620884992,0.02184800381084804,0.03332239001969796,0.0,0.0,0.0,0.0
2024,target_nicu,0.1,119,310692,260030,351034,43014,53438,48707,60530,0.01832361309592781,0.03355091215737774,0.0045028516987885014,0.03355091215737774,0.02282646479471631,0.01832361309592781,0.03805376385616624,0.02057503894532206,0.03580233800677199,0.05637737695209405,0.0,0.0,0.0,0.0
2024,target_nicu,0.05,120,310217,130015,175517,26212,32431,29237,36623,0.009751238649074692,0.0200472572425109,0.0037618828110645014,0.0200472572425109,0.013513121460139194,0.009751238649074692,0.0238091400535754,0.011632180054606943,0.02192819864804315,0.03356037870265009,0.0,0.0,0.0,0.0
2024,target_nicu,0.1,120,310217,260030,351034,42978,53317,48759,60543,0.01863534235712422,0.033328283105052287,0.004658029701789385,0.033328283105052287,0.023293372058913603,0.01863534235712422,0.03798631280684167,0.02096435720801891,0.03565729795594698,0.05662165516396589,0.0,0.0,0.0,0.0
2024,target_nicu,0.05,121,310335,130015,175517,26501,32875,29513,36857,0.009705640678621494,0.020539094849114675,0.0031256545346158154,0.020539094849114675,0.01283129521323731,0.009705640678621494,0.02366474938373049,0.011268467945929402,0.022101922116422583,0.033370390062351984,0.0,0.0,0.0,0.0
2024,target_nicu,0.1,121,310335,260030,351034,43374,53626,49178,60844,0.018702370019495068,0.03303526833905296,0.004556366507161624,0.03303526833905296,0.023258736526656693,0.018702370019495068,0.03759163484621458,0.02098055327307588,0.03531345159263377,0.05629400486570965,0.0,0.0,0.0,0.0
2024,target_nicu,0.05,122,310422,130015,175517,26047,32228,29148,36408,0.009989627023857833,0.019911604203310326,0.003475913433970537,0.019911604203310326,0.01346554045782837,0.009989627023857833,0.023387517637280864,0.011727583740843102,0.021649560920295595,0.0333771446611387,0.0,0.0,0.0,0.0
2024,target_nicu,0.1,122,310422,260030,351034,42617,52985,48507,60252,0.018974170645121802,0.03339969460927383,0.004435896940294171,0.03339969460927383,0.023410067585415972,0.018974170645121802,0.037835591549568004,0.021192119115268887,0.03561764307942092,0.056809762194689806,0.0,0.0,0.0,0.0
2024,target_nicu,0.05,123,310464,130015,175517,26115,32456,29127,36443,0.009701607915893626,0.02042426819212534,0.0031404607297464415,0.02042426819212534,0.012842068645640067,0.009701607915893626,0.02356472892187178,0.011271838280766847,0.02199449855699856,0.033266336837765406,0.0,0.0,0.0,0.0
2024,target_nicu,0.1,123,310464,260030,351034,42644,53017,48672,60162,0.019416099773242657,0.03341128117913833,0.0035978406514120542,0.03341128117913833,0.02301394042465471,0.019416099773242657,0.037009121830550384,0.021215020098948684,0.03521020150484436,0.05642522160379304,0.0,0.0,0.0,0.0
2024,target_nicu,0.05,124,310915,130015,175517,26685,32862,29681,37144,0.009636074168181005,0.01986716626730778,0.004136178698358084,0.01986716626730778,0.01377225286653909,0.009636074168181005,0.024003344965665863,0.011704163517360047,0.02193525561648682,0.03363941913384687,0.0,0.0,0.0,0.0
2024,target_nicu,0.1,124,310915,260030,351034,43230,53677,49347,60945,0.019674187478892935,0.03360082337616391,0.0037019764244246856,0.03360082337616391,0.02337616390331762,0.019674187478892935,0.03730279980058859,0.021525175691105278,0.03545181158837625,0.05697698727948153,0.0,0.0,0.0,0.0
2024,target_nicu,0.05,125,310377,130015,175517,26335,32636,29391,36619,0.00984609039973966,0.02030111767302345,0.0029866903797639704,0.02030111767302345,0.01283278077950363,0.00984609039973966,0.02328780805278742,0.011339435589621645,0.021794462862905435,0.03313389845252708,0.0,0.0,0.0,0.0
2024,target_nicu,0.1,125,310377,260030,351034,42973,53282,48891,60467,0.019067134484836185,0.03321444565802234,0.004082132374499392,0.03321444565802234,0.023149266859335577,0.019067134484836185,0.03729657803252173,0.02110820067208588,0.035255511845272036,0.05636371251735792,0.0,0.0,0.0,0.0
2024,target_nicu,0.05,126,310776,130015,175517,26102,32340,29517,36627,0.010988622030015188,0.020072335058048243,0.0028058794758926003,0.020072335058048243,0.013794501505907789,0.010988622030015188,0.022878214533940844,0.012391561767961488,0.021475274795994544,0.03386683656395603,0.0,0.0,0.0,0.0
2024,target_nicu,0.1,126,310776,260030,351034,42677,53025,48779,60395,0.01963472082786316,0.03329729451437691,0.004080109146137406,0.03329729451437691,0.023714829974000567,0.01963472082786316,0.03737740366051431,0.021674775400931864,0.03533734908744561,0.057012124488377475,0.0,0.0,0.0,0.0
2024,target_nicu,0.05,127,310339,130015,175517,25914,32340,29166,36416,0.010478863436435643,0.02070638881996785,0.002655160969133749,0.02070638881996785,0.013134024405569392,0.010478863436435643,0.0233615497891016,0.011806443921002517,0.022033969304534724,0.03384041322553724,0.0,0.0,0.0,0.0
2024,target_nicu,0.1,127,310339,260030,351034,42836,53150,48761,60590,0.019092025172472687,0.03323462407238534,0.00488175833523985,0.03323462407238534,0.023973783507712537,0.019092025172472687,0.03811638240762519,0.021532904340092612,0.03567550324000526,0.057208407580097875,0.0,0.0,0.0,0.0
2024,target_nicu,0.05,128,309861,130015,175517,26257,32554,29202,36552,0.009504261588260537,0.0203220153552722,0.0033982979464985963,0.0203220153552722,0.012902559534759134,0.009504261588260537,0.023720313301770796,0.011203410561509836,0.022021164328521498,0.03322457489003133,0.0,0.0,0.0,0.0
2024,target_nicu,0.1,128,309861,260030,351034,42998,53425,48809,60444,0.01875357014919593,0.033650572353410096,0.003898522240617569,0.033650572353410096,0.0226520923898135,0.01875357014919593,0.037549094594027665,0.020702831269504715,0.03559983347371888,0.056302664743223596,0.0,0.0,0.0,0.0
2024,target_nicu,0.05,129,311268,130015,175517,26556,32775,29424,36859,0.009213924977832605,0.019979567446701874,0.003906601385301425,0.019979567446701874,0.01312052636313403,0.009213924977832605,0.0238861688320033,0.011167225670483318,0.021932868139352586,0.033100093809835904,0.0,0.0,0.0,0.0
2024,target_nicu,0.1,129,311268,260030,351034,43231,53772,49126,60935,0.01893866378811826,0.03386470822570903,0.004073659997172879,0.03386470822570903,0.02301232378529114,0.01893866378811826,0.03793836822288191,0.0209754937867047,0.03590153822429547,0.05687703201100017,0.0,0.0,0.0,0.0
2024,target_nicu,0.05,130,310536,130015,175517,26141,32501,29171,36501,0.009757322822474684,0.020480717211531024,0.0031236313986140185,0.020480717211531024,0.012880954221088703,0.009757322822474684,0.023604348610145043,0.011319138521781694,0.022042532910838034,0.03336167143261973,0.0,0.0,0.0,0.0
2024,target_nicu,0.1,130,310536,260030,351034,43036,53506,48819,60515,0.018622639565138988,0.033715897673699674,0.0039480124687636675,0.033715897673699674,0.022570652033902655,0.018622639565138988,0.03766391014246334,0.02059664579952082,0.03568990390808151,0.05628654970760233,0.0,0.0,0.0,0.0
2024,target_nicu,0.05,131,311126,130015,175517,26378,32652,29505,36862,0.010050590436029128,0.020165463509960596,0.00348090484241112,0.020165463509960596,0.013531495278440248,0.010050590436029128,0.023646368352371716,0.011791042857234688,0.021905915931166156,0.033696958788400844,0.0,0.0,0.0,0.0
2024,target_nicu,0.1,131,311126,260030,351034,43026,53413,49132,60912,0.01962548935158101,0.033385187994574544,0.0044772857298972235,0.033385187994574544,0.024102775081478234,0.01962548935158101,0.03786247372447177,0.021864132216529622,0.035623830859523156,0.05748796307605278,0.0,0.0,0.0,0.0
2024,target_nicu,0.05,132,309947,130015,175517,26239,32520,29266,36507,0.009766185831771232,0.02026475494197394,0.00309730373257365,0.02026475494197394,0.012863489564344882,0.009766185831771232,0.02336205867454759,0.011314837698058057,0.021813406808260764,0.03312824450631882,0.0,0.0,0.0,0.0
2024,target_nicu,0.1,132,309947,260030,351034,42724,53119,48690,60240,0.019248452154723233,0.0335379919792739,0.003726443553252634,0.0335379919792739,0.022974895707975868,0.019248452154723233,0.037264435532526535,0.02111167393134955,0.03540121375590022,0.05651288768724977,0.0,0.0,0.0,0.0
2024,target_nicu,0.05,133,310753,130015,175517,26199,32450,29242,36570,0.009792343114949809,0.02011565455522553,0.003465775068945437,0.02011565455522553,0.013258118183895246,0.009792343114949809,0.023581429624170966,0.011525230649422527,0.021848542089698247,0.033373772739120774,0.0,0.0,0.0,0.0
2024,target_nicu,0.1,133,310753,260030,351034,42839,53235,48685,60350,0.018812368665789225,0.03345422248538227,0.004083629120233773,0.03345422248538227,0.022895997786022998,0.018812368665789225,0.03753785160561604,0.02085418322590611,0.035496037045499154,0.056350220271405266,0.0,0.0,0.0,0.0
2024,target_nicu,0.05,134,310617,130015,175517,26171,32439,29091,36496,0.009400644523641657,0.020179191737734886,0.0036604564463632167,0.020179191737734886,0.013061100970004874,0.009400644523641657,0.023839648184098103,0.011230872746823266,0.022009419960916494,0.03324029270773976,0.0,0.0,0.0,0.0
2024,target_nicu,0.1,134,310617,260030,351034,42957,53197,48624,60426,0.01824433305324563,0.0329666438089351,0.005028700940386405,0.0329666438089351,0.023273033993632036,0.01824433305324563,0.03799534474932151,0.020758683523438834,0.035480994279128306,0.05623967780256714,0.0,0.0,0.0,0.0
2024,target_nicu,0.05,135,310177,130015,175517,26181,32439,29302,36705,0.010061996859857439,0.02017557717045429,0.003691440693539494,0.02017557717045429,0.013753437553396933,0.010061996859857439,0.023867017863993784,0.011907717206627186,0.022021297517224037,0.03392901472385122,0.0,0.0,0.0,0.0
2024,target_nicu,0.1,135,310177,260030,351034,42971,53293,48921,60673,0.019182595743720526,0.03327777365826609,0.004610270909835346,0.03327777365826609,0.023792866653555872,0.019182595743720526,0.03788804456810144,0.0214877311986382,0.035582909113183764,0.05707064031182196,0.0,0.0,0.0,0.0
2024,target_nicu,0.05,136,310051,130015,175517,26402,32653,29545,36910,0.01013704197051453,0.02016119928656898,0.003592957287672033,0.02016119928656898,0.013729999258186562,0.01013704197051453,0.023754156574241014,0.011933520614350546,0.021957677930404998,0.033891198544755544,0.0,0.0,0.0,0.0
2024,target_nicu,0.1,136,310051,260030,351034,43172,53492,49093,60975,0.019096858258802585,0.03328484668651285,0.005037880864760952,0.03328484668651285,0.024134739123563537,0.019096858258802585,0.038322727551273805,0.02161579869118306,0.03580378711889333,0.05741958581007639,0.0,0.0,0.0,0.0
2024,target_nicu,0.05,137,310886,130015,175517,26080,32429,29195,36540,0.010019750004824926,0.020422276976126294,0.0032037467110130335,0.020422276976126294,0.01322349671583796,0.010019750004824926,0.023626023687139328,0.011621623360331443,0.02202415033163281,0.033645773691964254,0.0,0.0,0.0,0.0
2024,target_nicu,0.1,137,310886,260030,351034,42928,53455,48880,60624,0.019145281550150217,0.033861286773929994,0.003914618220183602,0.033861286773929994,0.02305989977033382,0.019145281550150217,0.037775904994113596,0.021102590660242018,0.035818595884021795,0.05692118654426381,0.0,0.0,0.0,0.0
2024,target_nicu,0.05,138,309850,130015,175517,26179,32558,29101,36353,0.009430369533645316,0.020587380990802012,0.0028174923350007958,0.020587380990802012,0.012247861868646112,0.009430369533645316,0.023404873325802808,0.010839115701145714,0.02199612715830241,0.032835242859448124,0.0,0.0,0.0,0.0
2024,target_nicu,0.1,138,309850,260030,351034,42987,53532,48483,60292,0.01773761497498791,0.034032596417621436,0.004079393254800695,0.034032596417621436,0.021817008229788604,0.01773761497498791,0.03811198967242213,0.019777311602388256,0.03607229304502178,0.05584960464741004,0.0,0.0,0.0,0.0
2024,target_nicu,0.05,139,311117,130015,175517,26159,32558,29254,36652,0.009948025983793879,0.02056782496617028,0.003211010648727003,0.02056782496617028,0.013159036632520882,0.009948025983793879,0.023778835614897284,0.01155353130815738,0.022173330290533783,0.03372686159869116,0.0,0.0,0.0,0.0
2024,target_nicu,0.1,139,311117,260030,351034,43251,53588,49085,61002,0.018751787912585943,0.033225442518409476,0.005078475300288959,0.033225442518409476,0.023830263212874903,0.018751787912585943,0.038303917818698435,0.021291025562730423,0.035764680168553956,0.05705570573128438,0.0,0.0,0.0,0.0
2024,target_nicu,0.05,140,311245,130015,175517,26268,32528,29222,36548,0.009490915516715132,0.020112772895950135,0.003424954617744863,0.020112772895950135,0.012915870134459995,0.009490915516715132,0.023537727513694998,0.011203392825587563,0.021825250204822566,0.03302864303041013,0.0,0.0,0.0,0.0
2024,target_nicu,0.1,140,311245,260030,351034,43034,53667,48769,60582,0.018425998811225863,0.034162797795948524,0.0037912255618564317,0.034162797795948524,0.022217224373082295,0.018425998811225863,0.037954023357804956,0.02032161159215408,0.03605841057687674,0.05638002216903082,0.0,0.0,0.0,0.0
2024,target_nicu,0.05,141,310149,130015,175517,25757,32033,28963,36066,0.010336967070666031,0.02023543522629445,0.002666460314236077,0.02023543522629445,0.013003427384902108,0.010336967070666031,0.02290189554053053,0.01167019722778407,0.02156866538341249,0.03323886261119656,0.0,0.0,0.0,0.0
2024,target_nicu,0.1,141,310149,260030,351034,42469,52922,48288,60122,0.01876194990149896,0.0337031555800599,0.004452698541668687,0.0337031555800599,0.023214648443167646,0.01876194990149896,0.03815585412172859,0.020988299172333302,0.035929504850894245,0.05691780402322755,0.0,0.0,0.0,0.0
2024,target_nicu,0.05,142,310051,130015,175517,26175,32424,29401,36643,0.010404739865376988,0.020154748734885555,0.0032026989108243503,0.020154748734885555,0.013607438776201339,0.010404739865376988,0.023357447645709906,0.012006089320789164,0.02175609819029773,0.033762187511086894,0.0,0.0,0.0,0.0
2024,target_nicu,0.1,142,310051,260030,351034,42751,53364,48866,60441,0.01972256177209558,0.03422985250813576,0.0031027153597311397,0.03422985250813576,0.02282527713182672,0.01972256177209558,0.0373325678678669,0.02127391945196115,0.03578121018800133,0.05705512963996248,0.0,0.0,0.0,0.0
2024,target_nicu,0.05,143,311481,130015,175517,26444,32673,29674,36984,0.010369813889129678,0.019998009509408277,0.003470516660727299,0.019998009509408277,0.013840330549856977,0.010369813889129678,0.023468526170135576,0.012105072219493328,0.021733267839771926,0.033838340059265254,0.0,0.0,0.0,0.0
2024,target_nicu,0.1,143,311481,260030,351034,43108,53574,49229,60954,0.01965127889020518,0.033600765375737224,0.004041980088673125,0.033600765375737224,0.023693258978878307,0.01965127889020518,0.03764274546441035,0.021672268934541744,0.035621755420073786,0.05729402435461553,0.0,0.0,0.0,0.0
2024,target_nicu,0.05,144,310359,130015,175517,26161,32524,29227,36525,0.009878882197712963,0.02050206373908925,0.003012640200541955,0.02050206373908925,0.012891522398254918,0.009878882197712963,0.023514703939631204,0.01138520229798394,0.022008383839360227,0.03339358613734417,0.0,0.0,0.0,0.0
2024,target_nicu,0.1,144,310359,260030,351034,42971,53235,48786,60376,0.01873636659481437,0.03307137862926482,0.004272471557132229,0.03307137862926482,0.023008838151946598,0.01873636659481437,0.03734385018639705,0.020872602373380483,0.035207614407830934,0.05608021678121142,0.0,0.0,0.0,0.0
2024,target_nicu,0.05,145,310763,130015,175517,26169,32502,29148,36489,0.009586083285333197,0.020378873932868455,0.0032436293895991564,0.020378873932868455,0.012829712674932353,0.009586083285333197,0.02362250332246761,0.011207897980132775,0.022000688627668033,0.03320858660780081,0.0,0.0,0.0,0.0
2024,target_nicu,0.1,145,310763,260030,351034,42943,53399,48846,60627,0.01899518282421009,0.03364621914449273,0.004263699346447297,0.03364621914449273,0.023258882170657386,0.01899518282421009,0.037909918490940026,0.021127032497433737,0.03577806881771638,0.056905101315150114,0.0,0.0,0.0,0.0
2024,target_nicu,0.05,146,311122,130015,175517,26319,32625,29240,36582,0.00938859997042961,0.020268576314114717,0.0033298834540791133,0.020268576314114717,0.012718483424508722,0.00938859997042961,0.02359845976819383,0.011053541697469166,0.021933518041154274,0.03298705973862344,0.0,0.0,0.0,0.0
2024,target_nicu,0.1,146,311122,260030,351034,43133,53384,48860,60611,0.01840757002076357,0.03294848966000477,0.004821259827334584,0.03294848966000477,0.023228829848098154,0.01840757002076357,0.037769749487339355,0.02081819993443086,0.03535911957367206,0.056177319508102924,0.0,0.0,0.0,0.0
2024,target_nicu,0.05,147,310585,130015,175517,26407,32654,29389,36780,0.00960123637651529,0.020113656486952042,0.0036833717017885487,0.020113656486952042,0.013284608078303839,0.00960123637651529,0.02379702818874059,0.011442922227409565,0.021955342337846316,0.03339826456525588,0.0,0.0,0.0,0.0
2024,target_nicu,0.1,147,310585,260030,351034,43075,53372,48951,60665,0.018919136468277614,0.033153565046605604,0.004562358130624472,0.033153565046605604,0.023481494598902086,0.018919136468277614,0.037715923177230076,0.02120031553358985,0.03543474411191784,0.05663505964550769,0.0,0.0,0.0,0.0
2024,target_nicu,0.05,148,311072,130015,175517,26361,32667,29353,36758,0.009618352021396978,0.020271834173438946,0.003532944141549227,0.020271834173438946,0.013151296162946205,0.009618352021396978,0.023804778314988173,0.011384824092171592,0.02203830624421356,0.03342313033638515,0.0,0.0,0.0,0.0
2024,target_nicu,0.1,148,311072,260030,351034,43027,53218,48970,60627,0.01910490175907828,0.032760904227960075,0.004712735315296784,0.032760904227960075,0.023817637074375064,0.01910490175907828,0.03747363954325686,0.021461269416726672,0.03511727188560847,0.05657854130233514,0.0,0.0,0.0,0.0
2024,target_nicu,0.05,149,311228,130015,175517,26286,32582,29467,36699,0.010220802755536135,0.020229542329096364,0.0030074414898402374,0.020229542329096364,0.013228244245376372,0.010220802755536135,0.023236983818936602,0.011724523500456253,0.021733263074016483,0.033457786574472737,0.0,0.0,0.0,0.0
2024,target_nicu,0.1,149,311228,260030,351034,43096,53509,49023,60769,0.019043916357140117,0.033457786574472737,0.004283033660210517,0.033457786574472737,0.023326950017350634,0.019043916357140117,0.03774082023468325,0.021185433187245375,0.035599303404577995,0.05678473659182337,0.0,0.0,0.0,0.0
2024,target_nicu,0.05,150,310615,130015,175517,26266,32592,29382,36599,0.010031711282455766,0.020366048001545317,0.00286850280894356,0.020366048001545317,0.012900214091399326,0.010031711282455766,0.023234550810488877,0.011465962686927546,0.021800299406017097,0.03326626209294464,0.0,0.0,0.0,0.0
2024,target_nicu,0.1,150,310615,260030,351034,43094,53493,48917,60617,0.018746679973600744,0.03347874378249602,0.004188464819792986,0.03347874378249602,0.02293514479339373,0.018746679973600744,0.037667208602289004,0.020840912383497237,0.03557297619239251,0.05641388857588975,0.0,0.0,0.0,0.0
2024,target_nicu,0.05,151,311060,130015,175517,26582,32812,29570,36879,0.009605863820484797,0.02002829036198804,0.0034687841573972783,0.02002829036198804,0.013074647977882076,0.009605863820484797,0.02349707451938532,0.011340255899183437,0.02176268244068668,0.03310293833987012,0.0,0.0,0.0,0.0
2024,target_nicu,0.1,151,311060,260030,351034,43204,53518,48956,60738,0.018491609335819448,0.03315759017552883,0.004719346749823189,0.03315759017552883,0.023210956085642637,0.018491609335819448,0.03787693692535202,0.020851282710731042,0.03551726355044042,0.056368546261171465,0.0,0.0,0.0,0.0
2024,target_nicu,0.05,152,310573,130015,175517,26154,32450,29277,36539,0.010055606894353336,0.02027220653437356,0.0031103798462841226,0.02027220653437356,0.013165986740637459,0.010055606894353336,0.023382586380657683,0.011610796817495397,0.02182739645751562,0.03343819327501102,0.0,0.0,0.0,0.0
2024,target_nicu,0.1,152,310573,260030,351034,42912,53216,48729,60524,0.018729896030884846,0.03317738502703069,0.004800803675786364,0.03317738502703069,0.02353069970667121,0.018729896030884846,0.03797818870281705,0.021130297868778028,0.03557778686492387,0.0567080847337019,0.0,0.0,0.0,0.0
2024,target_nicu,0.05,153,310316,130015,175517,26123,32350,29141,36505,0.00972557006406373,0.02006664174583328,0.003664007012206913,0.02006664174583328,0.013389577076270642,0.00972557006406373,0.023730648758040193,0.011557573570167186,0.021898645251936737,0.03345621882210392,0.0,0.0,0.0,0.0
2024,target_nicu,0.1,153,310316,260030,351034,42690,53106,48817,60558,0.019744389589966355,0.03356578455509868,0.004269841065236729,0.03356578455509868,0.024014230655203084,0.019744389589966355,0.037835625620335406,0.02187931012258472,0.03570070508771704,0.05758001521030176,0.0,0.0,0.0,0.0
2024,target_nicu,0.05,154,310590,130015,175517,26132,32469,29013,36274,0.009275894265752274,0.020403103770243722,0.0029749830966869506,0.020403103770243722,0.012250877362439225,0.009275894265752274,0.023378086866930672,0.01076338581409575,0.021890595318587197,0.03265398113268295,0.0,0.0,0.0,0.0
2024,target_nicu,0.1,154,310590,260030,351034,42856,53007,48497,60215,0.0181622074117003,0.03268295824076756,0.005045236485398785,0.03268295824076756,0.023207443897099084,0.0181622074117003,0.03772819472616634,0.02068482565439969,0.03520557648346695,0.05589040213786664,0.0,0.0,0.0,0.0
2024,target_nicu,0.05,155,310831,130015,175517,26006,32445,29048,36360,0.00978666863987182,0.02071543700596143,0.002808600171797543,0.02071543700596143,0.012595268811669363,0.00978666863987182,0.023524037177758972,0.011190968725770592,0.0221197370918602,0.03331070581763079,0.0,0.0,0.0,0.0
2024,target_nicu,0.1,155,310831,260030,351034,42900,53325,48752,60498,0.018826950979792895,0.03353912576287438,0.004249897854461088,0.03353912576287438,0.023076848834253982,0.018826950979792895,0.037789023617335465,0.02095189990702344,0.03566407469010492,0.05661597459712836,0.0,0.0,0.0,0.0
2024,target_nicu,0.05,156,310143,130015,175517,26127,32482,29257,36507,0.010092118796813085,0.020490547908545417,0.0028857655984497466,0.020490547908545417,0.012977884395262831,0.010092118796813085,0.023376313506995164,0.011535001596037958,0.02193343070777029,0.03346843230380825,0.0,0.0,0.0,0.0
2024,target_nicu,0.1,156,310143,260030,351034,43133,53589,48903,60684,0.018604321232463722,0.033713480555743636,0.004272222813347409,0.033713480555743636,0.02287654404581113,0.018604321232463722,0.037985703369091045,0.020740432639137427,0.03584959196241734,0.05659002460155477,0.0,0.0,0.0,0.0
2024,target_nicu,0.05,157,311535,130015,175517,26144,32438,29228,36447,0.009899369252250947,0.020203187442823442,0.002969168793233501,0.020203187442823442,0.012868538045484448,0.009899369252250947,0.023172356236056943,0.011383953648867698,0.021687771839440192,0.03307172548830789,0.0,0.0,0.0,0.0
2024,target_nicu,0.1,157,311535,260030,351034,42947,53211,48661,60452,0.0183414383616608,0.03294653891216076,0.004901535942991947,0.03294653891216076,0.023242974304652747,0.0183414383616608,0.03784807485515271,0.020792206333156774,0.035397306883656734,0.05618951321681351,0.0,0.0,0.0,0.0
2024,target_nicu,0.05,158,310666,130015,175517,26337,32695,29282,36625,0.009479634076467972,0.02046570915388231,0.0031706076622482066,0.02046570915388231,0.012650241738716178,0.009479634076467972,0.023636316816130515,0.011064937907592075,0.02205101298500641,0.033115950892598486,0.0,0.0,0.0,0.0
2024,target_nicu,0.1,158,310666,260030,351034,43016,53393,48914,60668,0.018985019281157256,0.0334024321940605,0.004432412945092168,0.0334024321940605,0.023417432226249424,0.018985019281157256,0.03783484513915267,0.02120122575370334,0.035618638666606584,0.05681986442030992,0.0,0.0,0.0,0.0
2024,target_nicu,0.05,159,311233,130015,175517,26357,32774,29366,36753,0.009667997930810676,0.02061799359322436,0.0031166360893607192,0.02061799359322436,0.012784634020171395,0.009667997930810676,0.02373462968258508,0.011226315975491036,0.02217631163790472,0.033402627613395755,0.0,0.0,0.0,0.0
2024,target_nicu,0.1,159,311233,260030,351034,43316,53665,49142,61018,0.01871909469754171,0.033251615349272096,0.004906292070570917,0.033251615349272096,0.023625386768112627,0.01871909469754171,0.03815790741984301,0.02117224073282717,0.035704761384557554,0.05687700211738472,0.0,0.0,0.0,0.0
2024,target_nicu,0.05,160,311090,130015,175517,26206,32521,29153,36456,0.009473142820405664,0.020299591758012145,0.003175929795236121,0.020299591758012145,0.012649072615641785,0.009473142820405664,0.023475521553248266,0.011061107718023724,0.021887556655630205,0.03294866437365393,0.0,0.0,0.0,0.0
2024,target_nicu,0.1,160,311090,260030,351034,43080,53360,48763,60607,0.01826802533029026,0.03304509948889389,0.005027484007843391,0.03304509948889389,0.023295509338133652,0.01826802533029026,0.03807258349673728,0.020781767334211956,0.03555884149281559,0.056340608827027544,0.0,0.0,0.0,0.0
2024,target_nicu,0.05,161,310854,130015,175517,26186,32422,29283,36623,0.009962876462905418,0.020060864585947094,0.0035515064950105146,0.020060864585947094,0.013514382957915932,0.009962876462905418,0.02361237108095761,0.011738629710410675,0.02183661783345235,0.03357524754386303,0.0,0.0,0.0,0.0
2024,target_nicu,0.1,161,310854,260030,351034,42768,53305,48808,60486,0.01943034350531117,0.033896941972758915,0.0036705334337019946,0.033896941972758915,0.023100876939013165,0.01943034350531117,0.03756747540646091,0.021265610222162168,0.03573220868960991,0.05699781891177208,0.0,0.0,0.0,0.0
2024,target_nicu,0.05,162,309638,130015,175517,26390,32711,29540,36872,0.010173169959759462,0.020414161052583993,0.003265103120418028,0.020414161052583993,0.01343827308017749,0.010173169959759462,0.02367926417300202,0.011805721519968476,0.022046712612793007,0.03385243413276148,0.0,0.0,0.0,0.0
2024,target_nicu,0.1,162,309638,260030,351034,43222,53522,49184,61029,0.01925474263494789,0.033264650979530935,0.004989697646929636,0.033264650979530935,0.024244440281877527,0.01925474263494789,0.03825434862646057,0.02174959145841271,0.03575949980299575,0.05750909126140846,0.0,0.0,0.0,0.0
2024,target_nicu,0.05,163,310339,130015,175517,26037,32408,29270,36536,0.010417640064574546,0.020529163269843623,0.0028839430429304785,0.020529163269843623,0.013301583107505024,0.010417640064574546,0.0234131063127741,0.011859611586039785,0.021971134791308862,0.03383074637734865,0.0,0.0,0.0,0.0
2024,target_nicu,0.1,163,310339,260030,351034,42823,52992,48898,60546,0.01957536758190237,0.03276739307660331,0.004765756156976747,0.03276739307660331,0.024341123738879117,0.01957536758190237,0.03753314923358006,0.021958245660390743,0.035150271155091686,0.05710851681548243,0.0,0.0,0.0,0.0
2024,target_nicu,0.05,164,310131,130015,175517,26352,32743,29302,36747,0.00951210939893142,0.02060742073510871,0.0033985638327029555,0.02060742073510871,0.012910673231634376,0.00951210939893142,0.024005984567811667,0.011211391315282898,0.02230670265146019,0.03351809396674309,0.0,0.0,0.0,0.0
2024,target_nicu,0.1,164,310131,260030,351034,43194,53569,49062,60807,0.018921036594213403,0.033453605089462185,0.00441748809374104,0.033453605089462185,0.023338524687954443,0.018921036594213403,0.037871093183203225,0.021129780641083923,0.035662349136332705,0.05679212977741663,0.0,0.0,0.0,0.0
2024,target_nicu,0.05,165,310040,130015,175517,26279,32505,29223,36462,0.009495548961424335,0.020081279834860022,0.00326732034576184,0.020081279834860022,0.012762869307186175,0.009495548961424335,0.023348600180621862,0.011129209134305255,0.021714940007740942,0.0328441491420462,0.0,0.0,0.0,0.0
2024,target_nicu,0.1,165,310040,260030,351034,42903,53295,48767,60367,0.01891368855631531,0.03351825570894079,0.003896271448845301,0.03351825570894079,0.022809960005160612,0.01891368855631531,0.03741452715778609,0.02086182428073796,0.03546639143336344,0.056328215714101404,0.0,0.0,0.0,0.0
2024,target_nicu,0.05,166,310477,130015,175517,26229,32676,29241,36655,0.009701201699320719,0.020764823159203416,0.003114562431355633,0.020764823159203416,0.012815764130676352,0.009701201699320719,0.02387938559055905,0.011258482914998535,0.022322104374881233,0.03358058728987977,0.0,0.0,0.0,0.0
2024,target_nicu,0.1,166,310477,260030,351034,43375,53709,49091,60937,0.018410381445324475,0.0332842690440838,0.004869925952647014,0.0332842690440838,0.02328030739797149,0.018410381445324475,0.03815419499673081,0.020845344421647982,0.035719232020407304,0.05656457644205529,0.0,0.0,0.0,0.0
2024,target_nicu,0.05,167,310573,130015,175517,26262,32456,29247,36586,0.009611266916312755,0.01994378133321313,0.00368673387577155,0.01994378133321313,0.013298000792084305,0.009611266916312755,0.02363051520898468,0.01145463385419853,0.021787148271098906,0.03324178212529744,0.0,0.0,0.0,0.0
2024,target_nicu,0.1,167,310573,260030,351034,42881,53296,48795,60540,0.019042221957478594,0.03353478892241116,0.004282407034739033,0.03353478892241116,0.023324628992217628,0.019042221957478594,0.03781719595715019,0.02118342547484811,0.035675992439780674,0.056859417914628785,0.0,0.0,0.0,0.0
2024,target_nicu,0.05,168,310250,130015,175517,26167,32440,29309,36589,0.010127316680096698,0.020219178082191785,0.003245769540692986,0.020219178082191785,0.013373086220789684,0.010127316680096698,0.02346494762288477,0.011750201450443191,0.02184206285253828,0.03359226430298147,0.0,0.0,0.0,0.0
2024,target_nicu,0.1,168,310250,260030,351034,43004,53167,48805,60697,0.018697824335213525,0.03275745366639807,0.0055729250604351355,0.03275745366639807,0.02427074939564866,0.018697824335213525,0.0383303787268332,0.021484286865431093,0.035543916196615635,0.05702820306204673,0.0,0.0,0.0,0.0
2024,target_nicu,0.05,169,310645,130015,175517,26228,32587,29446,36749,0.010359091567544956,0.020470311770670713,0.0030388385456067007,0.020470311770670713,0.013397930113151657,0.010359091567544956,0.023509150316277413,0.011878510840348307,0.021989731043474063,0.03386824188382237,0.0,0.0,0.0,0.0
2024,target_nicu,0.1,169,310645,260030,351034,42897,53269,49056,60706,0.019826490044906553,0.03338859469812808,0.004114020827632847,0.03338859469812808,0.0239405108725394,0.019826490044906553,0.037502615525760924,0.021883500458722976,0.0354456051119445,0.05732910557066748,0.0,0.0,0.0,0.0
2024,target_nicu,0.05,170,311807,130015,175517,26479,32767,29331,36817,0.009146683685741494,0.02016632083307944,0.0038421202859461184,0.02016632083307944,0.012988803971687612,0.009146683685741494,0.02400844111902556,0.011067743828714553,0.0220873809760525,0.03315512480476705,0.0,0.0,0.0,0.0
2024,target_nicu,0.1,170,311807,260030,351034,43174,53567,49138,60781,0.01912721651534441,0.03333151596981465,0.004008890114718416,0.03333151596981465,0.023136106630062825,0.01912721651534441,0.03734040608453307,0.021131661572703617,0.03533596102717386,0.056467622599877476,0.0,0.0,0.0,0.0
2024,target_nicu,0.05,171,310213,130015,175517,26206,32367,29511,36790,0.010653970014151568,0.019860547430314013,0.0036039753330775887,0.019860547430314013,0.014257945347229156,0.010653970014151568,0.0234645227633916,0.012455957680690362,0.021662535096852807,0.03411849277754317,0.0,0.0,0.0,0.0
2024,target_nicu,0.1,171,310213,260030,351034,42812,53142,48831,60429,0.01940279743273171,0.03329970052834666,0.004087514062918046,0.03329970052834666,0.023490311495649757,0.01940279743273171,0.037387214591264706,0.021446554464190734,0.03534345755980568,0.05679001202399642,0.0,0.0,0.0,0.0
2024,target_nicu,0.05,172,310791,130015,175517,26083,32342,28941,36326,0.00919589048588923,0.020138935812169592,0.0036230135364280214,0.020138935812169592,0.012818904022317251,0.00919589048588923,0.023761949348597614,0.01100739725410324,0.021950442580383603,0.03295783983448684,0.0,0.0,0.0,0.0
2024,target_nicu,0.1,172,310791,260030,351034,42736,52979,48569,60168,0.01876823974954231,0.03295783983448686,0.0043630607063910865,0.03295783983448686,0.023131300455933396,0.01876823974954231,0.037320900540877944,0.020949770102737852,0.0351393701876824,0.05608914029042025,0.0,0.0,0.0,0.0
2024,target_nicu,0.05,173,310719,130015,175517,26368,32608,29610,36796,0.010433864681593338,0.02008245392138877,0.0030445515079541297,0.02008245392138877,0.013478416189547468,0.010433864681593338,0.0231270054293429,0.011956140435570403,0.021604729675365836,0.03356087011093624,0.0,0.0,0.0,0.0
2024,target_nicu,0.1,173,310719,260030,351034,42996,53330,49006,60645,0.019342235267235025,0.03325834596532559,0.004199936276828908,0.03325834596532559,0.023542171544063933,0.019342235267235025,0.0374582822421545,0.02144220340564948,0.035358314103740046,0.056800517509389525,0.0,0.0,0.0,0.0
2024,target_nicu,0.05,174,311281,130015,175517,26218,32513,29312,36608,0.009939572283563722,0.020222885431491158,0.0032157439740941596,0.020222885431491158,0.013155316257657881,0.009939572283563722,0.023438629405585318,0.011547444270610802,0.021830757418538238,0.03337820168914904,0.0,0.0,0.0,0.0
2024,target_nicu,0.1,174,311281,260030,351034,43042,53390,48928,60599,0.018908960071446712,0.03324327536855767,0.004250179098627932,0.03324327536855767,0.023159139170074644,0.018908960071446712,0.037493454467185605,0.021034049620760678,0.03536836491787164,0.05640241453863232,0.0,0.0,0.0,0.0
2024,target_nicu,0.05,175,311475,130015,175517,26385,32770,29388,36720,0.009641223212135813,0.02049923749899671,0.0030403724215426614,0.02049923749899671,0.012681595633678475,0.009641223212135813,0.02353960992053937,0.011161409422907144,0.02201942370976804,0.03318083313267518,0.0,0.0,0.0,0.0
2024,target_nicu,0.1,175,311475,260030,351034,43310,53735,49041,60860,0.018399550525724367,0.03346978088129063,0.004475479572999458,0.03346978088129063,0.022875030098723825,0.018399550525724367,0.037945260454290086,0.020637290312224096,0.03570752066779036,0.056344810980014454,0.0,0.0,0.0,0.0
2024,target_nicu,0.05,176,310592,130015,175517,25947,32325,29214,36411,0.010518622501545435,0.020534978363898615,0.0026368998557593226,0.020534978363898615,0.013155522357304758,0.010518622501545435,0.023171878219657938,0.011837072429425097,0.021853428291778276,0.03369050072120337,0.0,0.0,0.0,0.0
2024,target_nicu,0.1,176,310592,260030,351034,42832,53276,48814,60570,0.019259993818256743,0.033626107562332586,0.004224191221924578,0.033626107562332586,0.02348418504018132,0.019259993818256743,0.037850298784257164,0.021372089429219032,0.035738203173294875,0.05711029260251391,0.0,0.0,0.0,0.0
2024,target_nicu,0.05,177,309425,130015,175517,25827,32066,29146,36334,0.010726347257008967,0.02016320594651369,0.003066979074089038,0.02016320594651369,0.013793326331098005,0.010726347257008967,0.02323018502060273,0.012259836794053486,0.02169669548355821,0.033956532277611695,0.0,0.0,0.0,0.0
2024,target_nicu,0.1,177,309425,260030,351034,42464,52763,48452,60125,0.01935202391532681,0.033284317686030546,0.004440494465540928,0.033284317686030546,0.02379251838086774,0.01935202391532681,0.037724812151571474,0.021572271148097275,0.03550456491880101,0.057076836066898284,0.0,0.0,0.0,0.0
2024,target_nicu,0.05,178,310838,130015,175517,26137,32377,29194,36477,0.009834704894510979,0.02007476563354546,0.003355445601889065,0.02007476563354546,0.013190150496400044,0.009834704894510979,0.023430211235434525,0.011512427695455511,0.021752488434489993,0.033264916129945504,0.0,0.0,0.0,0.0
2024,target_nicu,0.1,178,310838,260030,351034,42762,53186,48593,60415,0.018758967693782602,0.03353515335962784,0.004497519608284706,0.03353515335962784,0.023256487302067308,0.018758967693782602,0.038032672967912545,0.021007727497924955,0.03578391316377019,0.05679164066169515,0.0,0.0,0.0,0.0
2024,target_nicu,0.05,179,309809,130015,175517,25848,32103,28868,36072,0.009747941473617613,0.020189858913072248,0.003063177635252684,0.020189858913072248,0.012811119108870297,0.009747941473617613,0.023253036548324932,0.011279530291243955,0.02172144773069859,0.033000978021942545,0.0,0.0,0.0,0.0
2024,target_nicu,0.1,179,309809,260030,351034,42508,52875,48358,59911,0.01888260186114671,0.03346255273410392,0.003828165095268371,0.03346255273410392,0.02271076695641508,0.01888260186114671,0.037290717829372294,0.020796684408780894,0.03537663528173811,0.056173319690519,0.0,0.0,0.0,0.0
2024,target_nicu,0.05,180,311692,130015,175517,26381,32563,29395,36734,0.009669802240673486,0.019833681968096706,0.0037119977413600652,0.019833681968096706,0.013381799982033551,0.009669802240673486,0.02354567970945677,0.011525801111353519,0.02168968083877674,0.03321548195013026,0.0,0.0,0.0,0.0
2024,target_nicu,0.1,180,311692,260030,351034,43033,53670,48905,60626,0.018839110403860243,0.034126637834785645,0.003477792179459177,0.034126637834785645,0.02231690258331942,0.018839110403860243,0.03760443001424482,0.02057800649358983,0.03586553392451523,0.056443540418105065,0.0,0.0,0.0,0.0
2024,target_nicu,0.05,181,310703,130015,175517,26225,32435,29418,36793,0.010276695107546432,0.019986932858710726,0.0037495614783249614,0.019986932858710726,0.014026256585871394,0.010276695107546432,0.023736494337035688,0.012151475846708913,0.021861713597873207,0.03401318944458212,0.0,0.0,0.0,0.0
2024,target_nicu,0.1,181,310703,260030,351034,42891,53117,48887,60668,0.019298172209473358,0.03291245980888502,0.005004779483944483,0.03291245980888502,0.02430295169341784,0.019298172209473358,0.0379172392928295,0.0218005619514456,0.03541484955085726,0.05721541150230286,0.0,0.0,0.0,0.0
2024,target_nicu,0.05,182,311351,130015,175517,26148,32486,29213,36535,0.009844195136678544,0.02035644658279563,0.0031604202331130954,0.02035644658279563,0.013004615369791639,0.009844195136678544,0.023516866815908727,0.011424405253235091,0.02193665669935218,0.03336106195258727,0.0,0.0,0.0,0.0
2024,target_nicu,0.1,182,311351,260030,351034,43077,53476,48790,60684,0.018349065845300022,0.03339960366274719,0.004801654724089527,0.03339960366274719,0.02315072056938955,0.018349065845300022,0.03820125838683672,0.020749893207344786,0.035800431024791954,0.05655032423213674,0.0,0.0,0.0,0.0
2024,target_nicu,0.05,183,311411,130015,175517,26314,32636,29419,36629,0.009970746055855448,0.02030114543160004,0.0028515370362639653,0.02030114543160004,0.012822283092119413,0.009970746055855448,0.023152682467864005,0.01139651457398743,0.021726913949732023,0.03312342852371945,0.0,0.0,0.0,0.0
2024,target_nicu,0.1,183,311411,260030,351034,43160,53610,48993,60640,0.018730873347441168,0.03355693922180014,0.00384379485631528,0.03355693922180014,0.02257466820375645,0.018730873347441168,0.03740073407811542,0.020652770775598808,0.03547883664995778,0.05613160742555659,0.0,0.0,0.0,0.0
2024,target_nicu,0.05,184,311089,130015,175517,26221,32593,29277,36607,0.009823555316967172,0.020482884319278402,0.003079504579075451,0.020482884319278402,0.012903059896042623,0.009823555316967172,0.023562388898353853,0.011363307606504898,0.022022636608816128,0.033385944215321026,0.0,0.0,0.0,0.0
2024,target_nicu,0.1,184,311089,260030,351034,43111,53464,48932,60751,0.018711687009183853,0.03327986524756582,0.004712477779670765,0.03327986524756582,0.023424164788854618,0.018711687009183853,0.037992343027236586,0.021067925899019235,0.0356361041374012,0.05670403003642044,0.0,0.0,0.0,0.0
2024,target_nicu,0.05,185,311060,130015,175517,26337,32604,29339,36681,0.00965087121455667,0.020147238474892304,0.003455924901948182,0.020147238474892304,0.013106796116504851,0.00965087121455667,0.023603163376840486,0.01137883366553076,0.021875200925866395,0.033254034591397155,0.0,0.0,0.0,0.0
2024,target_nicu,0.1,185,311060,260030,351034,42944,53377,48939,60449,0.019272809104352834,0.033540153025139824,0.0034623545296727787,0.033540153025139824,0.022735163634025612,0.019272809104352834,0.0370025075548126,0.021003986369189223,0.03527133028997621,0.056275316659165436,0.0,0.0,0.0,0.0
2024,target_nicu,0.05,186,310705,130015,175517,26141,32397,29091,36367,0.009494536618335728,0.02013485460485026,0.003282856729051667,0.02013485460485026,0.012777393347387395,0.009494536618335728,0.023417711333901928,0.011135964982861561,0.021776282969376094,0.032912247952237655,0.0,0.0,0.0,0.0
2024,target_nicu,0.1,186,310705,260030,351034,42718,53190,48613,60070,0.018972980801725103,0.03370399575159716,0.0031702096844273553,0.03370399575159716,0.02214319048615246,0.018972980801725103,0.036874205436024515,0.02055808564393878,0.03528910059381084,0.05584718623774962,0.0,0.0,0.0,0.0
2024,target_nicu,0.05,187,310420,130015,175517,26184,32450,29325,36631,0.010118549062560406,0.020185555054442375,0.0033502995940983132,0.020185555054442375,0.013468848656658719,0.010118549062560406,0.02353585464854069,0.011793698859609562,0.02186070485149153,0.033654403711101094,0.0,0.0,0.0,0.0
2024,target_nicu,0.1,187,310420,260030,351034,42766,53070,48905,60555,0.019776431930932287,0.03319373751691257,0.004336060820823412,0.03319373751691257,0.0241124927517557,0.019776431930932287,0.03752979833773598,0.021944462341343993,0.035361767927324275,0.05730623026866827,0.0,0.0,0.0,0.0
2024,target_nicu,0.05,188,310739,130015,175517,26424,32587,29323,36698,0.00932937288206502,0.01983336497832587,0.0039003794180968443,0.01983336497832587,0.013229752300161865,0.00932937288206502,0.023733744396422715,0.011279562591113443,0.021783554687374293,0.033063117278487736,0.0,0.0,0.0,0.0
2024,target_nicu,0.1,188,310739,260030,351034,43106,53373,48902,60667,0.0186523094944632,0.03304059033465384,0.004820765980453029,0.03304059033465384,0.023473075474916227,0.0186523094944632,0.03786135631510687,0.021062692484689713,0.035450973324880355,0.05651366580957007,0.0,0.0,0.0,0.0
2024,target_nicu,0.05,189,310280,130015,175517,26260,32439,29223,36533,0.009549439216191835,0.01991427098104938,0.003645094753126202,0.01991427098104938,0.013194533969318037,0.009549439216191835,0.02355936573417558,0.011371986592754936,0.02173681835761248,0.033108804950367415,0.0,0.0,0.0,0.0
2024,target_nicu,0.1,189,310280,260030,351034,42867,53221,48553,60354,0.018325383524558453,0.03336985948175841,0.0046635297150960375,0.03336985948175841,0.02298891323965449,0.018325383524558453,0.03803338919685445,0.02065714838210647,0.03570162433930643,0.0563587727214129,0.0,0.0,0.0,0.0
2024,target_nicu,0.05,190,310663,130015,175517,26277,32505,29409,36708,0.010081664053974884,0.020047446911927072,0.003447465581675316,0.020047446911927072,0.0135291296356502,0.010081664053974884,0.023494912493602388,0.011805396844812542,0.02177117970276473,0.03357657654757727,0.0,0.0,0.0,0.0
2024,target_nicu,0.1,190,310663,260030,351034,42928,53407,48875,60560,0.019142929798527664,0.03373108480894088,0.0038820200667604443,0.03373108480894088,0.023024949865288108,0.019142929798527664,0.037613104875701325,0.021083939831907886,0.0356720948423211,0.05675603467422899,0.0,0.0,0.0,0.0
2024,target_nicu,0.05,191,311161,130015,175517,26369,32687,29380,36746,0.009676662563753172,0.02030460115502908,0.003368031340688582,0.02030460115502908,0.013044693904441754,0.009676662563753172,0.02367263249571766,0.011360678234097463,0.02198861682537337,0.03334929505947083,0.0,0.0,0.0,0.0
2024,target_nicu,0.1,191,311161,260030,351034,43065,53538,49077,60780,0.019321187423873815,0.03365781701434303,0.003952937546800539,0.03365781701434303,0.023274124970674354,0.019321187423873815,0.03761075456114357,0.021297656197274084,0.0356342857877433,0.05693194198501739,0.0,0.0,0.0,0.0
2024,target_nicu,0.05,192,311446,130015,175517,26259,32515,29338,36641,0.00988614398643746,0.020086949262472467,0.0033617384715167314,0.020086949262472467,0.013247882457954191,0.00988614398643746,0.0234486877339892,0.011567013222195825,0.021767818498230833,0.03333483172042666,0.0,0.0,0.0,0.0
2024,target_nicu,0.1,192,311446,260030,351034,42902,53350,48721,60463,0.01868381677722622,0.03354674646648215,0.0041548133544820065,0.03354674646648215,0.022838630131708226,0.01868381677722622,0.03770155982096415,0.020761223454467223,0.03562415314372315,0.05638537659819037,0.0,0.0,0.0,0.0
2024,target_nicu,0.05,193,311135,130015,175517,26081,32375,29152,36412,0.00987031352949684,0.020229160975139396,0.003104761598662964,0.020229160975139396,0.012975075128159805,0.00987031352949684,0.02333392257380236,0.011422694328828323,0.021781541774470878,0.0332042361032992,0.0,0.0,0.0,0.0
2024,target_nicu,0.1,193,311135,260030,351034,42950,53371,48663,60387,0.018361804361450823,0.03349349960628023,0.004187892715380781,0.03349349960628023,0.022549697076831604,0.018361804361450823,0.03768139232166101,0.020455750719141214,0.03558744596397062,0.056043196683111834,0.0,0.0,0.0,0.0
2024,target_nicu,0.05,194,310673,130015,175517,26182,32553,29266,36564,0.009926836255484059,0.020507092666565807,0.0029838447499460907,0.020507092666565807,0.01291068100543015,0.009926836255484059,0.023490937416511898,0.011418758630457104,0.021999015041538852,0.03341777367199596,0.0,0.0,0.0,0.0
2024,target_nicu,0.1,194,310673,260030,351034,42899,53335,48822,60422,0.01906506197835023,0.033591589871021954,0.0037467047345601245,0.033591589871021954,0.022811766712910353,0.01906506197835023,0.03733829460558208,0.02093841434563029,0.035464942238302016,0.05640335658393231,0.0,0.0,0.0,0.0
2024,target_nicu,0.05,195,310090,130015,175517,26014,32316,29163,36409,0.010155116256570673,0.020323131993937246,0.003044277467831924,0.020323131993937246,0.013199393724402597,0.010155116256570673,0.02336740946176917,0.011677254990486635,0.021845270727853208,0.03352252571833984,0.0,0.0,0.0,0.0
2024,target_nicu,0.1,195,310090,260030,351034,42745,53164,48539,60258,0.018684897932858213,0.03359992260311523,0.0041923312586668315,0.03359992260311523,0.022877229191525045,0.018684897932858213,0.03779225386178206,0.02078106356219163,0.035696088232448644,0.05647715179464027,0.0,0.0,0.0,0.0
2024,target_nicu,0.05,196,310823,130015,175517,26219,32593,29328,36673,0.010002477294151324,0.02050684794883262,0.0031239644427857732,0.02050684794883262,0.013126441736937097,0.010002477294151324,0.02363081239161839,0.01156445951554421,0.022068830170225505,0.033633289685769716,0.0,0.0,0.0,0.0
2024,target_nicu,0.1,196,310823,260030,351034,43067,53327,49097,60828,0.01940010874356146,0.033009140250238905,0.0047325970085868585,0.033009140250238905,0.02413270575214832,0.01940010874356146,0.037741737258825764,0.02176640724785489,0.035375438754532335,0.057141846002387225,0.0,0.0,0.0,0.0
2024,target_nicu,0.05,197,311130,130015,175517,26110,32339,29126,36456,0.009693697168386209,0.02002057017966767,0.0035387137209526437,0.02002057017966767,0.013232410889338853,0.009693697168386209,0.023559283900620315,0.01146305402886253,0.021789927040143993,0.033252981069006524,0.0,0.0,0.0,0.0
2024,target_nicu,0.1,197,311130,260030,351034,42829,53204,48624,60384,0.018625654870954245,0.03334618969562561,0.0044515154437052284,0.03334618969562561,0.023077170314659473,0.018625654870954245,0.03779770513933084,0.02085141259280686,0.035571947417478225,0.056423360010285084,0.0,0.0,0.0,0.0
2024,target_nicu,0.05,198,310865,130015,175517,26457,32654,29511,36922,0.009824200215527643,0.0199346983417239,0.0039052321747382324,0.0199346983417239,0.013729432390265875,0.009824200215527643,0.023839930516462132,0.011776816302896759,0.021887314429093016,0.033664130731989775,0.0,0.0,0.0,0.0
2024,target_nicu,0.1,198,310865,260030,351034,43042,53320,48997,60634,0.01915622537114184,0.03306258343653998,0.0043716725909960785,0.03306258343653998,0.023527897962137917,0.01915622537114184,0.037434256027536056,0.021342061666639878,0.03524841973203802,0.056590481398677894,0.0,0.0,0.0,0.0
2024,target_nicu,0.05,199,309499,130015,175517,26085,32429,29057,36440,0.009602615840438894,0.020497642964920723,0.0033570383103014995,0.020497642964920723,0.012959654150740393,0.009602615840438894,0.023854681275222223,0.011281134995589644,0.022176162120071473,0.033457297115661117,0.0,0.0,0.0,0.0
2024,target_nicu,0.1,199,309499,260030,351034,42809,53154,48740,60161,0.019163228314146408,0.033424986833560044,0.003476586354075467,0.033424986833560044,0.022639814668221875,0.019163228314146408,0.03690157318763551,0.02090152149118414,0.03516328001059778,0.05606480150178192,0.0,0.0,0.0,0.0
2024,target_nicu,0.05,200,310389,130015,175517,25978,32283,29264,36491,0.010586715379733186,0.02031321986281731,0.002970466092548363,0.02031321986281731,0.013557181472281549,0.010586715379733186,0.023283685955365674,0.012071948426007367,0.021798452909091492,0.03387040133509886,0.0,0.0,0.0,0.0
2024,target_nicu,0.1,200,310389,260030,351034,42678,52985,48710,60306,0.01943367838422111,0.03320671802157937,0.004152853354983582,0.03320671802157937,0.02358653173920469,0.01943367838422111,0.037359571376562956,0.0215101050617129,0.035283144699071164,0.056793249760784065,0.0,0.0,0.0,0.0
2024,target_nicu,0.05,201,310595,130015,175517,26125,32497,29208,36394,0.009926109563901539,0.020515462257924305,0.0026207762520324,0.020515462257924305,0.01254688581593394,0.009926109563901539,0.023136238509956705,0.011236497689917739,0.021825850383940505,0.033062348073858244,0.0,0.0,0.0,0.0
2024,target_nicu,0.1,201,310595,260030,351034,42961,53297,48720,60421,0.018541831001786885,0.0332780630724899,0.004394790643764385,0.0332780630724899,0.02293662164555127,0.018541831001786885,0.037672853716254284,0.020739226323669077,0.03547545839437209,0.05621468471804117,0.0,0.0,0.0,0.0
2024,target_nicu,0.05,202,310491,130015,175517,26313,32532,29487,36755,0.010222518527107066,0.020029566074378974,0.003378519828271989,0.020029566074378974,0.013601038355379055,0.010222518527107066,0.023408085902650963,0.01191177844124306,0.02171882598851497,0.03363060442975803,0.0,0.0,0.0,0.0
2024,target_nicu,0.1,202,310491,260030,351034,42948,53235,48931,60494,0.01926947963064951,0.033131395112901835,0.004109619924571095,0.033131395112901835,0.023379099555220606,0.01926947963064951,0.03724101503747293,0.02132428959293506,0.03518620507518738,0.05651049466812244,0.0,0.0,0.0,0.0
2024,target_nicu,0.05,203,310341,130015,175517,26038,32242,29066,36454,0.00975700922533601,0.019990913221263062,0.003815158164728466,0.019990913221263062,0.013572167390064477,0.00975700922533601,0.02380607138599153,0.011664588307700244,0.021898492303627295,0.03356308061132754,0.0,0.0,0.0,0.0
2024,target_nicu,0.1,203,310341,260030,351034,42647,53000,48507,60210,0.018882455105835194,0.033360078107630003,0.004350053650661684,0.033360078107630003,0.023232508756496878,0.018882455105835194,0.03771013175829169,0.021057481931166036,0.035535104932960845,0.05659258686412688,0.0,0.0,0.0,0.0
2024,target_nicu,0.05,204,310674,130015,175517,26018,32297,28999,36291,0.00959526706451136,0.020210896309314594,0.0032606526455384033,0.020210896309314594,0.012855919710049762,0.00959526706451136,0.023471548954852997,0.01122559338728056,0.021841222632083795,0.033066816019364356,0.0,0.0,0.0,0.0
2024,target_nicu,0.1,204,310674,260030,351034,42642,53061,48492,60186,0.018830027617373846,0.03353676200776379,0.0041039803781455775,0.03353676200776379,0.022934007995519423,0.018830027617373846,0.037640742385909365,0.020882017806446634,0.035588752196836576,0.05647077000328321,0.0,0.0,0.0,0.0
2024,target_nicu,0.05,205,310128,130015,175517,26313,32616,29363,36598,0.009834648919155961,0.0203238662745705,0.0030052107516896354,0.0203238662745705,0.012839859670845596,0.009834648919155961,0.023329077026260137,0.011337254295000779,0.02182647165041532,0.0331637259454161,0.0,0.0,0.0,0.0
2024,target_nicu,0.1,205,310128,260030,351034,42778,53123,48853,60408,0.019588685961925395,0.03335719444874374,0.003901614817107768,0.03335719444874374,0.023490300779033163,0.019588685961925395,0.03725880926585151,0.02153949337047928,0.03530800185729763,0.056847495227776906,0.0,0.0,0.0,0.0
2024,target_nicu,0.05,206,311433,130015,175517,26165,32525,29293,36667,0.010043893871233944,0.020421727947905338,0.0032559170030150852,0.020421727947905338,0.01329981087424903,0.010043893871233944,0.023677644950920423,0.011671852372741487,0.02204968644941288,0.03372153882215437,0.0,0.0,0.0,0.0
2024,target_nicu,0.1,206,311433,260030,351034,42846,53214,48916,60702,0.01949054852889706,0.03329126971130228,0.004553146262599006,0.03329126971130228,0.024043694791496067,0.01949054852889706,0.037844415973901285,0.021767121660196564,0.03556784284260178,0.05733496450279835,0.0,0.0,0.0,0.0
2024,target_nicu,0.05,207,310116,130015,175517,26240,32498,29327,36668,0.00995433966644739,0.02017954571837635,0.0034922416128158468,0.02017954571837635,0.013446581279263237,0.00995433966644739,0.0236717873311922,0.011700460472855313,0.021925666524784275,0.03362612699763959,0.0,0.0,0.0,0.0
2024,target_nicu,0.1,207,310116,260030,351034,42966,53336,48959,60583,0.019325026764178577,0.03343910020766422,0.004043648183260473,0.03343910020766422,0.02336867494743905,0.019325026764178577,0.03748274839092469,0.021346850855808813,0.035460924299294455,0.05680777515510327,0.0,0.0,0.0,0.0
2024,target_nicu,0.05,208,311663,130015,175517,26379,32731,29309,36643,0.009401180120835642,0.020380988439436185,0.003150839207733999,0.020380988439436185,0.012552019328569641,0.009401180120835642,0.023531827647170184,0.010976599724702642,0.021956408043303184,0.032933007768005826,0.0,0.0,0.0,0.0
2024,target_nicu,0.1,208,311663,260030,351034,43208,53597,48922,60657,0.018333905532578465,0.03333408200524285,0.0043187673865681675,0.03333408200524285,0.022652672919146633,0.018333905532578465,0.037652849391811016,0.02049328922586255,0.03549346569852693,0.05598675492438948,0.0,0.0,0.0,0.0
2024,target_nicu,0.05,209,310818,130015,175517,26195,32405,29292,36485,0.00996403039720993,0.019979537864602423,0.0031626224993404756,0.019979537864602423,0.013126652896550406,0.00996403039720993,0.0231421603639429,0.011545341646880168,0.02156084911427266,0.03310619076115283,0.0,0.0,0.0,0.0
2024,target_nicu,0.1,209,310818,260030,351034,42874,53342,48678,60398,0.018673307208720236,0.033678873166933715,0.004028080741784568,0.033678873166933715,0.022701387950504803,0.018673307208720236,0.03770695390871828,0.02068734757961252,0.035692913537826,0.05638026111743852,0.0,0.0,0.0,0.0
2024,target_nicu,0.05,210,309726,130015,175517,26252,32471,29332,36640,0.009944273325455402,0.020079037600976346,0.0035160109257860173,0.020079037600976346,0.01346028425124142,0.009944273325455402,0.023595048526762363,0.01170227878834841,0.021837043063869355,0.033539321852217766,0.0,0.0,0.0,0.0
2024,target_nicu,0.1,210,309726,260030,351034,42895,53114,48856,60485,0.019246043276960945,0.03299367828338598,0.004552410840549359,0.03299367828338598,0.023798454117510304,0.019246043276960945,0.03754608912393534,0.021522248697235624,0.03526988370366066,0.056792132400896284,0.0,0.0,0.0,0.0
2024,target_nicu,0.05,211,310513,130015,175517,26282,32653,29291,36548,0.009690415538157818,0.02051765948607627,0.002853342694186717,0.02051765948607627,0.012543758232344535,0.009690415538157818,0.023371002180262987,0.011117086885251176,0.02194433083316963,0.033061417718420805,0.0,0.0,0.0,0.0
2024,target_nicu,0.1,211,310513,260030,351034,43026,53503,48848,60389,0.018749617568346588,0.033740938382611996,0.003426587614689225,0.033740938382611996,0.022176205183035813,0.018749617568346588,0.03716752599730122,0.0204629113756912,0.03545423218995661,0.05591714356564781,0.0,0.0,0.0,0.0
2024,target_nicu,0.05,212,310389,130015,175517,26213,32445,29270,36431,0.00984893150208288,0.020078031115793413,0.0029930184381534025,0.020078031115793413,0.012841949940236283,0.00984893150208288,0.023071049553946815,0.011345440721159582,0.021574540334870114,0.032919981056029696,0.0,0.0,0.0,0.0
2024,target_nicu,0.1,212,310389,260030,351034,42954,53327,48695,60532,0.018496145159783373,0.03341935442299826,0.004716661995109339,0.03341935442299826,0.023212807154892712,0.018496145159783373,0.0381360164181076,0.020854476157338042,0.03577768542055293,0.05663216157789097,0.0,0.0,0.0,0.0
2024,target_nicu,0.05,213,310403,130015,175517,26161,32512,29265,36539,0.009999903351449568,0.020460498126628937,0.002973553734983231,0.020460498126628937,0.0129734570864328,0.009999903351449568,0.023434051861612168,0.011486680218941184,0.021947274994120552,0.033433955213061736,0.0,0.0,0.0,0.0
2024,target_nicu,0.1,213,310403,260030,351034,42921,53301,48950,60692,0.01942313701864995,0.03344039844975724,0.004387844189650214,0.03344039844975724,0.023810981208300164,0.01942313701864995,0.037828242639407456,0.021617059113475057,0.03563432054458235,0.057251379658057405,0.0,0.0,0.0,0.0
2024,target_nicu,0.05,214,310364,130015,175517,26198,32513,29507,36795,0.01066167467876429,0.02034707633617301,0.0031350285471253014,0.02034707633617301,0.013796703225889592,0.01066167467876429,0.023482104883298313,0.012229188952326941,0.021914590609735662,0.034143779562062604,0.0,0.0,0.0,0.0
2024,target_nicu,0.1,214,310364,260030,351034,43004,53467,49006,60796,0.019338583083089528,0.033712028456908655,0.004275624750293194,0.033712028456908655,0.023614207833382722,0.019338583083089528,0.03798765320720185,0.021476395458236125,0.03584984083205525,0.05732623629029138,0.0,0.0,0.0,0.0
2024,target_nicu,0.05,215,311099,130015,175517,26397,32516,29486,36865,0.009929315105480896,0.019668979971006015,0.004050157666852031,0.019668979971006015,0.013979472772332927,0.009929315105480896,0.023719137637858045,0.011954393938906911,0.02169405880443203,0.03364845274333894,0.0,0.0,0.0,0.0
2024,target_nicu,0.1,215,311099,260030,351034,43267,53722,48966,60990,0.018318927415388653,0.03360666540233173,0.005043410618484789,0.03360666540233173,0.023362338033873442,0.018318927415388653,0.03865007602081652,0.020840632724631047,0.036128370711574126,0.05696900343620517,0.0,0.0,0.0,0.0
2024,target_nicu,0.05,216,310173,130015,175517,26283,32524,29209,36518,0.009433445206384825,0.02012102923207372,0.003443239740402934,0.02012102923207372,0.012876684946787759,0.009433445206384825,0.023564268972476654,0.011155065076586292,0.021842649102275187,0.03299771417886148,0.0,0.0,0.0,0.0
2024,target_nicu,0.1,216,310173,260030,351034,42787,52968,48647,60225,0.018892682470750183,0.03282361778749279,0.004503938124852919,0.03282361778749279,0.0233966205956031,0.018892682470750183,0.03732755591234571,0.021144651533176642,0.03507558684991925,0.056220238383095894,0.0,0.0,0.0,0.0
2024,target_nicu,0.05,217,310747,130015,175517,26383,32631,29244,36603,0.009206846727402046,0.020106388798604657,0.0035752557546814556,0.020106388798604657,0.012782102482083502,0.009206846727402046,0.023681644553286113,0.010994474604742774,0.021894016675945385,0.03288849128068816,0.0,0.0,0.0,0.0
2024,target_nicu,0.1,217,310747,260030,351034,43015,53437,48777,60494,0.01854241553418054,0.03353853778153934,0.004167377319813204,0.03353853778153934,0.022709792853993743,0.01854241553418054,0.037705915101352544,0.02062610419408714,0.03562222644144594,0.056248330635533084,0.0,0.0,0.0,0.0
2024,target_nicu,0.05,218,310357,130015,175517,26169,32501,29110,36424,0.00947618387856565,0.020402310887139646,0.0031640981192626594,0.020402310887139646,0.01264028199782831,0.00947618387856565,0.023566409006402306,0.01105823293819698,0.021984359946770976,0.033042592884967956,0.0,0.0,0.0,0.0
2024,target_nicu,0.1,218,310357,260030,351034,43028,53437,48841,60597,0.018730043143863367,0.033538795645015274,0.004340163102491634,0.033538795645015274,0.023070206246355,0.018730043143863367,0.03787895874750691,0.020900124695109185,0.03570887719626109,0.056609001891370275,0.0,0.0,0.0,0.0
2024,target_nicu,0.05,219,310395,130015,175517,26090,32364,29075,36376,0.009616778620789648,0.020212954461250987,0.0033086873177725074,0.020212954461250987,0.012925465938562156,0.009616778620789648,0.023521641779023494,0.011271122279675902,0.02186729812013724,0.03313842039981314,0.0,0.0,0.0,0.0
2024,target_nicu,0.1,219,310395,260030,351034,42958,53302,48640,60498,0.01830570724399555,0.033325279079882086,0.0048776558900755496,0.033325279079882086,0.0231833631340711,0.01830570724399555,0.038202934969957636,0.020744535189033325,0.03576410702491986,0.056508642213953186,0.0,0.0,0.0,0.0
2024,target_nicu,0.05,220,311026,130015,175517,26154,32486,29307,36660,0.010137416164565025,0.020358426626712875,0.0032826837627722427,0.020358426626712875,0.013420099927337267,0.010137416164565025,0.023641110389485118,0.011778758045951146,0.021999768508098996,0.03377852655405014,0.0,0.0,0.0,0.0
2024,target_nicu,0.1,220,311026,260030,351034,43004,53457,48940,60731,0.019085221171220412,0.03360812279359282,0.004301891160224558,0.03360812279359282,0.02338711233144497,0.019085221171220412,0.03791001395381738,0.02123616675133269,0.0357590683737051,0.05699523512503779,0.0,0.0,0.0,0.0
2024,target_nicu,0.05,221,311216,130015,175517,26389,32816,29452,36853,0.009842038969718775,0.02065125186365739,0.0031296591434887833,0.02065125186365739,0.012971698113207558,0.009842038969718775,0.023780911007146174,0.011406868541463167,0.022216081435401783,0.03362294997686495,0.0,0.0,0.0,0.0
2024,target_nicu,0.1,221,311216,260030,351034,43125,53331,49262,60752,0.019719423165904054,0.03279394375610509,0.0041257518893630385,0.03279394375610509,0.023845175055267093,0.019719423165904054,0.036919695645468126,0.021782299110585573,0.034856819700786607,0.05663911881137218,0.0,0.0,0.0,0.0
2024,target_nicu,0.05,222,310638,130015,175517,26258,32646,29250,36594,0.009631790057880868,0.020564129308069196,0.0030775371976384247,0.020564129308069196,0.012709327255519293,0.009631790057880868,0.02364166650570762,0.01117055865670008,0.022102897906888408,0.03327345656358849,0.0,0.0,0.0,0.0
2024,target_nicu,0.1,222,310638,260030,351034,43071,53328,48933,60565,0.018870840013134244,0.03301914125123134,0.004426374107482034,0.03301914125123134,0.023297214120616277,0.018870840013134244,0.03744551535871338,0.02108402706687526,0.03523232830497236,0.05631635537184762,0.0,0.0,0.0,0.0
2024,target_nicu,0.05,223,309967,130015,175517,26199,32518,29282,36550,0.00994622008149254,0.020386041094697174,0.00306161623656713,0.020386041094697174,0.01300783631805967,0.00994622008149254,0.023447657331264304,0.011477028199776106,0.02191684921298074,0.033393877412756845,0.0,0.0,0.0,0.0
2024,target_nicu,0.1,223,309967,260030,351034,43051,53321,48708,60503,0.01825032987382527,0.03313255927243869,0.0049198785677185,0.03313255927243869,0.02317020844154377,0.01825032987382527,0.03805243784015719,0.02071026915768452,0.03559249855629794,0.05630276771398246,0.0,0.0,0.0,0.0
2024,target_nicu,0.05,224,310471,130015,175517,26214,32594,29206,36452,0.009636970924820673,0.020549423295573493,0.002789310434791012,0.020549423295573493,0.012426281359611685,0.009636970924820673,0.023338733730364505,0.011031626142216179,0.021944078512969,0.03297570465518518,0.0,0.0,0.0,0.0
2024,target_nicu,0.1,224,310471,260030,351034,42971,53267,48768,60463,0.018671631166840064,0.03316251759423586,0.004506056926411789,0.03316251759423586,0.023177688093251853,0.018671631166840064,0.037668574520647646,0.020924659630045958,0.03541554605744175,0.05634020568748771,0.0,0.0,0.0,0.0
2024,target_nicu,0.05,225,311222,130015,175517,26301,32664,29527,36951,0.010365591121450288,0.020445212742029817,0.0034091420272345657,0.020445212742029817,0.013774733148684853,0.010365591121450288,0.023854354769264383,0.01207016213506757,0.0221497837556471,0.03421994589071467,0.0,0.0,0.0,0.0
2024,target_nicu,0.1,225,311222,260030,351034,43255,53934,49386,61052,0.019699764155490268,0.034313126964032103,0.0031713696332521524,0.034313126964032103,0.02287113378874242,0.019699764155490268,0.037484496597284256,0.021285448972116344,0.03589881178065818,0.057184260752774524,0.0,0.0,0.0,0.0
2024,target_nicu,0.05,226,309593,130015,175517,25959,32289,29199,36366,0.010465352898805846,0.02044619871896329,0.0027035494988581765,0.02044619871896329,0.013168902397664023,0.010465352898805846,0.023149748217821467,0.011817127648234935,0.02179797346839238,0.03361510111662731,0.0,0.0,0.0,0.0
2024,target_nicu,0.1,226,309593,260030,351034,42806,53341,48605,60347,0.01873104366054787,0.03402854715707396,0.0038986669595242884,0.03402854715707396,0.022629710620072158,0.01873104366054787,0.037927214116598246,0.020680377140310013,0.0359778806368361,0.056658257777146115,0.0,0.0,0.0,0.0
2024,target_nicu,0.05,227,310021,130015,175517,26174,32355,29231,36551,0.009860622344937925,0.019937359082126696,0.0036739446682644006,0.019937359082126696,0.013534567013202325,0.009860622344937925,0.023611303750391097,0.011697594679070125,0.021774331416258896,0.03347192609532902,0.0,0.0,0.0,0.0
2024,target_nicu,0.1,227,310021,260030,351034,42798,53211,48822,60438,0.01943094177491203,0.03358804726131456,0.0038803822966831103,0.03358804726131456,0.02331132407159514,0.01943094177491203,0.03746842955799767,0.021371132923253586,0.03552823840965612,0.056899371332909704,0.0,0.0,0.0,0.0
2024,target_nicu,0.05,228,310880,130015,175517,26250,32498,29285,36832,0.009762609366958316,0.020097786927431804,0.004178461142563053,0.020097786927431804,0.01394107050952137,0.009762609366958316,0.024276248069994857,0.011851839938239843,0.02218701749871333,0.034038857436953174,0.0,0.0,0.0,0.0
2024,target_nicu,0.1,228,310880,260030,351034,42939,53361,49049,60646,0.01965388574369531,0.03352418939783838,0.0037795934122490937,0.03352418939783838,0.023433479155944403,0.01965388574369531,0.03730378281008748,0.021543682449819856,0.03541398610396293,0.056957668553782786,0.0,0.0,0.0,0.0
2024,target_nicu,0.05,229,311164,130015,175517,26526,32714,29578,36869,0.00980833258346081,0.019886619274723294,0.003544754534586275,0.019886619274723294,0.013353087118047086,0.00980833258346081,0.02343137380930957,0.011580709850753948,0.02165899654201643,0.03323970639277038,0.0,0.0,0.0,0.0
2024,target_nicu,0.1,229,311164,260030,351034,43289,53678,48994,60787,0.01833438315486366,0.03338753840418557,0.004512090087542275,0.03338753840418557,0.022846473242405935,0.01833438315486366,0.037899628491727844,0.020590428198634797,0.035643583447956706,0.0562340116465915,0.0,0.0,0.0,0.0
2024,target_nicu,0.05,230,311014,130015,175517,26538,32767,29540,36727,0.00965229861035194,0.0200280373230787,0.003080247191444757,0.0200280373230787,0.012732545801796696,0.00965229861035194,0.02310828451452346,0.011192422206074318,0.02156816091880108,0.0327605831248754,0.0,0.0,0.0,0.0
2024,target_nicu,0.1,230,311014,260030,351034,43319,53717,48901,60778,0.017947745117583153,0.03343257859774801,0.004755412939610432,0.03343257859774801,0.022703158057193584,0.017947745117583153,0.03818799153735844,0.02032545158738837,0.035810285067553224,0.05613573665494159,0.0,0.0,0.0,0.0
2024,target_nicu,0.05,231,309718,130015,175517,26257,32551,29079,36509,0.009111514345307659,0.020321712008988815,0.0036678526918035165,0.020321712008988815,0.012779367037111175,0.009111514345307659,0.023989564700792332,0.010945440691209417,0.022155638354890574,0.03310107904609999,0.0,0.0,0.0,0.0
2024,target_nicu,0.1,231,309718,260030,351034,42874,53483,48754,60329,0.01898501217236323,0.034253740499422036,0.0031189662854596845,0.034253740499422036,0.022103978457822915,0.01898501217236323,0.03737270678488172,0.020544495315093073,0.03581322364215188,0.05635771895724495,0.0,0.0,0.0,0.0
2024,target_nicu,0.05,232,310111,130015,175517,26612,33028,29629,36948,0.009728774535569529,0.020689366065699058,0.002911860591852597,0.020689366065699058,0.012640635127422126,0.009728774535569529,0.023601226657551655,0.011184704831495827,0.022145296361625356,0.033330001193121184,0.0,0.0,0.0,0.0
2024,target_nicu,0.1,232,310111,260030,351034,43150,53520,49296,60885,0.019818710074779672,0.03343963935494065,0.003930850566410099,0.03343963935494065,0.02374956064118977,0.019818710074779672,0.03737048992135075,0.02178413535798472,0.0354050646381457,0.057189199996130424,0.0,0.0,0.0,0.0
2024,target_nicu,0.05,233,311412,130015,175517,26115,32407,29333,36589,0.010333577383016712,0.020204744839633665,0.0030955775628427884,0.020204744839633665,0.0134291549458595,0.010333577383016712,0.023300322402476453,0.011881366164438106,0.02175253362105506,0.033633899785493165,0.0,0.0,0.0,0.0
2024,target_nicu,0.1,233,311412,260030,351034,42860,53471,48848,60576,0.019228546106123096,0.034073831451581826,0.0035868881096425276,0.034073831451581826,0.022815434215765623,0.019228546106123096,0.037660719561224354,0.02102199016094436,0.03586727550640309,0.05688926566734745,0.0,0.0,0.0,0.0
2024,target_nicu,0.05,234,310853,130015,175517,26229,32482,29212,36500,0.009596175684326677,0.020115617349679746,0.0033295480500429436,0.020115617349679746,0.01292572373436962,0.009596175684326677,0.02344516539972269,0.011260949709348149,0.021780391374701218,0.03304134108404937,0.0,0.0,0.0,0.0
2024,target_nicu,0.1,234,310853,260030,351034,43121,53426,48761,60557,0.018143624156755772,0.03315071754173196,0.004796479364844453,0.03315071754173196,0.022940103521600225,0.018143624156755772,0.037947196906576414,0.020541863839178,0.03554895722415419,0.056090821063332186,0.0,0.0,0.0,0.0
2024,target_nicu,0.05,235,310398,130015,175517,26166,32666,29152,36478,0.009619907344763826,0.020940856577684144,0.002661099620487231,0.020940856577684144,0.012281006965251057,0.009619907344763826,0.023601956198171375,0.010950457155007441,0.02227140638792776,0.0332218635429352,0.0,0.0,0.0,0.0
2024,target_nicu,0.1,235,310398,260030,351034,43235,53584,49008,60798,0.018598702311226234,0.03334106534191586,0.004642426819760431,0.03334106534191586,0.023241129130986665,0.018598702311226234,0.03798349216167629,0.02091991572110645,0.035662278751796075,0.056582194472902525,0.0,0.0,0.0,0.0
2024,target_nicu,0.05,236,309729,130015,175517,26078,32265,29226,36591,0.010163723771425992,0.01997552699295191,0.003803324842039324,0.01997552699295191,0.013967048613465316,0.010163723771425992,0.023778851834991233,0.012065386192445654,0.02187718941397157,0.033942575606417225,0.0,0.0,0.0,0.0
2024,target_nicu,0.1,236,309729,260030,351034,42742,53060,48775,60458,0.01947831814263437,0.03331299297127491,0.004407078445996332,0.03331299297127491,0.023885396588630703,0.01947831814263437,0.03772007141727124,0.021681857365632537,0.03551653219427307,0.05719838955990561,0.0,0.0,0.0,0.0
2024,target_nicu,0.05,237,311027,130015,175517,26238,32518,29174,36597,0.00943969494609792,0.0201911731135882,0.0036749221128712373,0.0201911731135882,0.013114617058969158,0.00943969494609792,0.02386609522645944,0.01127715600253354,0.02202863417002382,0.03330579017255736,0.0,0.0,0.0,0.0
2024,target_nicu,0.1,237,311027,260030,351034,42802,53079,48874,60329,0.01952242088307446,0.033042147466297134,0.0037874525362749933,0.033042147466297134,0.023309873419349453,0.01952242088307446,0.03682960000257213,0.021416147151211956,0.03493587373443463,0.056352020885646587,0.0,0.0,0.0,0.0
2024,target_nicu,0.05,238,310835,130015,175517,26159,32326,29434,36705,0.010536136535460941,0.019840108095935144,0.003551723583251565,0.019840108095935144,0.014087860118712506,0.010536136535460941,0.02339183167918671,0.012311998327086723,0.021615969887560926,0.03392796821464765,0.0,0.0,0.0,0.0
2024,target_nicu,0.1,238,310835,260030,351034,42710,52968,48762,60559,0.019470136889346457,0.03300143162771246,0.004951179886434898,0.03300143162771246,0.024421316775781354,0.019470136889346457,0.03795261151414736,0.021945726832563905,0.03547702157092991,0.05742274840349382,0.0,0.0,0.0,0.0
2024,target_nicu,0.05,239,310494,130015,175517,26105,32383,29164,36584,0.009852042229479482,0.020219392323201094,0.003678009881028288,0.020219392323201094,0.01353005211050777,0.009852042229479482,0.02389740220422938,0.011691047169993626,0.022058397263715238,0.033749444433708864,0.0,0.0,0.0,0.0
2024,target_nicu,0.1,239,310494,260030,351034,42769,53188,48832,60423,0.019526947380625714,0.03355620398461806,0.0037746301055737175,0.03355620398461806,0.023301577486199432,0.019526947380625714,0.03733083409019178,0.021414262433412573,0.03544351903740492,0.05685778147081749,0.0,0.0,0.0,0.0
2024,target_nicu,0.05,240,310102,130015,175517,26205,32424,29341,36558,0.01011280159431413,0.020054691682091688,0.003218295915537475,0.020054691682091688,0.013331097509851605,0.01011280159431413,0.023272987597629163,0.011721949552082868,0.021663839639860426,0.033385789191943294,0.0,0.0,0.0,0.0
2024,target_nicu,0.1,240,310102,260030,351034,42893,53140,48637,60283,0.018522937614075363,0.03304396617887018,0.004511418823483909,0.03304396617887018,0.023034356437559272,0.018522937614075363,0.037555385002354086,0.020778647025817318,0.03529967559061213,0.05607832261642945,0.0,0.0,0.0,0.0
2024,target_nicu,0.05,241,310434,130015,175517,26158,32280,29227,36488,0.009886159376872386,0.01972077800756361,0.003669056868770809,0.01972077800756361,0.013555216245643195,0.009886159376872386,0.02338983487633442,0.01172068781125779,0.021555306441949015,0.033275994253206806,0.0,0.0,0.0,0.0
2024,target_nicu,0.1,241,310434,260030,351034,42771,53125,48635,60426,0.01888968347539252,0.03335330537247855,0.00462900326639476,0.03335330537247855,0.02351868674178728,0.01888968347539252,0.03798230863887331,0.0212041851085899,0.03566780700567593,0.05687199211426583,0.0,0.0,0.0,0.0
2024,target_nicu,0.05,242,310935,130015,175517,26239,32485,29272,36552,0.009754450287037489,0.020087799700902118,0.0033254538729959593,0.020087799700902118,0.013079904160033448,0.009754450287037489,0.023413253573898077,0.011417177223535468,0.021750526637400097,0.033167703860935566,0.0,0.0,0.0,0.0
2024,target_nicu,0.1,242,310935,260030,351034,42892,53419,48752,60425,0.01884638268448388,0.03385595060060784,0.0036856577741328778,0.03385595060060784,0.02253204045861676,0.01884638268448388,0.037541608374740715,0.02068921157155032,0.035698779487674276,0.056387991059224596,0.0,0.0,0.0,0.0
2024,target_nicu,0.05,243,310508,130015,175517,26228,32406,29140,36376,0.009378180272327924,0.01989642778930012,0.0034073196181740872,0.01989642778930012,0.012785499890502011,0.009378180272327924,0.023303747407474207,0.011081840081414968,0.021600087598387163,0.03268192767980213,0.0,0.0,0.0,0.0
2024,target_nicu,0.1,243,310508,260030,351034,42944,53323,48510,60463,0.017925464078220182,0.03342586986486659,0.005069112551045418,0.03342586986486659,0.0229945766292656,0.017925464078220182,0.03849498241591201,0.02046002035374289,0.0359604261403893,0.05642044649413219,0.0,0.0,0.0,0.0
2024,target_nicu,0.05,244,310545,130015,175517,26223,32614,29158,36465,0.009451126245793695,0.020579948155661817,0.002949653029351615,0.020579948155661817,0.01240077927514531,0.009451126245793695,0.023529601185013432,0.010925952760469503,0.022054774670337625,0.03298072743080713,0.0,0.0,0.0,0.0
2024,target_nicu,0.1,244,310545,260030,351034,43026,53512,48899,60541,0.01891191292727304,0.03376644286657329,0.003722487884203568,0.03376644286657329,0.022634400811476607,0.01891191292727304,0.03748893075077686,0.020773156869374823,0.03562768680867508,0.0564008436780499,0.0,0.0,0.0,0.0
2024,target_nicu,0.05,245,310247,130015,175517,26261,32498,29227,36570,0.009560124674855841,0.020103337018569076,0.0035649015139550128,0.020103337018569076,0.013125026188810854,0.009560124674855841,0.02366823853252409,0.011342575431833347,0.021885787775546582,0.03322836320737993,0.0,0.0,0.0,0.0
2024,target_nicu,0.1,245,310247,260030,351034,42821,53295,48688,60459,0.018910738862906007,0.033760197520040475,0.0041805400213378585,0.033760197520040475,0.023091278884243865,0.018910738862906007,0.03794073754137833,0.021001008873574936,0.035850467530709404,0.05685147640428434,0.0,0.0,0.0,0.0
2024,target_nicu,0.05,246,311415,130015,175517,26252,32672,29129,36530,0.009238475988632533,0.020615577284331194,0.003150137276624443,0.020615577284331194,0.012388613265256976,0.009238475988632533,0.023765714560955636,0.010813544626944754,0.022190645922643415,0.03300419054958817,0.0,0.0,0.0,0.0
2024,target_nicu,0.1,246,311415,260030,351034,43000,53374,49002,60657,0.019273316956472858,0.03331246086412021,0.004113482009537123,0.03331246086412021,0.02338679896600998,0.019273316956472858,0.03742594287365733,0.02133005796124142,0.03536920186888877,0.05669925983013019,0.0,0.0,0.0,0.0
2024,target_nicu,0.05,247,311125,130015,175517,26255,32524,29136,36421,0.009259943752511046,0.020149457613499386,0.003265568501406191,0.020149457613499386,0.012525512253917237,0.009259943752511046,0.023415026114905577,0.010892728003214142,0.02178224186420248,0.03267496986741662,0.0,0.0,0.0,0.0
2024,target_nicu,0.1,247,311125,260030,351034,42779,53107,48647,60313,0.018860586580956212,0.033195660907995195,0.004300522298111675,0.033195660907995195,0.023161108879067888,0.018860586580956212,0.03749618320610687,0.02101084773001205,0.03534592205705103,0.05635676978706308,0.0,0.0,0.0,0.0
2024,target_nicu,0.05,248,310632,130015,175517,26079,32356,28927,36360,0.009168405058075146,0.02020719050194443,0.003721445311493987,0.02020719050194443,0.012889850369569134,0.009168405058075146,0.023928635813438418,0.01102912771382214,0.022067913157691424,0.033097040871513564,0.0,0.0,0.0,0.0
2024,target_nicu,0.1,248,310632,260030,351034,42650,53160,48559,60129,0.019022508949496503,0.03383424759844447,0.0034123979499858237,0.03383424759844447,0.022434906899482326,0.019022508949496503,0.037246645548430296,0.020728707924489415,0.035540446573437384,0.0562691544979268,0.0,0.0,0.0,0.0
2024,target_nicu,0.05,249,310601,130015,175517,26304,32614,29318,36709,0.009703767856510448,0.02031545294445286,0.0034803493871558566,0.02031545294445286,0.013184117243666305,0.009703767856510448,0.023795802331608717,0.011443942550088376,0.02205562763803079,0.033499570188119165,0.0,0.0,0.0,0.0
2024,target_nicu,0.1,249,310601,260030,351034,43115,53487,48931,60769,0.018724988007121662,0.033393324554653714,0.00471988177758606,0.033393324554653714,0.023444869784707723,0.018724988007121662,0.038113206332239774,0.021084928895914692,0.035753265443446744,0.056838194339361436,0.0,0.0,0.0,0.0
2024,target_nicu,0.05,250,310732,130015,175517,26245,32559,29283,36599,0.009776913867899015,0.020319761080287824,0.003224643744448613,0.020319761080287824,0.013001557612347628,0.009776913867899015,0.023544404824736437,0.011389235740123321,0.02193208295251213,0.03332131869263545,0.0,0.0,0.0,0.0
2024,target_nicu,0.1,250,310732,260030,351034,43046,53423,48935,60707,0.01895202296512752,0.033395337461220614,0.004489399225055674,0.033395337461220614,0.023441422190183192,0.01895202296512752,0.03788473668627629,0.021196722577655355,0.03564003707374845,0.056836759651403806,0.0,0.0,0.0,0.0
2024,target_nicu,0.05,251,310746,130015,175517,26270,32550,29243,36551,0.009567299337722768,0.020209431497106953,0.003308168085832161,0.020209431497106953,0.012875467423554929,0.009567299337722768,0.023517599582939114,0.011221383380638848,0.021863515540023033,0.03308489892066188,0.0,0.0,0.0,0.0
2024,target_nicu,0.1,251,310746,260030,351034,42906,53283,48708,60433,0.018671197698441805,0.033393832905331045,0.004337948034729339,0.033393832905331045,0.023009145733171144,0.018671197698441805,0.03773178094006038,0.020840171715806474,0.035562806922695714,0.05640297863850219,0.0,0.0,0.0,0.0
2024,target_nicu,0.05,252,310505,130015,175517,26166,32487,29160,36447,0.009642356805848545,0.020357160110143158,0.003111061013510233,0.020357160110143158,0.012753417819358778,0.009642356805848545,0.02346822112365339,0.011197887312603662,0.021912690616898274,0.033110577929501936,0.0,0.0,0.0,0.0
2024,target_nicu,0.1,252,310505,260030,351034,42824,53138,48828,60459,0.019336242572583373,0.03321685641132993,0.004241477592953402,0.03321685641132993,0.023577720165536775,0.019336242572583373,0.037458334004283333,0.021456981369060074,0.03533759520780663,0.05679457657686671,0.0,0.0,0.0,0.0
2024,target_nicu,0.05,253,309666,130015,175517,26213,32416,29115,36305,0.009371387236571022,0.02003125948602688,0.0031873050318730473,0.02003125948602688,0.012558692268444069,0.009371387236571022,0.02321856451789993,0.010965039752507545,0.021624912001963405,0.03258995175447095,0.0,0.0,0.0,0.0
2024,target_nicu,0.1,253,309666,260030,351034,42844,53271,48483,60216,0.01820994232495654,0.03367176247957476,0.004217447185031642,0.03367176247957476,0.022427389509988183,0.01820994232495654,0.037889209664606405,0.02031866591747236,0.035780486072090584,0.056099151989562945,0.0,0.0,0.0,0.0
2024,target_nicu,0.05,254,310558,130015,175517,25957,32201,29006,36375,0.009817811809710267,0.020105745142614262,0.0036225117369380333,0.020105745142614262,0.0134403235466483,0.009817811809710267,0.023728256879552295,0.011629067678179283,0.02191700101108328,0.03354606868926256,0.0,0.0,0.0,0.0
2024,target_nicu,0.1,254,310558,260030,351034,42539,52725,48440,60031,0.01900128156415226,0.032799026268845094,0.004524114658131517,0.032799026268845094,0.02352539622228378,0.01900128156415226,0.03732314092697661,0.02126333889321802,0.03506108359791085,0.05632442249112887,0.0,0.0,0.0,0.0
2024,target_nicu,0.05,255,311527,130015,175517,26283,32714,29356,36638,0.009864313526596405,0.020643475525395874,0.002731705438051929,0.020643475525395874,0.012596018964648334,0.009864313526596405,0.023375180963447803,0.01123016624562237,0.02200932824442184,0.03323949449004421,0.0,0.0,0.0,0.0
2024,target_nicu,0.1,255,311527,260030,351034,43172,53678,49040,60783,0.018836248543464912,0.03372420368057985,0.003970763368825181,0.03372420368057985,0.022807011912290093,0.018836248543464912,0.03769496704940503,0.020821630227877502,0.03570958536499244,0.05653121559286994,0.0,0.0,0.0,0.0
2024,target_nicu,0.05,256,310839,130015,175517,26104,32491,29211,36452,0.009995528231656906,0.0205476146815554,0.002747402996406495,0.0205476146815554,0.0127429312280634,0.009995528231656906,0.023295017677961896,0.011369229729860153,0.02192131617975865,0.0332905459096188,0.0,0.0,0.0,0.0
2024,target_nicu,0.1,256,310839,260030,351034,42860,53283,48747,60411,0.018939064917851356,0.03353182837417443,0.003992420513513423,0.03353182837417443,0.02293148543136478,0.018939064917851356,0.03752424888768785,0.020935275174608067,0.03552803863093114,0.056463313805539206,0.0,0.0,0.0,0.0
2024,target_nicu,0.05,257,309772,130015,175517,26171,32537,29172,36531,0.009687770360135836,0.020550598504706682,0.003205583461384512,0.020550598504706682,0.012893353821520348,0.009687770360135836,0.023756181966091194,0.011290562090828092,0.02215339023539894,0.03344395232622703,0.0,0.0,0.0,0.0
2024,target_nicu,0.1,257,309772,260030,351034,43004,53254,48886,60629,0.01898815903309531,0.033088852446315375,0.004819673824619397,0.033088852446315375,0.023807832857714706,0.01898815903309531,0.03790852627093477,0.021397995945405007,0.035498689358625074,0.05689668530403008,0.0,0.0,0.0,0.0
2024,target_nicu,0.05,258,309720,130015,175517,26082,32368,29337,36556,0.01050949244478884,0.02029575100090404,0.003012398295234406,0.02029575100090404,0.013521890740023246,0.01050949244478884,0.023308149296138447,0.012015691592406043,0.021801950148521244,0.03381764174092729,0.0,0.0,0.0,0.0
2024,target_nicu,0.1,258,309720,260030,351034,42799,53234,48863,60459,0.01957897455766497,0.03369172155495284,0.0037485470747772587,0.03369172155495284,0.023327521632442227,0.01957897455766497,0.0374402686297301,0.021453248095053598,0.03556599509234147,0.05701924318739507,0.0,0.0,0.0,0.0
2024,target_nicu,0.05,259,311711,130015,175517,26256,32486,29343,36687,0.009903404114708816,0.019986461818800108,0.0035738231887870453,0.019986461818800108,0.013477227303495862,0.009903404114708816,0.023560285007587153,0.011690315709102339,0.02177337341319363,0.03346368912229597,0.0,0.0,0.0,0.0
2024,target_nicu,0.1,259,311711,260030,351034,43045,53360,48916,60715,0.018834753986866043,0.033091549544289445,0.004760820118635517,0.033091549544289445,0.02359557410550156,0.018834753986866043,0.03785236966292496,0.0212151640461838,0.0354719596036072,0.056687123649791005,0.0,0.0,0.0,0.0
2024,target_nicu,0.05,260,309998,130015,175517,26072,32423,29251,36320,0.010254904870353992,0.020487228949864184,0.002316143975122434,0.020487228949864184,0.012571048845476426,0.010254904870353992,0.022803372924986617,0.01141297685791521,0.0216453009374254,0.03305827779534061,0.0,0.0,0.0,0.0
2024,target_nicu,0.1,260,309998,260030,351034,42827,53153,48675,60367,0.018864637836373155,0.03330989232188597,0.004406480041806687,0.03330989232188597,0.023271117878179842,0.018864637836373155,0.03771637236369266,0.0210678778572765,0.035513132342789314,0.05658101020006581,0.0,0.0,0.0,0.0
2024,target_nicu,0.05,261,310353,130015,175517,26097,32296,29325,36485,0.010401059438768123,0.019974029572776816,0.003096474015073139,0.019974029572776816,0.013497533453841262,0.010401059438768123,0.023070503587849955,0.011949296446304693,0.021522266580313386,0.03347156302661808,0.0,0.0,0.0,0.0
2024,target_nicu,0.1,261,310353,260030,351034,42831,53081,48583,60270,0.018533734167222482,0.03302690806919861,0.00463021140443301,0.03302690806919861,0.023163945571655492,0.018533734167222482,0.03765711947363162,0.020848839869438987,0.03534201377141512,0.056190853640854105,0.0,0.0,0.0,0.0
2024,target_nicu,0.05,262,310925,130015,175517,26337,32596,29150,36547,0.0090471978773016,0.02013025649272332,0.0036600466350406036,0.02013025649272332,0.012707244512342203,0.0090471978773016,0.023790303127763923,0.010877221194821901,0.02196027981024362,0.03283750100506552,0.0,0.0,0.0,0.0
2024,target_nicu,0.1,262,310925,260030,351034,43044,53367,48702,60547,0.018197314464903108,0.03320093270081209,0.004895071158639547,0.03320093270081209,0.023092385623542655,0.018197314464903108,0.03809600385945164,0.02064485004422288,0.035648468280131865,0.056293318324354746,0.0,0.0,0.0,0.0
2024,target_nicu,0.05,263,310578,130015,175517,26208,32595,29140,36546,0.009440462621306087,0.02056488225180149,0.0032809793353038436,0.02056488225180149,0.01272144195660993,0.009440462621306087,0.023845861587105333,0.011080952288958008,0.02220537191945341,0.03328632420841142,0.0,0.0,0.0,0.0
2024,target_nicu,0.1,263,310578,260030,351034,42929,53229,48880,60512,0.019161048110297563,0.03316397169149135,0.004288777698355978,0.03316397169149135,0.02344982580865354,0.019161048110297563,0.03745274938984733,0.02130543695947555,0.03530836054066934,0.05661379750014489,0.0,0.0,0.0,0.0
2024,target_nicu,0.05,264,310276,130015,175517,26207,32550,29412,36727,0.01032951307867834,0.020443089378488835,0.003132694762082777,0.020443089378488835,0.013462207840761117,0.01032951307867834,0.023575784140571612,0.011895860459719729,0.022009436759530224,0.03390529721924995,0.0,0.0,0.0,0.0
2024,target_nicu,0.1,264,310276,260030,351034,42961,53407,48918,60635,0.019199035697250205,0.033666799881395926,0.004096352924493035,0.033666799881395926,0.02329538862174324,0.019199035697250205,0.03776315280588896,0.021247212159496723,0.03571497634364244,0.056962188503139166,0.0,0.0,0.0,0.0
2024,target_nicu,0.05,265,311578,130015,175517,26269,32627,29489,36758,0.010334490881897945,0.020405805287921477,0.00292382645758045,0.020405805287921477,0.013258317339478395,0.010334490881897945,0.023329631745501928,0.01179640411068817,0.021867718516711702,0.03366412262739987,0.0,0.0,0.0,0.0
2024,target_nicu,0.1,265,311578,260030,351034,43095,53613,49216,60864,0.01964516108326006,0.03375719723472134,0.003626700216318196,0.03375719723472134,0.023271861299578256,0.01964516108326006,0.03738389745103954,0.021458511191419158,0.03557054734288044,0.0570290585342996,0.0,0.0,0.0,0.0
2024,target_nicu,0.05,266,310904,130015,175517,26044,32442,29073,36427,0.009742557188070919,0.020578699534261377,0.0030749041504773145,0.020578699534261377,0.012817461338548233,0.009742557188070919,0.02365360368473869,0.011280009263309576,0.022116151609500034,0.03339616087280961,0.0,0.0,0.0,0.0
2024,target_nicu,0.1,266,310904,260030,351034,42954,53511,48912,60677,0.01916347168257726,0.03395581915961196,0.003885443738260025,0.03395581915961196,0.023048915420837285,0.01916347168257726,0.037841262897871986,0.021106193551707272,0.03589854102874197,0.057004734580449246,0.0,0.0,0.0,0.0
2024,target_nicu,0.05,267,310776,130015,175517,26298,32684,29247,36559,0.009489149741292766,0.02054856230854378,0.002979638067289625,0.02054856230854378,0.01246878780858239,0.009489149741292766,0.023528200375833405,0.010978968774937578,0.022038381342188593,0.03301735011712617,0.0,0.0,0.0,0.0
2024,target_nicu,0.1,267,310776,260030,351034,43035,53388,48942,60726,0.019007259247818348,0.033313383272839586,0.004604602672021035,0.033313383272839586,0.023611861919839383,0.019007259247818348,0.03791798594486062,0.021309560583828865,0.035615684608850104,0.05692524519267897,0.0,0.0,0.0,0.0
2024,target_nicu,0.05,268,310475,130015,175517,26136,32425,29321,36589,0.010258474917465177,0.02025605926403093,0.0031532329495128353,0.02025605926403093,0.013411707866978012,0.010258474917465177,0.023409292213543764,0.011835091392221594,0.021832675738787347,0.03366776713100894,0.0,0.0,0.0,0.0
2024,target_nicu,0.1,268,310475,260030,351034,42731,53107,48960,60515,0.02006280698929061,0.0334197600450922,0.0037974071986472124,0.0334197600450922,0.023860214187937823,0.02006280698929061,0.03721716724373941,0.021961510588614216,0.03531846364441581,0.05727997423303002,0.0,0.0,0.0,0.0
2024,target_nicu,0.05,269,310616,130015,175517,26234,32551,29315,36674,0.00991899966518145,0.020337007752337294,0.003354624359337574,0.020337007752337294,0.013273624024519023,0.00991899966518145,0.023691632111674868,0.011596311844850236,0.02201431993200608,0.03361063177685632,0.0,0.0,0.0,0.0
2024,target_nicu,0.1,269,310616,260030,351034,42977,53172,48965,60617,0.01927782213408194,0.03282187652921936,0.004690679166559353,0.03282187652921936,0.023968501300641293,0.01927782213408194,0.037512555695778715,0.021623161717361616,0.03516721611249904,0.056790377829860655,0.0,0.0,0.0,0.0
2024,target_nicu,0.05,270,310236,130015,175517,26518,32899,29584,36867,0.009882798901481443,0.020568212586547008,0.0029074639951520848,0.020568212586547008,0.012790262896633528,0.009882798901481443,0.023475676581699093,0.011336530899057486,0.02202194458412305,0.033358475483180536,0.0,0.0,0.0,0.0
2024,target_nicu,0.1,270,310236,260030,351034,43247,53665,49185,60705,0.01914026740932709,0.03358088680875204,0.0035521345040549768,0.03358088680875204,0.022692401913382065,0.01914026740932709,0.03713302131280702,0.020916334661354577,0.03535695406077953,0.05627328872213411,0.0,0.0,0.0,0.0
2024,target_nicu,0.05,271,311584,130015,175517,26167,32501,29431,36663,0.0104755058026086,0.020328386566704312,0.002882047858683387,0.020328386566704312,0.013357553661291988,0.0104755058026086,0.0232104344253877,0.011916529731950294,0.021769410496046006,0.0336859402279963,0.0,0.0,0.0,0.0
2024,target_nicu,0.1,271,311584,260030,351034,43165,53498,49004,60745,0.018739729896271956,0.03316280681934888,0.0045188456403409405,0.03316280681934888,0.023258575536612897,0.018739729896271956,0.037681652459689824,0.020999152716442426,0.035422229639519354,0.05642138235596178,0.0,0.0,0.0,0.0
2024,target_nicu,0.05,272,310435,130015,175517,26340,32579,29406,36617,0.00987646367194421,0.020097604973665986,0.0031310902443345556,0.020097604973665986,0.013007553916278766,0.00987646367194421,0.023228695218000542,0.011442008794111488,0.021663150095833264,0.03310515888994475,0.0,0.0,0.0,0.0
2024,target_nicu,0.1,272,310435,260030,351034,43102,53330,48787,60630,0.01831301238584568,0.03294731586322419,0.00520237730925957,0.03294731586322419,0.02351538969510525,0.01831301238584568,0.03814969317248376,0.020914201040475464,0.03554850451785398,0.05646270555832944,0.0,0.0,0.0,0.0
2024,target_nicu,0.05,273,310000,130015,175517,25963,32221,28984,36205,0.009745161290322588,0.020187096774193558,0.0031064516129032105,0.020187096774193558,0.012851612903225798,0.009745161290322588,0.02329354838709677,0.011298387096774193,0.021740322580645163,0.033038709677419356,0.0,0.0,0.0,0.0
2024,target_nicu,0.1,273,310000,260030,351034,42760,53289,48490,60317,0.018483870967741928,0.03396451612903226,0.004187096774193572,0.03396451612903226,0.0226709677419355,0.018483870967741928,0.03815161290322583,0.020577419354838714,0.03605806451612904,0.05663548387096776,0.0,0.0,0.0,0.0
2024,target_nicu,0.05,274,310644,130015,175517,26524,32847,29513,36904,0.009621946665636552,0.020354489383345567,0.0034380190829373797,0.020354489383345567,0.013059965748573932,0.009621946665636552,0.023792508466282947,0.011340956207105242,0.022073498924814257,0.0334144551319195,0.0,0.0,0.0,0.0
2024,target_nicu,0.1,274,310644,260030,351034,43088,53423,49181,60844,0.019614092015297263,0.03326959477730135,0.0042749900207311176,0.03326959477730135,0.02388908203602838,0.019614092015297263,0.037544584798032465,0.021751587025662822,0.03540708978766691,0.05715867681332973,0.0,0.0,0.0,0.0
2024,target_nicu,0.05,275,310109,130015,175517,26338,32628,29381,36684,0.009812678767788102,0.020283190749059196,0.0032665933591092128,0.020283190749059196,0.013079272126897315,0.009812678767788102,0.02354978410816841,0.011445975447342709,0.021916487428613803,0.03336246287595651,0.0,0.0,0.0,0.0
2024,target_nicu,0.1,275,310109,260030,351034,42930,53247,48875,60510,0.0191706786968453,0.033268947370118235,0.004250118506718609,0.033268947370118235,0.02342079720356391,0.0191706786968453,0.03751906587683684,0.021295737950204605,0.03539400662347754,0.056689744573682144,0.0,0.0,0.0,0.0
2024,target_nicu,0.05,276,310954,130015,175517,26123,32408,29306,36549,0.01023624073014015,0.020211992770634887,0.0030808415392630517,0.020211992770634887,0.013317082269403202,0.01023624073014015,0.02329283430989794,0.011776661499771676,0.021752413540266413,0.03352907504003809,0.0,0.0,0.0,0.0
2024,target_nicu,0.1,276,310954,260030,351034,42959,53422,48803,60663,0.018793776571454313,0.033648063700740305,0.004492625918946197,0.033648063700740305,0.02328640249040051,0.018793776571454313,0.0381406896196865,0.02104008953092741,0.0358943766602134,0.056934466191140815,0.0,0.0,0.0,0.0
2024,target_nicu,0.05,277,310455,130015,175517,26265,32661,29251,36559,0.00961814111545957,0.020602019616369524,0.002937623810214035,0.020602019616369524,0.012555764925673604,0.00961814111545957,0.02353964342658356,0.011086953020566587,0.02207083152147654,0.03315778454204313,0.0,0.0,0.0,0.0
2024,target_nicu,0.1,277,310455,260030,351034,43135,53401,48931,60604,0.018669372372807636,0.033067594337343575,0.0045320577861525935,0.033067594337343575,0.02320143015896023,0.018669372372807636,0.03759965212349617,0.020935401265883932,0.03533362323041987,0.056269024496303804,0.0,0.0,0.0,0.0
2024,target_nicu,0.05,278,311608,130015,175517,26518,32930,29678,36967,0.010140946317167734,0.020577135375215022,0.0028144335190367215,0.020577135375215022,0.012955379836204456,0.010140946317167734,0.023391568894251744,0.011548163076686095,0.021984352134733383,0.03353251521141948,0.0,0.0,0.0,0.0
2024,target_nicu,0.1,278,311608,260030,351034,43337,53638,49311,61059,0.019171523195810114,0.033057559497830596,0.004643654848399292,0.033057559497830596,0.023815178044209406,0.019171523195810114,0.03770121434622989,0.02149335062000976,0.03537938692203024,0.05687273754204,0.0,0.0,0.0,0.0
2024,target_nicu,0.05,279,310154,130015,175517,26232,32483,29316,36561,0.00994344744868679,0.020154503891615133,0.0032048595213990394,0.020154503891615133,0.01314830697008583,0.00994344744868679,0.023359363413014173,0.01154587720938631,0.021756933652314653,0.03330281086170096,0.0,0.0,0.0,0.0
2024,target_nicu,0.1,279,310154,260030,351034,42952,53279,48852,60674,0.01902280802440079,0.03329636245220119,0.004820186101098134,0.03329636245220119,0.023842994125498923,0.01902280802440079,0.03811654855329932,0.021432901074949856,0.035706455502750256,0.05713935657770011,0.0,0.0,0.0,0.0
2024,target_nicu,0.05,280,310042,130015,175517,26364,32555,29273,36533,0.009382599776804432,0.019968262364453843,0.003447919959231341,0.019968262364453843,0.012830519736035773,0.009382599776804432,0.023416182323685183,0.011106559756420102,0.021692222344069513,0.032798782100489615,0.0,0.0,0.0,0.0
2024,target_nicu,0.1,280,310042,260030,351034,42860,53175,48686,60269,0.018791002509337434,0.03326968604253616,0.004089768482979733,0.03326968604253616,0.022880770992317168,0.018791002509337434,0.037359454525515895,0.0208358867508273,0.03531457028402603,0.05615045703485333,0.0,0.0,0.0,0.0
2024,target_nicu,0.05,281,309977,130015,175517,26333,32674,29457,36666,0.010078167089816334,0.02045635643934872,0.0028002077573497514,0.02045635643934872,0.012878374847166085,0.010078167089816334,0.02325656419669847,0.01147827096849121,0.021856460318023595,0.033334731286514804,0.0,0.0,0.0,0.0
2024,target_nicu,0.1,281,309977,260030,351034,43127,53436,48910,60626,0.018656222881052453,0.03325730618723324,0.004539046445381445,0.03325730618723324,0.0231952693264339,0.018656222881052453,0.03779635263261469,0.020925746103743176,0.035526829409923966,0.05645257551366714,0.0,0.0,0.0,0.0
2024,target_nicu,0.05,282,310131,130015,175517,26101,32361,29150,36473,0.009831329341471837,0.020185018588918885,0.003427583827479347,0.020185018588918885,0.013258913168951184,0.009831329341471837,0.023612602416398232,0.01154512125521151,0.02189881050265856,0.03344393175787007,0.0,0.0,0.0,0.0
2024,target_nicu,0.1,282,310131,260030,351034,42792,52952,48561,60275,0.018601816651673014,0.03276034965869262,0.005010785764725217,0.03276034965869262,0.023612602416398232,0.018601816651673014,0.03777113542341784,0.021107209534035623,0.03526574254105523,0.056372952075090854,0.0,0.0,0.0,0.0
2024,target_nicu,0.05,283,310733,130015,175517,26271,32694,29357,36722,0.009931355858566679,0.020670479157347307,0.00303154154853201,0.020670479157347307,0.012962897407098689,0.009931355858566679,0.023702020705879318,0.011447126632832684,0.022186249931613312,0.033633376564445996,0.0,0.0,0.0,0.0
2024,target_nicu,0.1,283,310733,260030,351034,43079,53620,49063,60868,0.019257690686216133,0.03392301429201275,0.004067800973826419,0.03392301429201275,0.023325491660042552,0.019257690686216133,0.03799081526583917,0.021291591173129343,0.03595691477892596,0.0572485059520553,0.0,0.0,0.0,0.0
2024,target_nicu,0.05,284,310475,130015,175517,26133,32433,29058,36366,0.009421048393590467,0.02029148884773331,0.0032466382156373236,0.02029148884773331,0.01266768660922779,0.009421048393590467,0.023538127063370634,0.011044367501409129,0.021914807955551972,0.0329591754569611,0.0,0.0,0.0,0.0
2024,target_nicu,0.1,284,310475,260030,351034,42775,53188,48821,60333,0.019473387551332655,0.03353893228118207,0.003539737498993445,0.03353893228118207,0.0230131250503261,0.019473387551332655,0.037078669780175516,0.021243256300829377,0.035308801030678794,0.05655205733150817,0.0,0.0,0.0,0.0
2024,target_nicu,0.05,285,310035,130015,175517,26056,32444,29100,36425,0.009818246327027588,0.02060412534068734,0.0030222394245811024,0.02060412534068734,0.01284048575160869,0.009818246327027588,0.023626364765268443,0.01132936603931814,0.02211524505297789,0.03344461109229603,0.0,0.0,0.0,0.0
2024,target_nicu,0.1,285,310035,260030,351034,42734,53012,48717,60179,0.01929782121373394,0.033151095844017625,0.003818923669908214,0.033151095844017625,0.023116744883642154,0.01929782121373394,0.03697001951392584,0.021207283048688047,0.03506055767897173,0.05626784072765978,0.0,0.0,0.0,0.0
2024,target_nicu,0.05,286,310992,130015,175517,26457,32701,29457,36822,0.009646550393579256,0.02007768688583629,0.0036045943304007927,0.02007768688583629,0.013251144723980049,0.009646550393579256,0.023682281216237083,0.011448847558779653,0.021879984051036687,0.03332883160981634,0.0,0.0,0.0,0.0
2024,target_nicu,0.1,286,310992,260030,351034,43009,53372,49037,60675,0.0193831352574986,0.03332240057622063,0.004099783917271171,0.03332240057622063,0.023482919174769773,0.0193831352574986,0.0374221844934918,0.021433027216134187,0.035372292534856214,0.0568053197509904,0.0,0.0,0.0,0.0
2024,target_nicu,0.05,287,311228,130015,175517,26106,32441,29189,36499,0.00990592106108705,0.02035485239117303,0.003132751551916918,0.02035485239117303,0.013038672613003968,0.00990592106108705,0.02348760394308995,0.01147229683704551,0.02192122816713149,0.033393525004177,0.0,0.0,0.0,0.0
2024,target_nicu,0.1,287,311228,260030,351034,42901,53476,48858,60674,0.01914030871258368,0.03397830529386814,0.003987430436850181,0.03397830529386814,0.023127739149433862,0.01914030871258368,0.03796573573071832,0.021134023931008772,0.03597202051229323,0.057106044443302,0.0,0.0,0.0,0.0
2024,target_nicu,0.05,288,310195,130015,175517,26300,32624,29479,36833,0.01024839214042779,0.02038717580876545,0.0033204919486129747,0.02038717580876545,0.013568884089040764,0.01024839214042779,0.023707667757378426,0.011908638114734277,0.022047421783071938,0.033956059897806215,0.0,0.0,0.0,0.0
2024,target_nicu,0.1,288,310195,260030,351034,43051,53417,49196,60932,0.01981011944099681,0.03341768887312821,0.0044165766695143105,0.03341768887312821,0.02422669611051112,0.01981011944099681,0.03783426554264252,0.022018407775753965,0.035625977207885365,0.05764438498363933,0.0,0.0,0.0,0.0
2024,target_nicu,0.05,289,311455,130015,175517,26245,32540,29350,36689,0.009969337464481226,0.020211587548763066,0.003352009118492233,0.020211587548763066,0.013321346582973459,0.009969337464481226,0.0235635966672553,0.011645342023727343,0.021887592108009182,0.033532934131736525,0.0,0.0,0.0,0.0
2024,target_nicu,0.1,289,311455,260030,351034,42988,53420,48978,60775,0.01923231285418439,0.033494405291294105,0.004382655600327495,0.033494405291294105,0.023614968454511887,0.01923231285418439,0.0378770608916216,0.02142364065434814,0.03568573309145785,0.05710937374580599,0.0,0.0,0.0,0.0
2024,target_nicu,0.05,290,311004,130015,175517,26183,32425,29276,36522,0.009945209707913724,0.020070481408599253,0.0032282542989800767,0.020070481408599253,0.0131734640068938,0.009945209707913724,0.02329873570757933,0.011559336857403762,0.02168460855808929,0.033243945415493054,0.0,0.0,0.0,0.0
2024,target_nicu,0.1,290,311004,260030,351034,42965,53227,48722,60390,0.018511015935486347,0.03299636017543184,0.004520842175663342,0.03299636017543184,0.02303185811114969,0.018511015935486347,0.03751720235109518,0.020771437023318018,0.03525678126326351,0.05602821828658153,0.0,0.0,0.0,0.0
2024,target_nicu,0.05,291,310192,130015,175517,26269,32532,29306,36585,0.009790710269768396,0.020190720585959665,0.003275390725744051,0.020190720585959665,0.013066100995512447,0.009790710269768396,0.023466111311703716,0.011428405632640422,0.02182841594883169,0.03325682158147211,0.0,0.0,0.0,0.0
2024,target_nicu,0.1,291,310192,260030,351034,43064,53511,48802,60451,0.018498220457007247,0.03367914066126784,0.0038750193428586377,0.03367914066126784,0.022373239799865885,0.018498220457007247,0.03755416000412648,0.020435730128436566,0.03561665033269716,0.05605238046113373,0.0,0.0,0.0,0.0
2024,target_nicu,0.05,292,310062,130015,175517,26109,32387,29297,36493,0.010281814604820971,0.020247563390547688,0.0029606981829440604,0.020247563390547688,0.013242512787765032,0.010281814604820971,0.023208261573491748,0.011762163696293002,0.021727912482019718,0.03349007617831272,0.0,0.0,0.0,0.0
2024,target_nicu,0.1,292,310062,260030,351034,42949,53214,48772,60497,0.018780114944752985,0.03310628196941259,0.004708735672220382,0.03310628196941259,0.023488850616973367,0.018780114944752985,0.037815017641632975,0.021134482780863176,0.035460649805522784,0.05659513258638596,0.0,0.0,0.0,0.0
2024,target_nicu,0.05,293,309917,130015,175517,26256,32585,29358,36637,0.010009131477137431,0.02042159675009761,0.003065336848252914,0.02042159675009761,0.013074468325390345,0.010009131477137431,0.023486933598350523,0.011541799901263888,0.021954265174224066,0.033496065075487955,0.0,0.0,0.0,0.0
2024,target_nicu,0.1,293,309917,260030,351034,42969,53218,48936,60662,0.019253542077394936,0.03307014458709914,0.004765792131441626,0.03307014458709914,0.024019334208836562,0.019253542077394936,0.03783593671854077,0.02163643814311575,0.035453040652819956,0.057089478795935705,0.0,0.0,0.0,0.0
2024,target_nicu,0.05,294,311423,130015,175517,26367,32679,29564,36814,0.01026577998413733,0.020268252505434722,0.003011980489559224,0.020268252505434722,0.013277760473696554,0.01026577998413733,0.023280232994993946,0.011771770228916942,0.021774242750214334,0.033546012979131276,0.0,0.0,0.0,0.0
2024,target_nicu,0.1,294,311423,260030,351034,43273,53685,49009,60844,0.018418678132315236,0.033433625647431325,0.004569347800258777,0.033433625647431325,0.022988025932574013,0.018418678132315236,0.0380029734476901,0.020703352032444625,0.035718299547560714,0.05642165158000534,0.0,0.0,0.0,0.0
2024,target_nicu,0.05,295,310791,130015,175517,26353,32542,29398,36740,0.009797581011033146,0.019913704064789525,0.003709888638988898,0.019913704064789525,0.013507469650022044,0.009797581011033146,0.023623592703778423,0.011652525330527595,0.021768648384283974,0.03342117371481157,0.0,0.0,0.0,0.0
2024,target_nicu,0.1,295,310791,260030,351034,43050,53541,48830,60674,0.01859770714081166,0.033755803739490525,0.004353407917217694,0.033755803739490525,0.022951115058029353,0.01859770714081166,0.03810921165670822,0.020774411099420506,0.03593250769809937,0.05670691879751988,0.0,0.0,0.0,0.0
2024,target_nicu,0.05,296,310869,130015,175517,26261,32504,29368,36683,0.00999456362647931,0.02008241413585786,0.0034483978782059443,0.02008241413585786,0.013442961504685255,0.00999456362647931,0.023530812014063804,0.011718762565582283,0.02180661307496083,0.033525375640543115,0.0,0.0,0.0,0.0
2024,target_nicu,0.1,296,310869,260030,351034,43002,53391,48778,60547,0.01858017364227374,0.033419221601381915,0.004439168910377073,0.033419221601381915,0.023019342552650812,0.01858017364227374,0.03785839051175899,0.020799758097462276,0.03563880605657045,0.05643856415403273,0.0,0.0,0.0,0.0
2024,target_nicu,0.05,297,311047,130015,175517,26243,32492,29269,36590,0.009728433323581323,0.02009021144714465,0.0034464244953335,0.02009021144714465,0.013174857818914823,0.009728433323581323,0.02353663594247815,0.011451645571248073,0.0218134236948114,0.033265069266059474,0.0,0.0,0.0,0.0
2024,target_nicu,0.1,297,311047,260030,351034,42824,53349,48805,60349,0.01922860532331125,0.03383733004979955,0.0032760322395007924,0.03383733004979955,0.02250463756281204,0.01922860532331125,0.037113362289300345,0.020866621443061645,0.03547534616954995,0.05634196761261159,0.0,0.0,0.0,0.0
2024,target_nicu,0.05,298,310027,130015,175517,26350,32756,29530,36738,0.010257171149609556,0.020662716473081377,0.002586871466033605,0.020662716473081377,0.012844042615643161,0.010257171149609556,0.023249587939114982,0.011550606882626359,0.02195615220609818,0.03350675908872454,0.0,0.0,0.0,0.0
2024,target_nicu,0.1,298,310027,260030,351034,43085,53418,49206,60727,0.019743441700239034,0.03332935518519356,0.003831924316269192,0.03332935518519356,0.023575366016508226,0.019743441700239034,0.03716127950146275,0.02165940385837363,0.035245317343328156,0.056904721201701786,0.0,0.0,0.0,0.0
2024,target_nicu,0.05,299,310473,130015,175517,26291,32692,29418,36735,0.010071729264702567,0.020616929652497964,0.002950337066347161,0.020616929652497964,0.013022066331049728,0.010071729264702567,0.023567266718845126,0.011546897797876148,0.022092098185671545,0.03363899598354769,0.0,0.0,0.0,0.0
2024,target_nicu,0.1,299,310473,260030,351034,43023,53488,49108,60767,0.019599127782448073,0.0337066347154181,0.0038457450406315374,0.0337066347154181,0.02344487282307961,0.019599127782448073,0.037552379756049636,0.02152200030276384,0.03562950723573387,0.05715150753849771,0.0,0.0,0.0,0.0
2024,target_nicu,0.05,300,311061,130015,175517,26127,32446,29173,36479,0.009792291544102286,0.02031434348889767,0.003173011081427757,0.02031434348889767,0.012965302625530042,0.009792291544102286,0.023487354570325428,0.011378797084816164,0.02190084902961155,0.03327964611442771,0.0,0.0,0.0,0.0
2024,target_nicu,0.1,300,311061,260030,351034,42880,53341,48881,60614,0.01929203596722187,0.03363005969890151,0.004089230086703227,0.03363005969890151,0.0233812660539251,0.01929203596722187,0.03771928978560474,0.021336651010573485,0.035674674742253124,0.05701132575282661,0.0,0.0,0.0,0.0
2024,target_nicu,0.05,301,310945,130015,175517,26269,32579,29316,36591,0.00979916062326136,0.020292977857820527,0.003103442731029582,0.020292977857820527,0.012902603354290942,0.00979916062326136,0.02339642058885011,0.011350881988776151,0.021844699223335318,0.03319558121211147,0.0,0.0,0.0,0.0
2024,target_nicu,0.1,301,310945,260030,351034,42997,53346,48827,60526,0.018749296499380924,0.033282413288523716,0.004341603820611356,0.033282413288523716,0.02309090031999228,0.018749296499380924,0.03762401710913507,0.020920098409686602,0.035453215198829394,0.056373313608515996,0.0,0.0,0.0,0.0
2024,target_nicu,0.05,302,310442,130015,175517,26251,32425,29427,36656,0.010230574471237777,0.019887772917324326,0.0033983803737896445,0.019887772917324326,0.013628954845027422,0.010230574471237777,0.02328615329111397,0.0119297646581326,0.021586963104219148,0.03351672776235175,0.0,0.0,0.0,0.0
2024,target_nicu,0.1,302,310442,260030,351034,42834,53078,48725,60390,0.01897616946160635,0.032998112368816085,0.004577344560336538,0.032998112368816085,0.02355351402194289,0.01897616946160635,0.03757545692915262,0.02126484174177462,0.035286784648984354,0.056551626390758974,0.0,0.0,0.0,0.0
2024,target_nicu,0.05,303,310749,130015,175517,26414,32800,29328,36599,0.009377343129020527,0.02055034770827903,0.0028479576764526976,0.02055034770827903,0.012225300805473224,0.009377343129020527,0.023398305384731727,0.010801321967246875,0.021974326546505378,0.032775648513752254,0.0,0.0,0.0,0.0
2024,target_nicu,0.1,303,310749,260030,351034,43175,53547,48868,60491,0.018320252036209295,0.033377420361771076,0.0040257571223077104,0.033377420361771076,0.022346009158517005,0.018320252036209295,0.03740317748407879,0.02033313059736315,0.03539029892292493,0.05572342952028808,0.0,0.0,0.0,0.0
2024,target_nicu,0.05,304,310695,130015,175517,26369,32625,29211,36563,0.009147234426044842,0.02013550266338371,0.0035275752747871564,0.02013550266338371,0.012674809700831999,0.009147234426044842,0.023663077938170865,0.01091102206343842,0.021899290300777287,0.03281031236421571,0.0,0.0,0.0,0.0
2024,target_nicu,0.1,304,310695,260030,351034,43126,53609,48774,60383,0.018178599591238992,0.03374048504160029,0.003624132992162743,0.03374048504160029,0.021802732583401735,0.018178599591238992,0.037364618033763036,0.019990666087320363,0.035552551537681665,0.05554321762500203,0.0,0.0,0.0,0.0
2024,target_nicu,0.05,305,309929,130015,175517,26227,32603,29230,36632,0.009689315940102403,0.020572453691006645,0.0033104356158991377,0.020572453691006645,0.01299975155600154,0.009689315940102403,0.023882889306905783,0.011344533748051971,0.022227671498956214,0.033572205247008186,0.0,0.0,0.0,0.0
2024,target_nicu,0.1,305,309929,260030,351034,43153,53450,48965,60755,0.018752682065892506,0.033223738340071446,0.004817232333857113,0.033223738340071446,0.02356991439974962,0.018752682065892506,0.03804097067392856,0.021161298232821063,0.035632354507,0.056793652739821066,0.0,0.0,0.0,0.0
2024,target_nicu,0.05,306,311096,130015,175517,26232,32530,29203,36543,0.009550106719469223,0.020244554735515716,0.003349448401779531,0.020244554735515716,0.012899555121248754,0.009550106719469223,0.023594003137295247,0.011224830920358989,0.02191927893640548,0.03314410985676447,0.0,0.0,0.0,0.0
2024,target_nicu,0.1,306,311096,260030,351034,43028,53365,48810,60550,0.018585902743847554,0.03322768534471676,0.00450986190757835,0.03322768534471676,0.023095764651425904,0.018585902743847554,0.03773754725229511,0.02084083369763673,0.03548261629850594,0.056323449996142666,0.0,0.0,0.0,0.0
2024,target_nicu,0.05,307,310474,130015,175517,26156,32307,29309,36561,0.010155439746967532,0.01981164284287895,0.003546190663308371,0.01981164284287895,0.013701630410275903,0.010155439746967532,0.023357833506187323,0.011928535078621717,0.021584738174533137,0.033513273253154854,0.0,0.0,0.0,0.0
2024,target_nicu,0.1,307,310474,260030,351034,42728,53013,48566,60323,0.018803506895907568,0.033126767458788814,0.004741137744223328,0.033126767458788814,0.023544644640130896,0.018803506895907568,0.03786790520301214,0.021174075768019232,0.03549733633090048,0.05667141209891971,0.0,0.0,0.0,0.0
2024,target_nicu,0.05,308,310928,130015,175517,26040,32328,29040,36328,0.009648535995471622,0.020223331446508522,0.003216178665157207,0.020223331446508522,0.012864714660628829,0.009648535995471622,0.02343951011166573,0.011256625328050225,0.021831420779087125,0.03308804610713735,0.0,0.0,0.0,0.0
2024,target_nicu,0.1,308,310928,260030,351034,42948,53266,48660,60477,0.01837081253537798,0.03318453146709205,0.0048210518190706375,0.03318453146709205,0.023191864354448616,0.01837081253537798,0.038005583286162686,0.020781338444913297,0.03559505737662737,0.056376395821540665,0.0,0.0,0.0,0.0
2024,target_nicu,0.05,309,310665,130015,175517,26410,32734,29550,36819,0.010107350361321668,0.02035633238375742,0.0030418618125633845,0.02035633238375742,0.013149212173885053,0.010107350361321668,0.023398194196320804,0.01162828126760336,0.021877263290039112,0.03350554455764247,0.0,0.0,0.0,0.0
2024,target_nicu,0.1,309,310665,260030,351034,43212,53639,49229,61080,0.019368129657347938,0.03356348478264368,0.004583715577873265,0.03356348478264368,0.023951845235221203,0.019368129657347938,0.03814720036051694,0.02165998744628457,0.03585534257158031,0.05751533001786488,0.0,0.0,0.0,0.0
2024,target_nicu,0.05,310,310265,130015,175517,26077,32381,29090,36378,0.009711053454305202,0.02031811515962162,0.003171482442428236,0.02031811515962162,0.012882535896733438,0.009711053454305202,0.023489597602049855,0.01129679467551932,0.021903856380835737,0.03320065105635506,0.0,0.0,0.0,0.0
2024,target_nicu,0.1,310,310265,260030,351034,42728,53091,48568,60244,0.018822619373761146,0.03340048023463815,0.0042318663078336205,0.03340048023463815,0.023054485681594766,0.018822619373761146,0.03763234654247177,0.020938552527677956,0.03551641338855496,0.05645496591623292,0.0,0.0,0.0,0.0
2024,target_nicu,0.05,311,310989,130015,175517,26287,32612,29344,36681,0.009829929675969254,0.020338339941284103,0.0032541343906054426,0.020338339941284103,0.013084064066574697,0.009829929675969254,0.023592474331889546,0.011456996871271975,0.021965407136586824,0.0334224040078588,0.0,0.0,0.0,0.0
2024,target_nicu,0.1,311,310989,260030,351034,43015,53408,49048,60755,0.019399399978777404,0.03341918846004202,0.004225229831280181,0.03341918846004202,0.023624629810057585,0.019399399978777404,0.0376444182913222,0.021512014894417494,0.03553180337568211,0.057043818270099605,0.0,0.0,0.0,0.0
2024,target_nicu,0.05,312,309876,130015,175517,26222,32541,29141,36398,0.009419896991054486,0.020392027778853475,0.0030270172585163124,0.020392027778853475,0.012446914249570798,0.009419896991054486,0.023419045037369787,0.010933405620312642,0.02190553640811163,0.03283894202842427,0.0,0.0,0.0,0.0
2024,target_nicu,0.1,312,309876,260030,351034,42999,53317,48620,60319,0.018139513870064156,0.03329718984367941,0.004456621358220697,0.03329718984367941,0.022596135228284853,0.018139513870064156,0.037753811201900106,0.020367824549174504,0.03552550052278976,0.05589332507196426,0.0,0.0,0.0,0.0
2024,target_nicu,0.05,313,311188,130015,175517,26477,32755,29454,36747,0.00956656426340348,0.02017429978019719,0.0032616938956514935,0.02017429978019719,0.012828258159054973,0.00956656426340348,0.023435993675848685,0.011197411211229226,0.021805146728022938,0.033002557939252164,0.0,0.0,0.0,0.0
2024,target_nicu,0.1,313,311188,260030,351034,43142,53535,48977,60690,0.018750723035592637,0.03339781739655773,0.004241808810108355,0.03339781739655773,0.022992531845700992,0.018750723035592637,0.03763962620666608,0.020871627440646814,0.035518721801611905,0.05639034924225872,0.0,0.0,0.0,0.0
2024,target_nicu,0.05,314,309978,130015,175517,26228,32599,29576,36700,0.010800766506010112,0.02055307150830059,0.0024292046532334577,0.02055307150830059,0.01322997115924357,0.010800766506010112,0.022982276161534046,0.012015368832626841,0.021767673834917317,0.03378304266754416,0.0,0.0,0.0,0.0
2024,target_nicu,0.1,314,309978,260030,351034,43084,53186,48967,60575,0.018978766235023148,0.032589409571001815,0.004858409306466888,0.032589409571001815,0.023837175541490035,0.018978766235023148,0.0374478188774687,0.02140797088825659,0.03501861422423526,0.05642658511249185,0.0,0.0,0.0,0.0
2024,target_nicu,0.05,315,311053,130015,175517,26407,32656,29430,36679,0.009718601010117248,0.02008982392068233,0.0032148862091026242,0.02008982392068233,0.012933487219219872,0.009718601010117248,0.023304710129784953,0.01132604411466856,0.02169726702523364,0.0330233111399022,0.0,0.0,0.0,0.0
2024,target_nicu,0.1,315,311053,260030,351034,43227,53549,48948,60794,0.018392364002276146,0.03318405545035735,0.004899486582672391,0.03318405545035735,0.023291850584948537,0.018392364002276146,0.038083542033029744,0.02084210729361234,0.03563379874169355,0.05647590603530589,0.0,0.0,0.0,0.0
2024,target_nicu,0.05,316,311462,130015,175517,26211,32514,29251,36538,0.009760420211775436,0.020236818616717292,0.0031592939106536155,0.020236818616717292,0.012919714122429052,0.009760420211775436,0.023396112527370908,0.011340067167102244,0.0218164655720441,0.033156532739146344,0.0,0.0,0.0,0.0
2024,target_nicu,0.1,316,311462,260030,351034,42939,53433,48775,60457,0.01873743827497415,0.03369271371788532,0.0038142694774964403,0.03369271371788532,0.02255170775247059,0.01873743827497415,0.03750698319538176,0.02064457301372237,0.03559984845663354,0.05624442147035591,0.0,0.0,0.0,0.0
2024,target_nicu,0.05,317,310695,130015,175517,26130,32295,29301,36596,0.010206150726596822,0.019842610920677836,0.003637007354479471,0.019842610920677836,0.013843158081076293,0.010206150726596822,0.023479618275157307,0.012024654403836557,0.021661114597917572,0.03368576900175413,0.0,0.0,0.0,0.0
2024,target_nicu,0.1,317,310695,260030,351034,42656,52825,48747,60434,0.019604435217818128,0.03272984759973607,0.004885820499203386,0.03272984759973607,0.024490255717021514,0.019604435217818128,0.03761566809893946,0.02204734546741982,0.035172757849337766,0.05722010331675759,0.0,0.0,0.0,0.0
2024,target_nicu,0.05,318,310882,130015,175517,26371,32822,29442,36987,0.009878346124896256,0.020750638505928287,0.003519020078357721,0.020750638505928287,0.013397366203253977,0.009878346124896256,0.024269658584286008,0.011637856164075117,0.022510148545107148,0.034148004709182264,0.0,0.0,0.0,0.0
2024,target_nicu,0.1,318,310882,260030,351034,43397,53629,49490,61236,0.019599076176813085,0.03291280936175142,0.004870014989610177,0.03291280936175142,0.024469091166423262,0.019599076176813085,0.0377828243513616,0.022034083671618174,0.03534781685655651,0.057381900528174684,0.0,0.0,0.0,0.0
2024,target_nicu,0.05,319,310840,130015,175517,26309,32608,29319,36624,0.009683438424913135,0.020264444730407935,0.003236391712778272,0.020264444730407935,0.012919830137691407,0.009683438424913135,0.023500836443186207,0.011301634281302271,0.02188264058679707,0.03318427486809934,0.0,0.0,0.0,0.0
2024,target_nicu,0.1,319,310840,260030,351034,43154,53663,48813,60629,0.018205507656672254,0.03380839016857548,0.0042047355552695675,0.03380839016857548,0.02241024321194182,0.018205507656672254,0.03801312572384505,0.020307875434307038,0.035910757946210264,0.0562186333805173,0.0,0.0,0.0,0.0
2024,target_nicu,0.05,320,311829,130015,175517,26173,32504,29211,36554,0.009742519137091163,0.02030279415961954,0.003245368455146891,0.02030279415961954,0.012987887592238054,0.009742519137091163,0.02354816261476643,0.011365203364664608,0.021925478387192984,0.03329068175185759,0.0,0.0,0.0,0.0
2024,target_nicu,0.1,320,311829,260030,351034,43016,53265,48969,60634,0.01909059131767732,0.0328673728229254,0.004540950328545429,0.0328673728229254,0.023631541646222748,0.01909059131767732,0.03740832315147083,0.021361066481950033,0.035137847987198115,0.05649891446914815,0.0,0.0,0.0,0.0
2024,target_nicu,0.05,321,311038,130015,175517,26181,32473,29206,36521,0.009725499778162158,0.020229039538577284,0.0032889871977057478,0.020229039538577284,0.013014486975867906,0.009725499778162158,0.023518026736283032,0.011369993377015032,0.021873533137430158,0.03324352651444519,0.0,0.0,0.0,0.0
2024,target_nicu,0.1,321,311038,260030,351034,42883,53210,48780,60489,0.01895909824523051,0.03320173097820847,0.004443187006089255,0.03320173097820847,0.023402285251319765,0.01895909824523051,0.03764491798429773,0.021180691748275138,0.0354233244812531,0.05660401622952824,0.0,0.0,0.0,0.0
2024,target_nicu,0.05,322,311060,130015,175517,26308,32618,29274,36666,0.009535137915514691,0.020285475470970232,0.003478428598984118,0.020285475470970232,0.013013566514498809,0.009535137915514691,0.02376390406995435,0.01127435221500675,0.02202468977046229,0.03329904198546904,0.0,0.0,0.0,0.0
2024,target_nicu,0.1,322,311060,260030,351034,43129,53420,49073,60773,0.019108853597376713,0.03308364945669645,0.0045296727319488195,0.03308364945669645,0.023638526329325532,0.019108853597376713,0.03761332218864527,0.021373689963351122,0.03534848582267086,0.05672217578602198,0.0,0.0,0.0,0.0
2024,target_nicu,0.05,323,310953,130015,175517,26165,32526,29182,36334,0.00970243091399664,0.020456467697690647,0.0025437927918367104,0.020456467697690647,0.01224622370583335,0.00970243091399664,0.023000260489527358,0.010974327309914995,0.021728364093609003,0.032702691403524,0.0,0.0,0.0,0.0
2024,target_nicu,0.1,323,310953,260030,351034,43122,53612,48738,60622,0.018060607230031556,0.03373500175267646,0.004482992606599706,0.03373500175267646,0.022543599836631262,0.018060607230031556,0.03821799435927617,0.02030210353333141,0.035976498055976316,0.056278601589307725,0.0,0.0,0.0,0.0
2024,target_nicu,0.05,324,311187,130015,175517,26428,32828,29323,36614,0.009303087853927056,0.020566411835970008,0.002863230147788956,0.020566411835970008,0.012166318001716012,0.009303087853927056,0.023429641983758964,0.010734702927821534,0.021998026909864486,0.03273272983768602,0.0,0.0,0.0,0.0
2024,target_nicu,0.1,324,311187,260030,351034,43154,53636,48955,60603,0.018641524228197176,0.03368392638509962,0.0037469431563658118,0.03368392638509962,0.022388467384562988,0.018641524228197176,0.037430869541465434,0.020514995806380082,0.03555739796328253,0.05607239376966261,0.0,0.0,0.0,0.0
2024,target_nicu,0.05,325,310770,130015,175517,26459,32858,29476,36891,0.009708144286771567,0.020590790616854898,0.003269298838369225,0.020590790616854898,0.012977443125140792,0.009708144286771567,0.023860089455224123,0.01134279370595618,0.02222544003603951,0.03356823374199569,0.0,0.0,0.0,0.0
2024,target_nicu,0.1,325,310770,260030,351034,43304,53643,49199,60836,0.01896901245293947,0.033268977056987475,0.0041767223348457005,0.033268977056987475,0.02314573478778517,0.01896901245293947,0.037445699391833176,0.02105737362036232,0.035357338224410326,0.05641471184477265,0.0,0.0,0.0,0.0
2024,target_nicu,0.05,326,310135,130015,175517,26224,32481,29148,36529,0.009428152256275482,0.020175085043610028,0.003624228158705098,0.020175085043610028,0.01305238041498058,0.009428152256275482,0.023799313202315125,0.011240266335628031,0.021987199122962577,0.03322746545859061,0.0,0.0,0.0,0.0
2024,target_nicu,0.1,326,310135,260030,351034,42855,53127,48730,60445,0.018943363374014532,0.03312106018346847,0.004652812484885638,0.03312106018346847,0.02359617585890017,0.018943363374014532,0.03777387266835411,0.02126976961645735,0.03544746642591129,0.05671723604236864,0.0,0.0,0.0,0.0
2024,target_nicu,0.05,327,310490,130015,175517,26368,32639,29406,36651,0.009784534123482236,0.02019710779735258,0.003136977036297464,0.02019710779735258,0.0129215111597797,0.009784534123482236,0.023334084833650043,0.011353022641630968,0.02176559631550131,0.03311861895713228,0.0,0.0,0.0,0.0
2024,target_nicu,0.1,327,310490,260030,351034,43060,53669,48890,60448,0.01877677219878257,0.03416857225675546,0.003056459145222068,0.03416857225675546,0.02183323134400464,0.01877677219878257,0.037225031401977526,0.020305001771393605,0.03569680182936649,0.0560018036007601,0.0,0.0,0.0,0.0
2024,target_nicu,0.05,328,310441,130015,175517,26419,32733,29420,36698,0.009666893226088047,0.020338808340393186,0.003105259936670726,0.020338808340393186,0.012772153162758773,0.009666893226088047,0.023444068277063912,0.01121952319442341,0.02189143830872855,0.03311096150315196,0.0,0.0,0.0,0.0
2024,target_nicu,0.1,328,310441,260030,351034,43357,53539,48968,60706,0.01807428786790405,0.032798502775084476,0.0050122245450826275,0.032798502775084476,0.023086512412986676,0.01807428786790405,0.037810727320167103,0.020580400140445362,0.03530461504762579,0.05588501518807115,0.0,0.0,0.0,0.0
2024,target_nicu,0.05,329,310369,130015,175517,26263,32568,29334,36750,0.009894673759299422,0.020314528835031848,0.003579610077037332,0.020314528835031848,0.013474283836336753,0.009894673759299422,0.02389413891206918,0.011684478797818088,0.022104333873550513,0.0337888126713686,0.0,0.0,0.0,0.0
2024,target_nicu,0.1,329,310369,260030,351034,42978,53297,48960,60639,0.019273832115965173,0.03324752149860327,0.00438188092238595,0.03324752149860327,0.023655713038351123,0.019273832115965173,0.03762940242098922,0.021464772577158148,0.03543846195979625,0.056903234536954395,0.0,0.0,0.0,0.0
2024,target_nicu,0.05,330,310672,130015,175517,26305,32607,29568,36769,0.010503038574445081,0.020285059483957354,0.0028937271463150838,0.020285059483957354,0.013396765720760165,0.010503038574445081,0.023178786630272438,0.011949902147602623,0.021731923057114896,0.03368182520471752,0.0,0.0,0.0,0.0
2024,target_nicu,0.1,330,310672,260030,351034,43039,53308,49080,60771,0.019444945151156218,0.03305415357676264,0.004577174640778697,0.03305415357676264,0.024022119791934915,0.019444945151156218,0.03763132821754134,0.021733532471545566,0.03534274089715199,0.057076273368697555,0.0,0.0,0.0,0.0
2024,target_nicu,0.05,331,310722,130015,175517,26527,32834,29759,37149,0.010401580834314916,0.020297886857061936,0.0034854307065479845,0.020297886857061936,0.0138870115408629,0.010401580834314916,0.02378331756360992,0.012144296187588909,0.02204060221033593,0.03418489839792484,0.0,0.0,0.0,0.0
2024,target_nicu,0.1,331,310722,260030,351034,43378,53788,49387,61172,0.019338830208353447,0.03350261648676309,0.0044251774898462215,0.03350261648676309,0.02376400769819967,0.019338830208353447,0.03792779397660931,0.021551418953276558,0.0357152052316862,0.057266624184962756,0.0,0.0,0.0,0.0
2024,target_nicu,0.05,332,310160,130015,175517,26113,32424,29222,36370,0.010023858653598144,0.020347562548362133,0.0026986071704926534,0.020347562548362133,0.012722465824090798,0.010023858653598144,0.023046169718854786,0.011373162238844471,0.02169686613360846,0.03307002837245293,0.0,0.0,0.0,0.0
2024,target_nicu,0.1,332,310160,260030,351034,42745,53136,48675,60413,0.0191191643022956,0.033502063451122,0.004342919783337645,0.033502063451122,0.023462084085633245,0.0191191643022956,0.037844983234459645,0.021290624193964422,0.03567352334279082,0.056964147536755244,0.0,0.0,0.0,0.0
2024,target_nicu,0.05,333,311504,130015,175517,26305,32645,29275,36628,0.009534388001438188,0.020352868663002732,0.003251964661769982,0.020352868663002732,0.01278635266320817,0.009534388001438188,0.023604833324772714,0.011160370332323179,0.021978850993887723,0.0331392213262109,0.0,0.0,0.0,0.0
2024,target_nicu,0.1,333,311504,260030,351034,43174,53515,49042,60824,0.018837639324053634,0.03319700549591659,0.004625943808105187,0.03319700549591659,0.023463583132158822,0.018837639324053634,0.037822949304021775,0.021150611228106228,0.03550997739996918,0.05666058862807541,0.0,0.0,0.0,0.0
2024,target_nicu,0.05,334,311002,130015,175517,26111,32493,29105,36429,0.009626947736670513,0.02052076835518743,0.0030289194281708787,0.02052076835518743,0.012655867164841392,0.009626947736670513,0.02354968778335831,0.011141407450755952,0.02203522806927287,0.03317663552002882,0.0,0.0,0.0,0.0
2024,target_nicu,0.1,334,311002,260030,351034,42882,53356,48656,60303,0.01856579700452088,0.03367824001131825,0.003771679924887944,0.03367824001131825,0.022337476929408823,0.01856579700452088,0.037449919936206194,0.02045163696696485,0.03556407997376222,0.05601571694072707,0.0,0.0,0.0,0.0
2024,target_nicu,0.05,335,310750,130015,175517,26410,32805,29462,36773,0.009821399839098952,0.020579243765084465,0.002947707160096541,0.020579243765084465,0.012769106999195493,0.009821399839098952,0.023526950925181006,0.011295253419147222,0.022053097345132736,0.03334835076427996,0.0,0.0,0.0,0.0
2024,target_nicu,0.1,335,310750,260030,351034,43304,53651,49119,60811,0.018712791633145626,0.03329686242960578,0.004328238133547879,0.03329686242960578,0.023041029766693505,0.018712791633145626,0.03762510056315366,0.020876910699919565,0.03546098149637972,0.05633789219629928,0.0,0.0,0.0,0.0
2024,target_nicu,0.05,336,310910,130015,175517,26261,32704,29374,36717,0.010012543822971287,0.020723038821523918,0.0028947283779871824,0.020723038821523918,0.01290727220095847,0.010012543822971287,0.0236177671995111,0.011459908011964878,0.02217040301051751,0.03363031102248239,0.0,0.0,0.0,0.0
2024,target_nicu,0.1,336,310910,260030,351034,43036,53421,49092,60642,0.019478305618989417,0.03340194911710784,0.0037470650670612116,0.03340194911710784,0.023225370686050628,0.019478305618989417,0.03714901418416905,0.021351838152520022,0.03527548165063844,0.056627319803158466,0.0,0.0,0.0,0.0
2024,target_nicu,0.05,337,311443,130015,175517,26141,32517,29309,36624,0.010172005792392191,0.02047244600135499,0.003014997928995025,0.02047244600135499,0.013187003721387217,0.010172005792392191,0.023487443930350016,0.011679504756889704,0.021979944965852503,0.03365944972274221,0.0,0.0,0.0,0.0
2024,target_nicu,0.1,337,311443,260030,351034,42959,53355,48987,60743,0.019355066577190688,0.03338010486670112,0.004366770163400674,0.03338010486670112,0.023721836740591362,0.019355066577190688,0.037746875030101795,0.021538451658891025,0.03556348994840146,0.057101941607292483,0.0,0.0,0.0,0.0
2024,target_nicu,0.05,338,310538,130015,175517,26088,32442,29320,36474,0.010407743979802792,0.02046126399989695,0.0025761742524264414,0.02046126399989695,0.012983918232229233,0.010407743979802792,0.02303743825232339,0.011695831106016012,0.02174935112611017,0.03344518223212618,0.0,0.0,0.0,0.0
2024,target_nicu,0.1,338,310538,260030,351034,42802,53146,48801,60403,0.019318086675382706,0.03330993308387378,0.004051034011940596,0.03330993308387378,0.023369120687323303,0.019318086675382706,0.03736096709581438,0.021343603681353004,0.03533545008984408,0.056679053771197085,0.0,0.0,0.0,0.0
2024,target_nicu,0.05,339,310662,130015,175517,26166,32453,29135,36442,0.009557010513033454,0.020237428459225784,0.0032833111226992645,0.020237428459225784,0.012840321635732718,0.009557010513033454,0.02352073958192505,0.011198666074383086,0.021879084020575416,0.0330777500949585,0.0,0.0,0.0,0.0
2024,target_nicu,0.1,339,310662,260030,351034,42882,53367,48776,60484,0.0189723879972446,0.03375050698186452,0.003936754414765903,0.03375050698186452,0.022909142412010502,0.0189723879972446,0.03768726139663042,0.02094076520462755,0.03571888418924747,0.05665964939387502,0.0,0.0,0.0,0.0
2024,target_nicu,0.05,340,310348,130015,175517,26070,32383,29146,36415,0.009911454238467773,0.020341680951705826,0.003080412955778683,0.020341680951705826,0.012991867194246456,0.009911454238467773,0.02342209390748451,0.011451660716357115,0.021881887429595168,0.03333354814595228,0.0,0.0,0.0,0.0
2024,target_nicu,0.1,340,310348,260030,351034,42847,53115,48637,60459,0.01865647595602357,0.033085439571062164,0.0050072821477824825,0.033085439571062164,0.023663758103806054,0.01865647595602357,0.038092721718844647,0.021160117029914813,0.035589080644953405,0.05674919767486822,0.0,0.0,0.0,0.0
2024,target_nicu,0.05,341,310760,130015,175517,26231,32586,29158,36460,0.009418844124082892,0.020449864847470717,0.0030473677435963464,0.020449864847470717,0.012466211867679239,0.009418844124082892,0.023497232591067063,0.010942527995881066,0.02197354871926889,0.032916076715149956,0.0,0.0,0.0,0.0
2024,target_nicu,0.1,341,310760,260030,351034,43040,53456,48791,60580,0.01850624275968593,0.033517827262195904,0.0044182005406100955,0.033517827262195904,0.022924443300296027,0.01850624275968593,0.037936027802806,0.02071534302999098,0.03572692753250095,0.05644227056249193,0.0,0.0,0.0,0.0
2024,target_nicu,0.05,342,310871,130015,175517,26209,32619,29432,36718,0.01036764445702558,0.020619485252725403,0.002817889092260134,0.020619485252725403,0.013185533549285713,0.01036764445702558,0.023437374344985537,0.011776589003155646,0.02202842979885547,0.033805018802011116,0.0,0.0,0.0,0.0
2024,target_nicu,0.1,342,310871,260030,351034,43143,53621,49003,60848,0.018850262649137445,0.033705298982536186,0.004397322362008654,0.033705298982536186,0.0232475850111461,0.018850262649137445,0.03810262134454484,0.021048923830141772,0.03590396016354051,0.056952883993682285,0.0,0.0,0.0,0.0
2024,target_nicu,0.05,343,310393,130015,175517,26284,32668,29231,36565,0.009494415144671434,0.020567474137625524,0.003060636032384753,0.020567474137625524,0.012555051177056187,0.009494415144671434,0.023628110170010277,0.01102473316086381,0.0220977921538179,0.03312252531468171,0.0,0.0,0.0,0.0
2024,target_nicu,0.1,343,310393,260030,351034,42990,53422,48857,60406,0.01890184379158036,0.0336090053577239,0.0035986636296566066,0.0336090053577239,0.022500507421236965,0.01890184379158036,0.03720766898738051,0.02070117560640866,0.03540833717255221,0.05610951277896087,0.0,0.0,0.0,0.0
2024,target_nicu,0.05,344,311176,130015,175517,26288,32550,29523,36790,0.010396045967555348,0.020123659922359052,0.003229683523150881,0.020123659922359052,0.013625729490706229,0.010396045967555348,0.023353343445509933,0.012010887729130788,0.021738501683934493,0.03374938941306528,0.0,0.0,0.0,0.0
2024,target_nicu,0.1,344,311176,260030,351034,43030,53467,48967,60805,0.019079234902434627,0.03354050440908038,0.004502275239735731,0.03354050440908038,0.02358151014217036,0.019079234902434627,0.03804277964881611,0.021330372522302493,0.035791642028948245,0.05712201455125074,0.0,0.0,0.0,0.0
2024,target_nicu,0.05,345,310121,130015,175517,26273,32570,29300,36603,0.009760706304958386,0.020304977734497173,0.0032438951248061343,0.020304977734497173,0.01300460142976452,0.009760706304958386,0.023548872859303308,0.011382653867361453,0.02192692529690024,0.03330957916426169,0.0,0.0,0.0,0.0
2024,target_nicu,0.1,345,310121,260030,351034,43025,53244,48766,60450,0.018512129136691813,0.032951654354268195,0.004723962582346863,0.032951654354268195,0.023236091719038676,0.018512129136691813,0.03767561693661506,0.020874110427865245,0.03531363564544163,0.05618774607330687,0.0,0.0,0.0,0.0
2024,target_nicu,0.05,346,310725,130015,175517,26356,32616,29379,36784,0.009728859924370434,0.020146431732239123,0.0036849304046986803,0.020146431732239123,0.013413790329069114,0.009728859924370434,0.023831362136937803,0.011571325126719774,0.021988896934588463,0.03356022206130824,0.0,0.0,0.0,0.0
2024,target_nicu,0.1,346,310725,260030,351034,43131,53479,48955,60745,0.01874326172660712,0.03330275967495372,0.0046407595140397495,0.03330275967495372,0.02338402124064687,0.01874326172660712,0.03794351918899347,0.021063641483626994,0.035623139431973594,0.05668678091560059,0.0,0.0,0.0,0.0
2024,target_nicu,0.05,347,310608,130015,175517,26464,32655,29569,37019,0.009996522948539643,0.01993187554731367,0.004053340544995607,0.01993187554731367,0.01404986349353525,0.009996522948539643,0.023985216092309275,0.012023193221037447,0.02195854581981147,0.03398173904084892,0.0,0.0,0.0,0.0
2024,target_nicu,0.1,347,310608,260030,351034,43058,53541,49068,60773,0.019349147478493783,0.03374993561015813,0.003934219337557332,0.03374993561015813,0.023283366816051115,0.019349147478493783,0.03768415494771546,0.02131625714727245,0.03571704527893679,0.05703330242620924,0.0,0.0,0.0,0.0
2024,target_nicu,0.05,348,310520,130015,175517,26045,32388,28966,36342,0.009406801494267675,0.020427025634419685,0.003326677830735536,0.020427025634419685,0.01273347932500321,0.009406801494267675,0.02375370346515522,0.011070140409635443,0.022090364549787453,0.033160504959422896,0.0,0.0,0.0,0.0
2024,target_nicu,0.1,348,310520,260030,351034,42892,53130,48769,60594,0.01892631714543347,0.032970501094937515,0.005110781914208412,0.032970501094937515,0.02403709905964188,0.01892631714543347,0.03808128300914593,0.021481708102537675,0.03552589205204172,0.057007600154579396,0.0,0.0,0.0,0.0
2024,target_nicu,0.05,349,310099,130015,175517,26150,32422,29261,36528,0.010032280013802047,0.020225798857784125,0.0032086527205827803,0.020225798857784125,0.013240932734384828,0.010032280013802047,0.023434451578366905,0.011636606374093438,0.021830125218075515,0.03346673159216895,0.0,0.0,0.0,0.0
2024,target_nicu,0.1,349,310099,260030,351034,43023,53365,48751,60587,0.018471520385425294,0.03335063963443932,0.004817816245779594,0.03335063963443932,0.023289336631204888,0.018471520385425294,0.038168455880218916,0.02088042850831509,0.03575954775732912,0.05663997626564421,0.0,0.0,0.0,0.0
2024,target_nicu,0.05,350,310553,130015,175517,26210,32529,29286,36545,0.00990491156098959,0.02034757352207192,0.0030268585394441494,0.02034757352207192,0.01293177010043374,0.00990491156098959,0.02337443206151607,0.011418340830711665,0.021861002791793996,0.03327934362250566,0.0,0.0,0.0,0.0
2024,target_nicu,0.1,350,310553,260030,351034,42934,53266,48851,60712,0.019053108487118137,0.033269683435677655,0.00492347522001077,0.033269683435677655,0.023976583707128907,0.019053108487118137,0.038193158655688425,0.02151484609712352,0.03573142104568304,0.05724626714280656,0.0,0.0,0.0,0.0
2024,target_nicu,0.05,351,311465,130015,175517,26086,32450,29096,36303,0.009664007191819313,0.020432472348417968,0.0027065641404331042,0.020432472348417968,0.012370571332252417,0.009664007191819313,0.023139036488851072,0.011017289262035865,0.02178575441863452,0.032803043680670385,0.0,0.0,0.0,0.0
2024,target_nicu,0.1,351,311465,260030,351034,43034,53538,48655,60586,0.01804697156983931,0.03372449552919268,0.004581574173663172,0.03372449552919268,0.02262854574350248,0.01804697156983931,0.038306069702855855,0.020337758656670896,0.03601528261602427,0.056353041272695165,0.0,0.0,0.0,0.0
2024,target_nicu,0.05,352,311398,130015,175517,26479,32747,29499,36798,0.009698199731533283,0.020128581429553177,0.0033108754712618538,0.020128581429553177,0.013009075202795137,0.009698199731533283,0.02343945690081503,0.01135363746716421,0.021784019165184104,0.033137656632348314,0.0,0.0,0.0,0.0
2024,target_nicu,0.1,352,311398,260030,351034,43174,53646,48972,60629,0.018619258954778117,0.03362898926775382,0.003805419431081758,0.03362898926775382,0.022424678385859875,0.018619258954778117,0.037434408698835575,0.020521968670318996,0.035531698983294696,0.05605366765361369,0.0,0.0,0.0,0.0
2024,target_nicu,0.05,353,310919,130015,175517,26332,32702,29264,36575,0.0094301088064737,0.02048765112456942,0.0030265117281349924,0.02048765112456942,0.012456620534608692,0.0094301088064737,0.023514162852704412,0.010943364670541196,0.022000906988636916,0.03294427165917811,0.0,0.0,0.0,0.0
2024,target_nicu,0.1,353,310919,260030,351034,43113,53561,48921,60633,0.01868010639426987,0.03360360737040835,0.004065367507292916,0.03360360737040835,0.022745473901562785,0.01868010639426987,0.03766897487770127,0.020712790147916327,0.03563629112405481,0.056349081271971135,0.0,0.0,0.0,0.0
2024,target_nicu,0.05,354,310142,130015,175517,26442,32686,29432,36878,0.009640745207034201,0.02013271340224801,0.0038756440598177594,0.02013271340224801,0.01351638926685196,0.009640745207034201,0.02400835746206577,0.011578567236943081,0.02207053543215689,0.03364910266909997,0.0,0.0,0.0,0.0
2024,target_nicu,0.1,354,310142,260030,351034,43259,53612,49035,60739,0.018623727195929612,0.0333814833205435,0.00435606915541914,0.0333814833205435,0.022979796351348752,0.018623727195929612,0.03773755247596264,0.020801761773639182,0.03555951789825307,0.05636127967189225,0.0,0.0,0.0,0.0
2024,target_nicu,0.05,355,310629,130015,175517,26275,32487,29345,36626,0.009883172530575052,0.01999813282082484,0.0034414043762816815,0.01999813282082484,0.013324576906856733,0.009883172530575052,0.023439537197106522,0.011603874718715892,0.02171883500896568,0.033322709727681574,0.0,0.0,0.0,0.0
2024,target_nicu,0.1,355,310629,260030,351034,42958,53361,48812,60417,0.018845632571331067,0.03349011199855775,0.003869567876791935,0.03349011199855775,0.022715200448123002,0.018845632571331067,0.03735967987534969,0.020780416509727034,0.03542489593695372,0.056205312446680755,0.0,0.0,0.0,0.0
2024,target_nicu,0.05,356,310804,130015,175517,26258,32476,29237,36521,0.009584818728201688,0.020006177526672747,0.0034298142881044186,0.020006177526672747,0.013014633016306107,0.009584818728201688,0.023435991814777166,0.011299725872253898,0.021721084670724956,0.033020810542978854,0.0,0.0,0.0,0.0
2024,target_nicu,0.1,356,310804,260030,351034,42747,53108,48686,60296,0.019108505682037563,0.033336121800234236,0.00401860979910168,0.033336121800234236,0.023127115481139243,0.019108505682037563,0.037354731599335916,0.021117810581588403,0.035345426699785076,0.05646323728137348,0.0,0.0,0.0,0.0
2024,target_nicu,0.05,357,309357,130015,175517,26296,32574,29093,36419,0.009041334122066091,0.020293705977236648,0.00338767184838229,0.020293705977236648,0.012429005970448381,0.009041334122066091,0.023681377825618938,0.010735170046257236,0.021987541901427793,0.03272271194768503,0.0,0.0,0.0,0.0
2024,target_nicu,0.1,357,309357,260030,351034,43166,53595,48768,60487,0.01810852833457785,0.033711860407231786,0.00416993958436368,0.033711860407231786,0.02227846791894153,0.01810852833457785,0.037881799991595466,0.02019349812675969,0.035796830199413626,0.055990328326173316,0.0,0.0,0.0,0.0
2024,target_nicu,0.05,358,311549,130015,175517,26409,32638,29567,36883,0.010136447236229293,0.019993644659427573,0.003489017778904771,0.019993644659427573,0.013625465015134064,0.010136447236229293,0.023482662438332344,0.011880956125681678,0.02173815354887996,0.03361910967456164,0.0,0.0,0.0,0.0
2024,target_nicu,0.1,358,311549,260030,351034,43216,53534,49064,60961,0.018770723064429673,0.033118385871885314,0.005068223618114653,0.033118385871885314,0.023838946682544326,0.018770723064429673,0.03818660948999997,0.021304834873487,0.03565249768094264,0.05695733255442964,0.0,0.0,0.0,0.0
2024,target_nicu,0.05,359,311074,130015,175517,26349,32625,29443,36750,0.009946186437953683,0.020175263763606094,0.0033143239229250776,0.020175263763606094,0.01326051036087876,0.009946186437953683,0.02348958768653117,0.011603348399416222,0.021832425725068633,0.033435774124484854,0.0,0.0,0.0,0.0
2024,target_nicu,0.1,359,311074,260030,351034,43148,53503,49007,60693,0.018834746716215434,0.03328789934227869,0.004278724676443552,0.03328789934227869,0.023113471392658985,0.018834746716215434,0.03756662401872224,0.02097410905443721,0.03542726168050046,0.05640137073493767,0.0,0.0,0.0,0.0
2024,target_nicu,0.05,360,310115,130015,175517,26116,32326,29218,36445,0.010002740918691452,0.02002482949873434,0.0032794285990680877,0.02002482949873434,0.01328216951775954,0.010002740918691452,0.023304258097802427,0.011642455218225496,0.021664543798268383,0.03330699901649388,0.0,0.0,0.0,0.0
2024,target_nicu,0.1,360,310115,260030,351034,42917,53265,48611,60473,0.018360930622510985,0.03336826661077341,0.0048820598810118965,0.03336826661077341,0.02324299050352288,0.018360930622510985,0.03825032649178531,0.020801960563016933,0.03580929655127936,0.05661125711429629,0.0,0.0,0.0,0.0
2024,target_nicu,0.05,361,311531,130015,175517,26327,32682,29311,36702,0.009578501015950258,0.020399254006824352,0.0033255117468245637,0.020399254006824352,0.012904012762774822,0.009578501015950258,0.023724765753648916,0.01124125688936254,0.022062009880236634,0.033303266769599174,0.0,0.0,0.0,0.0
2024,target_nicu,0.1,361,311531,260030,351034,43260,53683,49111,61099,0.018781437481342173,0.033457344533930816,0.005023577107896138,0.033457344533930816,0.02380501458923831,0.018781437481342173,0.038480921641826954,0.02129322603529024,0.035969133087878885,0.057262359123169126,0.0,0.0,0.0,0.0
2024,target_nicu,0.05,362,310321,130015,175517,26085,32281,29011,36368,0.009428946155754847,0.019966421866389972,0.003741287247720909,0.019966421866389972,0.013170233403475756,0.009428946155754847,0.02370770911411088,0.011299589779615302,0.021837065490250426,0.03313665526986573,0.0,0.0,0.0,0.0
2024,target_nicu,0.1,362,310321,260030,351034,42683,53080,48540,60025,0.018874004659691107,0.03350401680840162,0.00350604696427248,0.03350401680840162,0.022380051623963587,0.018874004659691107,0.0370100637726741,0.020627028141827347,0.03525704029053786,0.05588406843236521,0.0,0.0,0.0,0.0
2024,target_nicu,0.05,363,309155,130015,175517,26086,32284,29094,36355,0.009729747214180587,0.020048195888793655,0.0034384046837347,0.020048195888793655,0.013168151897915287,0.009729747214180587,0.023486600572528354,0.011448949556047937,0.021767398230661004,0.03321634778670894,0.0,0.0,0.0,0.0
2024,target_nicu,0.1,363,309155,260030,351034,42720,53039,48413,60032,0.018414711067264,0.033378078957157414,0.004205010431660466,0.033378078957157414,0.022619721498924467,0.018414711067264,0.03758308938881788,0.020517216283094233,0.03548058417298765,0.05599780045608188,0.0,0.0,0.0,0.0
2024,target_nicu,0.05,364,309639,130015,175517,25913,32093,29085,36332,0.010244187586189085,0.01995872612946044,0.0034459483463000345,0.01995872612946044,0.01369013593248912,0.010244187586189085,0.023404674475760473,0.011967161759339102,0.021681700302610456,0.03364886206194956,0.0,0.0,0.0,0.0
2024,target_nicu,0.1,364,309639,260030,351034,42620,52913,48497,60277,0.018980167226996608,0.033241936577756676,0.004802366626942972,0.033241936577756676,0.02378253385393958,0.018980167226996608,0.03804430320469965,0.021381350540468094,0.03564311989122816,0.057024470431696256,0.0,0.0,0.0,0.0
2024,target_nicu,0.05,365,310569,130015,175517,26009,32266,29076,36336,0.009875422208913312,0.020146891673025955,0.003229556072885581,0.020146891673025955,0.013104978281798893,0.009875422208913312,0.023376447745911536,0.011490200245356103,0.021761669709468745,0.03325186995482485,0.0,0.0,0.0,0.0
2024,target_nicu,0.1,365,310569,260030,351034,42863,53329,48545,60430,0.01829545125237869,0.033699435552163926,0.004569032968519071,0.033699435552163926,0.022864484220897763,0.01829545125237869,0.038268468520683,0.020579967736638227,0.03598395203642346,0.05656391977306169,0.0,0.0,0.0,0.0
2024,target_nicu,0.05,366,309866,130015,175517,25884,32201,28740,36069,0.009216887299671475,0.02038623146779575,0.0032659278526847163,0.02038623146779575,0.012482815152356191,0.009216887299671475,0.023652159320480468,0.010849851226013833,0.02201919539413811,0.03286904662015194,0.0,0.0,0.0,0.0
2024,target_nicu,0.1,366,309866,260030,351034,42654,53091,48296,59992,0.0182078704988608,0.03368230138188766,0.0040630466072431315,0.03368230138188766,0.022270917106103932,0.0182078704988608,0.03774534798913079,0.020239393802482367,0.035713824685509224,0.05595321848799159,0.0,0.0,0.0,0.0
2024,target_nicu,0.05,367,311447,130015,175517,26242,32492,29336,36696,0.009934274531461215,0.020067619851852805,0.0035640092856890487,0.020067619851852805,0.013498283817150264,0.009934274531461215,0.023631629137541854,0.01171627917430574,0.02184962449469733,0.03356590366900307,0.0,0.0,0.0,0.0
2024,target_nicu,0.1,367,311447,260030,351034,42917,53258,48897,60540,0.019200698674252753,0.03320308110208156,0.004180486567538,0.03320308110208156,0.023381185241790753,0.019200698674252753,0.03738356766961956,0.021290941958021753,0.03529332438585056,0.056584266343872314,0.0,0.0,0.0,0.0
2024,target_nicu,0.05,368,309767,130015,175517,26257,32411,29296,36632,0.009810599579684082,0.01986654485468109,0.003815771208682664,0.01986654485468109,0.013626370788366746,0.009810599579684082,0.023682316063363754,0.011718485184025414,0.02177443045902242,0.033492915643047835,0.0,0.0,0.0,0.0
2024,target_nicu,0.1,368,309767,260030,351034,42959,53376,48709,60474,0.018562338790122895,0.03362850142203655,0.0043516578589714305,0.03362850142203655,0.022913996649094326,0.018562338790122895,0.03798015928100798,0.02073816771960861,0.035804330351522265,0.056542498071130876,0.0,0.0,0.0,0.0
2024,target_nicu,0.05,369,310139,130015,175517,25970,32298,29091,36323,0.010063229713128632,0.0204037544455873,0.0029148220636553285,0.0204037544455873,0.012978051776783961,0.010063229713128632,0.023318576509242628,0.011520640744956297,0.021861165477414964,0.03338180622237126,0.0,0.0,0.0,0.0
2024,target_nicu,0.1,369,310139,260030,351034,42788,53168,48580,60270,0.018675497115809375,0.03346886396099816,0.004223912503748289,0.03346886396099816,0.022899409619557665,0.018675497115809375,0.03769277646474645,0.02078745336768352,0.0355808202128723,0.05636827358055582,0.0,0.0,0.0,0.0
2024,target_nicu,0.05,370,310296,130015,175517,26324,32683,29330,36677,0.009687524170469489,0.020493335395880066,0.0031840565137803978,0.020493335395880066,0.012871580684249886,0.009687524170469489,0.023677391909660464,0.011279552427359688,0.022085363652770265,0.03336491608012995,0.0,0.0,0.0,0.0
2024,target_nicu,0.1,370,310296,260030,351034,42896,53237,48894,60460,0.01932993013122955,0.03332624332895043,0.003947843349575875,0.03332624332895043,0.023277773480805425,0.01932993013122955,0.0372740866785263,0.021303851806017488,0.035300165003738365,0.05660401680975585,0.0,0.0,0.0,0.0
2024,target_nicu,0.05,371,309941,130015,175517,26154,32384,29107,36502,0.009527619772795468,0.020100599791573234,0.003758779896819067,0.020100599791573234,0.013286399669614535,0.009527619772795468,0.0238593796883923,0.011407009721205001,0.021979989739982768,0.03338699946118777,0.0,0.0,0.0,0.0
2024,target_nicu,0.1,371,309941,260030,351034,42617,52940,48582,60164,0.0192455983558161,0.033306338948380504,0.004062063424974421,0.033306338948380504,0.023307661780790523,0.0192455983558161,0.037368402373354925,0.021276630068303312,0.035337370660867715,0.05661400072917103,0.0,0.0,0.0,0.0
2024,target_nicu,0.05,372,310338,130015,175517,26220,32447,29321,36614,0.009992330942391853,0.02006521921260046,0.003434964458106954,0.02006521921260046,0.013427295400498807,0.009992330942391853,0.023500183670707414,0.01170981317144533,0.021782701441653937,0.03349251461309927,0.0,0.0,0.0,0.0
2024,target_nicu,0.1,372,310338,260030,351034,42932,53286,48820,60505,0.01897286184740507,0.03336362288859243,0.004288872132964722,0.03336362288859243,0.023261733980369792,0.01897286184740507,0.03765249502155715,0.02111729791388743,0.03550805895507479,0.05662535686896222,0.0,0.0,0.0,0.0
2024,target_nicu,0.05,373,310494,130015,175517,26155,32473,29129,36472,0.009578284926600844,0.02034821928926163,0.0033011910053012267,0.02034821928926163,0.01287947593190207,0.009578284926600844,0.023649410294562856,0.011228880429251457,0.021998814791912243,0.0332276952211637,0.0,0.0,0.0,0.0
2024,target_nicu,0.1,373,310494,260030,351034,42977,53439,48842,60636,0.018889253898626057,0.033694692973133156,0.004289937969815832,0.033694692973133156,0.02317919186844189,0.018889253898626057,0.03798463094294899,0.021034222883533973,0.03583966195804107,0.056873884841575045,0.0,0.0,0.0,0.0
2024,target_nicu,0.05,374,310771,130015,175517,26207,32346,29263,36522,0.009833607382928267,0.019754095459357524,0.0036039398785601,0.019754095459357524,0.013437547261488367,0.009833607382928267,0.023358035337917624,0.011635577322208317,0.021556065398637574,0.03319164272084589,0.0,0.0,0.0,0.0
2024,target_nicu,0.1,374,310771,260030,351034,42799,53213,48666,60291,0.0188788529174215,0.033510205263682896,0.0038967599936930997,0.033510205263682896,0.0227756129111146,0.0188788529174215,0.037406965257375996,0.02082723291426805,0.035458585260529446,0.0562858181747975,0.0,0.0,0.0,0.0
2024,target_nicu,0.05,375,310244,130015,175517,26312,32531,29221,36536,0.009376490762109821,0.020045512564304216,0.00353270329160274,0.020045512564304216,0.012909194053712561,0.009376490762109821,0.023578215855906956,0.011142842407911191,0.021811864210105586,0.03295470661801678,0.0,0.0,0.0,0.0
2024,target_nicu,0.1,375,310244,260030,351034,43019,53465,48785,60387,0.01858537151403411,0.03367027243073195,0.003726099457201426,0.03367027243073195,0.022311470971235536,0.01858537151403411,0.03739637188793338,0.020448421242634823,0.035533322159332664,0.05598174340196749,0.0,0.0,0.0,0.0
2024,target_nicu,0.05,376,310877,130015,175517,26301,32677,29239,36566,0.00945068306757979,0.020509719278042446,0.0030590876777632225,0.020509719278042446,0.012509770745343013,0.00945068306757979,0.02356880695580567,0.010980226906461402,0.022039263116924057,0.03301949002338546,0.0,0.0,0.0,0.0
2024,target_nicu,0.1,376,310877,260030,351034,43188,53400,48838,60527,0.018174390514576505,0.03284900459023987,0.004751075184076026,0.03284900459023987,0.02292546569865253,0.018174390514576505,0.0376000797743159,0.020549928106614518,0.035224542182277885,0.0557744702888924,0.0,0.0,0.0,0.0
2024,target_nicu,0.05,377,311216,130015,175517,26263,32524,29378,36628,0.010009125494833168,0.020117860264253773,0.0031778571795794547,0.020117860264253773,0.013186982674412623,0.010009125494833168,0.023295717443833228,0.011598054084622895,0.0217067888540435,0.033304842938666396,0.0,0.0,0.0,0.0
2024,target_nicu,0.1,377,311216,260030,351034,43054,53408,48746,60555,0.01828954809521363,0.03326949771219989,0.004675209500796862,0.03326949771219989,0.022964757596010493,0.01828954809521363,0.03794470721299675,0.020627152845612062,0.03560710246259832,0.056234255308210385,0.0,0.0,0.0,0.0
2024,target_nicu,0.05,378,310532,130015,175517,26274,32533,29431,36617,0.01016642407223732,0.02015573274251929,0.0029851995929566083,0.02015573274251929,0.013151623665193929,0.01016642407223732,0.0231409323354759,0.011659023868715625,0.021648332538997596,0.03330735640771322,0.0,0.0,0.0,0.0
2024,target_nicu,0.1,378,310532,260030,351034,42878,53222,48850,60527,0.01923151237231588,0.033310576687748755,0.004292633287390685,0.033310576687748755,0.023524145659706563,0.01923151237231588,0.03760320997513944,0.02137782901601122,0.0354568933314441,0.05683472234745532,0.0,0.0,0.0,0.0
2024,target_nicu,0.05,379,311252,130015,175517,26234,32515,29158,36534,0.009394317144950079,0.02017979000938147,0.0035180496832148828,0.02017979000938147,0.012912366828164962,0.009394317144950079,0.023697839692596354,0.01115334198655752,0.021938814850988912,0.03309215683754643,0.0,0.0,0.0,0.0
2024,target_nicu,0.1,379,311252,260030,351034,42925,53313,48753,60435,0.018724377674681603,0.03337488594450799,0.004157403004639321,0.03337488594450799,0.022881780679320923,0.018724377674681603,0.03753228894914731,0.020803079177001263,0.03545358744682765,0.056256666623828916,0.0,0.0,0.0,0.0
2024,target_nicu,0.05,380,311110,130015,175517,26480,32692,29445,36822,0.009530391179968498,0.01996721416862203,0.0037446562309151055,0.01996721416862203,0.013275047410883603,0.009530391179968498,0.023711870399537135,0.01140271929542605,0.021839542284079583,0.03324226157950563,0.0,0.0,0.0,0.0
2024,target_nicu,0.1,380,311110,260030,351034,43244,53827,49010,60673,0.018533637620134352,0.03401690720323999,0.0034714409694320547,0.03401690720323999,0.022005078589566407,0.018533637620134352,0.03748834817267205,0.02026935810485038,0.03575262768795602,0.0560219857928064,0.0,0.0,0.0,0.0
2024,target_nicu,0.05,381,311180,130015,175517,26412,32745,29305,36752,0.009296869978790409,0.020351565010604797,0.0035799215887910435,0.020351565010604797,0.012876791567581453,0.009296869978790409,0.02393148659939584,0.01108683077318593,0.02214152580500032,0.03322835657818625,0.0,0.0,0.0,0.0
2024,target_nicu,0.1,381,311180,260030,351034,43275,53648,49074,60916,0.01863551642136385,0.03333440452471237,0.0047207404074812165,0.03333440452471237,0.023356256828845068,0.01863551642136385,0.038055144932193585,0.02099588662510446,0.03569477472845298,0.05669066135355744,0.0,0.0,0.0,0.0
2024,target_nicu,0.05,382,312063,130015,175517,26078,32429,29101,36485,0.009687146505673525,0.02035165976100979,0.003310229024267544,0.02035165976100979,0.012997375529941069,0.009687146505673525,0.023661888785277335,0.011342261017807297,0.022006774273143563,0.03334903529095086,0.0,0.0,0.0,0.0
2024,target_nicu,0.1,382,312063,260030,351034,42880,53347,48755,60542,0.018826326735306653,0.033541304159736995,0.00422991511329443,0.033541304159736995,0.023056241848601083,0.018826326735306653,0.037771219273031426,0.02094128429195387,0.03565626171638421,0.05659754600833808,0.0,0.0,0.0,0.0
2024,target_nicu,0.05,383,310394,130015,175517,26265,32486,29366,36642,0.009990528167425905,0.02004226885828979,0.0033989059066863447,0.02004226885828979,0.01338943407411225,0.009990528167425905,0.023441174764976133,0.011689981120769077,0.02174172181163296,0.03343170293240204,0.0,0.0,0.0,0.0
2024,target_nicu,0.1,383,310394,260030,351034,42792,53240,48832,60397,0.0194591390297493,0.03366044446735442,0.0035986520357996488,0.03366044446735442,0.02305779106554895,0.0194591390297493,0.037259096503154066,0.021258465047649125,0.03545977048525424,0.056718235532903366,0.0,0.0,0.0,0.0
2024,target_nicu,0.05,384,311832,130015,175517,26458,32873,29758,37038,0.010582621411529283,0.020571974653018285,0.0027739295518099533,0.020571974653018285,0.013356550963339237,0.010582621411529283,0.02334590420482824,0.01196958618743426,0.02195893942892326,0.03392852561635752,0.0,0.0,0.0,0.0
2024,target_nicu,0.1,384,311832,260030,351034,43329,53735,49449,61140,0.019625952435927047,0.033370532851022344,0.004120808640550033,0.033370532851022344,0.02374676107647708,0.019625952435927047,0.03749134149157238,0.021686356756202063,0.03543093717129736,0.057117293927499424,0.0,0.0,0.0,0.0
2024,target_nicu,0.05,385,310033,130015,175517,26242,32495,29398,36667,0.010179561530546735,0.02016882073843751,0.0032770705053978277,0.02016882073843751,0.013456632035944563,0.010179561530546735,0.023445891243835337,0.011818096783245649,0.021807355991136423,0.03362545277438207,0.0,0.0,0.0,0.0
2024,target_nicu,0.1,385,310033,260030,351034,42854,53263,48781,60545,0.019117319769185848,0.033573845364848254,0.004370502494895706,0.033573845364848254,0.023487822264081554,0.019117319769185848,0.03794434785974396,0.0213025710166337,0.03575909661229611,0.05706166762892981,0.0,0.0,0.0,0.0
2024,target_nicu,0.05,386,310561,130015,175517,25989,32348,28967,36245,0.009589098437988025,0.02047584854505234,0.002959161002186364,0.02047584854505234,0.012548259440174389,0.009589098437988025,0.023435009547238705,0.011068678939081207,0.021955429046145523,0.03302410798522673,0.0,0.0,0.0,0.0
2024,target_nicu,0.1,386,310561,260030,351034,42733,53166,48614,60343,0.018936698426396115,0.033594044326235445,0.004173093208741568,0.033594044326235445,0.023109791635137683,0.018936698426396115,0.03776713753497701,0.0210232450307669,0.03568059093060623,0.05670383596137313,0.0,0.0,0.0,0.0
2024,target_nicu,0.05,387,309834,130015,175517,26316,32570,29388,36683,0.00991498673483221,0.02018500229154968,0.0033598636689323863,0.02018500229154968,0.013274850403764596,0.00991498673483221,0.023544865960482067,0.011594918569298403,0.021864934126015874,0.03345985269531428,0.0,0.0,0.0,0.0
2024,target_nicu,0.1,387,309834,260030,351034,42963,53377,48908,60628,0.019187694055526505,0.033611546828301614,0.0042151603762014545,0.033611546828301614,0.02340285443172796,0.019187694055526505,0.03782670720450307,0.021295274243627232,0.03571912701640234,0.057014401260029574,0.0,0.0,0.0,0.0
2024,target_nicu,0.05,388,311542,130015,175517,26404,32752,29472,36845,0.009847789383132938,0.020376064864448457,0.0032900860879110927,0.020376064864448457,0.01313787547104403,0.009847789383132938,0.02366615095235955,0.011492832427088484,0.022021107908404003,0.03351394033549249,0.0,0.0,0.0,0.0
2024,target_nicu,0.1,388,311542,260030,351034,43258,53571,49149,60762,0.018909167945252964,0.03310308080451432,0.004172792111497015,0.03310308080451432,0.02308196005674998,0.018909167945252964,0.03727587291601134,0.02099556400100147,0.03518947686026283,0.0561850408612643,0.0,0.0,0.0,0.0
2024,target_nicu,0.05,389,310443,130015,175517,26157,32431,29199,36429,0.009798900281211054,0.020209829179591743,0.003079470305337853,0.020209829179591743,0.012878370586548907,0.009798900281211054,0.023289299484929596,0.01133863543387998,0.02174956433226067,0.03308819976614065,0.0,0.0,0.0,0.0
2024,target_nicu,0.1,389,310443,260030,351034,42697,52939,48719,60263,0.019398085961029904,0.032991563668692825,0.0041940066292362466,0.032991563668692825,0.02359209259026615,0.019398085961029904,0.03718557029792907,0.021495089275648027,0.03508856698331095,0.056583656258958975,0.0,0.0,0.0,0.0
2024,target_nicu,0.05,390,309904,130015,175517,26426,32693,29420,36754,0.009661056327120665,0.020222391450255575,0.003443001703753404,0.020222391450255575,0.013104058030874069,0.009661056327120665,0.02366539315400898,0.011382557178997367,0.021943892302132277,0.033326449481129644,0.0,0.0,0.0,0.0
2024,target_nicu,0.1,390,309904,260030,351034,43075,53355,48970,60645,0.01902201972223655,0.03317156280654654,0.0045013939800712666,0.03317156280654654,0.023523413702307816,0.01902201972223655,0.037672956786617806,0.021272716712272183,0.03542225979658217,0.056694976508854356,0.0,0.0,0.0,0.0
2024,target_nicu,0.05,391,311189,130015,175517,26174,32465,29390,36685,0.010334555527348327,0.02021601020601628,0.0032263351211000435,0.02021601020601628,0.01356089064844837,0.010334555527348327,0.023442345327116323,0.011947723087898349,0.0218291777665663,0.03377690085446465,0.0,0.0,0.0,0.0
2024,target_nicu,0.1,391,311189,260030,351034,42871,53261,48883,60547,0.01931944895224444,0.033388069629710554,0.004093975044105053,0.033388069629710554,0.02341342399634949,0.01931944895224444,0.03748204467381561,0.021366436474296965,0.03543505715176308,0.056801493626060046,0.0,0.0,0.0,0.0
2024,target_nicu,0.05,392,311051,130015,175517,26437,32663,29728,36969,0.010580258542811305,0.02001601023626351,0.0032631304834255526,0.02001601023626351,0.013843389026236858,0.010580258542811305,0.023279140719689062,0.012211823784524081,0.021647575477976286,0.03385939926250037,0.0,0.0,0.0,0.0
2024,target_nicu,0.1,392,311051,260030,351034,43106,53608,49141,60965,0.01940196302214106,0.0337629520560937,0.004250106895653777,0.0337629520560937,0.023652069917794838,0.01940196302214106,0.038013058951747475,0.02152701646996795,0.035888005503920586,0.057415021973888536,0.0,0.0,0.0,0.0
2024,target_nicu,0.05,393,309872,130015,175517,26069,32367,29263,36468,0.010307481798936341,0.020324521092580164,0.002927015025558935,0.020324521092580164,0.013234496824495276,0.010307481798936341,0.0232515361181391,0.011770989311715808,0.02178802860535963,0.03355901791707544,0.0,0.0,0.0,0.0
2024,target_nicu,0.1,393,309872,260030,351034,42670,53206,48763,60282,0.019662957608302806,0.0340011359529096,0.0031722775855836938,0.0340011359529096,0.0228352351938865,0.019662957608302806,0.037173413538493294,0.021249096401094653,0.03558727474570145,0.0568363711467961,0.0,0.0,0.0,0.0
2024,target_nicu,0.05,394,310179,130015,175517,26123,32477,29137,36423,0.009716969878682952,0.020484945789366785,0.003004716631364479,0.020484945789366785,0.01272168651004743,0.009716969878682952,0.023489662420731264,0.011219328194365191,0.021987304105049024,0.033206632299414215,0.0,0.0,0.0,0.0
2024,target_nicu,0.1,394,310179,260030,351034,42775,53084,48585,60221,0.01873111977277636,0.03323564780336516,0.004278174860322587,0.03323564780336516,0.023009294633098948,0.01873111977277636,0.037513822663687746,0.020870207202937655,0.03537473523352645,0.05624494243646411,0.0,0.0,0.0,0.0
2024,target_nicu,0.05,395,311241,130015,175517,26301,32454,29382,36569,0.009899081419221759,0.019769246339653185,0.0033221844165775144,0.019769246339653185,0.013221265835799273,0.009899081419221759,0.0230914307562307,0.011560173627510516,0.021430338547941942,0.03299051217545246,0.0,0.0,0.0,0.0
2024,target_nicu,0.1,395,311241,260030,351034,42864,53150,48665,60345,0.018638289942520425,0.03304834517303312,0.004478844368190571,0.03304834517303312,0.023117134310710996,0.018638289942520425,0.03752718954122369,0.02087771212661571,0.03528776735712841,0.05616547948374412,0.0,0.0,0.0,0.0
2024,target_nicu,0.05,396,310818,130015,175517,26514,32801,29541,36829,0.009738818215161288,0.02022727126485596,0.0032205342032958217,0.02022727126485596,0.01295935241845711,0.009738818215161288,0.023447805468151783,0.011349085316809199,0.021837538366503872,0.03318662368331307,0.0,0.0,0.0,0.0
2024,target_nicu,0.1,396,310818,260030,351034,43196,53447,49107,60843,0.019017560115566018,0.03298071540258288,0.004777715576317981,0.03298071540258288,0.023795275691884,0.019017560115566018,0.03775843097890086,0.02140641790372501,0.03536957319074187,0.05677599109446688,0.0,0.0,0.0,0.0
2024,target_nicu,0.05,397,310240,130015,175517,26290,32760,29058,36365,0.008922124806601331,0.020854822073233623,0.0026979112944817,0.020854822073233623,0.011620036101083031,0.008922124806601331,0.023552733367715323,0.010271080453842181,0.022203777720474473,0.032474858174316654,0.0,0.0,0.0,0.0
2024,target_nicu,0.1,397,310240,260030,351034,43170,53643,48883,60525,0.01841477565755545,0.03375773594636411,0.0037680505415162435,0.03375773594636411,0.022182826199071692,0.01841477565755545,0.03752578648788035,0.02029880092831357,0.03564176121712223,0.0559405621454358,0.0,0.0,0.0,0.0
2024,target_nicu,0.05,398,310976,130015,175517,26360,32577,29470,36807,0.010000771763737398,0.01999189648075736,0.0036015641078411265,0.01999189648075736,0.013602335871578525,0.010000771763737398,0.023593460588598486,0.011801553817657962,0.021792678534677923,0.033594232352335884,0.0,0.0,0.0,0.0
2024,target_nicu,0.1,398,310976,260030,351034,42862,53274,49031,60544,0.01983754373327845,0.03348168347396585,0.0035404661452973774,0.03348168347396585,0.02337800987857583,0.01983754373327845,0.03702214961926323,0.02160777680592714,0.03525191654661454,0.05685969335254168,0.0,0.0,0.0,0.0
2024,target_nicu,0.05,399,310324,130015,175517,26037,32314,29133,36282,0.009976669545378375,0.020227246361866957,0.0028099663577422357,0.020227246361866957,0.01278663590312061,0.009976669545378375,0.023037212719609193,0.011381652724249493,0.021632229540738075,0.03301388226498757,0.0,0.0,0.0,0.0
2024,target_nicu,0.1,399,310324,260030,351034,42592,52973,48620,60192,0.01942485917943826,0.033452133898763864,0.003837924234026374,0.033452133898763864,0.023262783413464633,0.01942485917943826,0.03729005813279024,0.021343821296451446,0.03537109601577705,0.0567149173122285,0.0,0.0,0.0,0.0
2024,target_nicu,0.05,400,310039,130015,175517,26261,32528,29166,36497,0.009369788962033818,0.020213586032724926,0.0034318263186244174,0.020213586032724926,0.012801615280658235,0.009369788962033818,0.023645412351349343,0.011085702121346026,0.021929499192037134,0.03301520131338316,0.0,0.0,0.0,0.0
2024,target_nicu,0.1,400,310039,260030,351034,42925,53291,48754,60470,0.018800860536900194,0.033434503401185006,0.0043542909117885165,0.033434503401185006,0.02315515144868871,0.018800860536900194,0.03778879431297352,0.020978005992794452,0.035611648857079264,0.056589654849873716,0.0,0.0,0.0,0.0
2024,target_nicu,0.05,401,310038,130015,175517,26090,32435,29130,36458,0.009805249679071593,0.02046523329398331,0.0031705790903050757,0.02046523329398331,0.012975828769376668,0.009805249679071593,0.023635812384288385,0.01139053922422413,0.022050522839135847,0.03344106206335998,0.0,0.0,0.0,0.0
2024,target_nicu,0.1,401,310038,260030,351034,42858,53284,48645,60340,0.018665453912101088,0.0336281359059212,0.004093046658796673,0.0336281359059212,0.02275850057089776,0.018665453912101088,0.037721182564717876,0.020711977241499424,0.03567465923531954,0.05638663647681896,0.0,0.0,0.0,0.0
2024,target_nicu,0.05,402,311391,130015,175517,26416,32779,29480,36746,0.00983971919548092,0.020434116592965124,0.0028998911336551164,0.020434116592965124,0.012739610329136036,0.00983971919548092,0.02333400772662024,0.011289664762308478,0.021884062159792682,0.03317372692210116,0.0,0.0,0.0,0.0
2024,target_nicu,0.1,402,311391,260030,351034,43313,53733,49085,60843,0.018536181199842017,0.0334627526164854,0.004296848656512198,0.0334627526164854,0.022833029856354214,0.018536181199842017,0.0377596012729976,0.020684605528098116,0.0356111769447415,0.05629578247283962,0.0,0.0,0.0,0.0
2024,target_nicu,0.05,403,310553,130015,175517,26447,32780,29399,36746,0.009505623838765034,0.020392654393935977,0.0032651431478684934,0.020392654393935977,0.012770766986633528,0.009505623838765034,0.02365779754180447,0.011138195412699281,0.022025225967870224,0.033163421380569505,0.0,0.0,0.0,0.0
2024,target_nicu,0.1,403,310553,260030,351034,43310,53754,48938,60775,0.018122510489352844,0.03363033041059013,0.00448554675047419,0.03363033041059013,0.022608057239827034,0.018122510489352844,0.03811587716106432,0.02036528386458994,0.035873103785827226,0.056238387650417165,0.0,0.0,0.0,0.0
2024,target_nicu,0.05,404,311228,130015,175517,26430,32822,29542,36857,0.009999100338015862,0.020537997866515875,0.002965671469148015,0.020537997866515875,0.012964771807163877,0.009999100338015862,0.02350366933566389,0.01148193607258987,0.022020833601089883,0.03350276967367975,0.0,0.0,0.0,0.0
2024,target_nicu,0.1,404,311228,260030,351034,43061,53303,49068,60710,0.019300962638323038,0.03290835014844423,0.004498309920701216,0.03290835014844423,0.023799272559024254,0.019300962638323038,0.03740666006914545,0.021550117598673646,0.03515750510879484,0.056707622707468486,0.0,0.0,0.0,0.0
2024,target_nicu,0.05,405,310904,130015,175517,26330,32543,29289,36696,0.00951740730257572,0.019983660551166918,0.003840413761160996,0.019983660551166918,0.013357821063736716,0.00951740730257572,0.023824074312327914,0.011437614183156218,0.021903867431747416,0.033341481614903634,0.0,0.0,0.0,0.0
2024,target_nicu,0.1,405,310904,260030,351034,43108,53328,48953,60749,0.018800015438849293,0.03287188328229934,0.005069088850577663,0.03287188328229934,0.023869104289426957,0.018800015438849293,0.037940972132877004,0.021334559864138125,0.03540642770758817,0.0567409875717263,0.0,0.0,0.0,0.0
2024,target_nicu,0.05,406,311147,130015,175517,26341,32709,29438,36767,0.009953494650438544,0.020466210505002455,0.003088572282554547,0.020466210505002455,0.01304206693299309,0.009953494650438544,0.023554782787557002,0.011497780791715817,0.02201049664627973,0.033508277437995546,0.0,0.0,0.0,0.0
2024,target_nicu,0.1,406,311147,260030,351034,43170,53468,49168,60986,0.019277061967494485,0.033096896322317104,0.004885150748681483,0.033096896322317104,0.024162212716175968,0.019277061967494485,0.03798204707099859,0.021719637341835227,0.035539471696657846,0.05725910903849307,0.0,0.0,0.0,0.0
2024,target_nicu,0.05,407,310821,130015,175517,26541,32618,29572,36786,0.009751593360808941,0.019551446009117776,0.0036580539924908756,0.019551446009117776,0.013409647353299817,0.009751593360808941,0.02320950000160865,0.011580620357054379,0.021380473005363214,0.03296109336241759,0.0,0.0,0.0,0.0
2024,target_nicu,0.1,407,310821,260030,351034,42929,53385,48903,60350,0.01922006556828529,0.03363994067324924,0.0031883302608253505,0.03363994067324924,0.02240839582911064,0.01922006556828529,0.03682827093407459,0.020814230698697964,0.035234105803661916,0.05604833650235988,0.0,0.0,0.0,0.0
2024,target_nicu,0.05,408,310470,130015,175517,26448,32710,29447,36713,0.009659548426579054,0.020169420555931322,0.0032338068090314726,0.020169420555931322,0.012893355235610526,0.009659548426579054,0.023403227364962795,0.01127645183109479,0.02178632396044706,0.03306277579154185,0.0,0.0,0.0,0.0
2024,target_nicu,0.1,408,310470,260030,351034,42969,53320,48802,60441,0.01878764453892484,0.03333977517956646,0.004148548974135996,0.03333977517956646,0.022936193513060837,0.01878764453892484,0.03748832415370246,0.02086191902599284,0.03541404966663446,0.0562759686926273,0.0,0.0,0.0,0.0
2024,target_nicu,0.05,409,309776,130015,175517,26281,32483,29276,36644,0.009668276432002479,0.020020918340994773,0.003764010123444045,0.020020918340994773,0.013432286555446524,0.009668276432002479,0.023784928464438818,0.011550281493724501,0.021902923402716795,0.033453204896441296,0.0,0.0,0.0,0.0
2024,target_nicu,0.1,409,309776,260030,351034,42724,53150,48670,60403,0.019194514746139146,0.033656577656112796,0.004219177728423118,0.033656577656112796,0.023413692474562264,0.019194514746139146,0.037875755384535914,0.021304103610350705,0.035766166520324355,0.05707027013067506,0.0,0.0,0.0,0.0
2024,target_nicu,0.05,410,309545,130015,175517,25990,32166,29358,36610,0.010880485874428594,0.019951864833869057,0.003476069715227195,0.019951864833869057,0.01435655558965579,0.010880485874428594,0.023427934549096252,0.012618520732042192,0.021689899691482654,0.034308420423524846,0.0,0.0,0.0,0.0
2024,target_nicu,0.1,410,309545,260030,351034,42488,52967,48728,60338,0.020158619909867725,0.03385291314671535,0.003653749858663513,0.03385291314671535,0.02381236976853124,0.020158619909867725,0.03750666300537886,0.021985494839199482,0.0356797880760471,0.057665282915246585,0.0,0.0,0.0,0.0
2024,target_nicu,0.05,411,310453,130015,175517,26380,32684,29557,36852,0.010233433080047538,0.020305811185590078,0.0031921095946890604,0.020305811185590078,0.013425542674736599,0.010233433080047538,0.02349792078027914,0.011829487877392068,0.021901865982934608,0.03373135386032668,0.0,0.0,0.0,0.0
2024,target_nicu,0.1,411,310453,260030,351034,42929,53502,49169,60707,0.020099660818223702,0.034056684908826795,0.0031083610079464252,0.034056684908826795,0.023208021826170128,0.020099660818223702,0.03716504591677322,0.021653841322196915,0.03561086541280001,0.05726470673499692,0.0,0.0,0.0,0.0
2024,target_nicu,0.05,412,311143,130015,175517,26164,32529,29191,36431,0.009728645670961586,0.02045683174617459,0.0028122117482957953,0.02045683174617459,0.012540857419257381,0.009728645670961586,0.023269043494470384,0.011134751545109484,0.021862937620322487,0.03299768916543197,0.0,0.0,0.0,0.0
2024,target_nicu,0.1,412,311143,260030,351034,43018,53323,48785,60562,0.01853488588848215,0.03311981950421511,0.004730943649704472,0.03311981950421511,0.023265829538186622,0.01853488588848215,0.03785076315391958,0.020900357713334386,0.035485291329067345,0.05638564904240173,0.0,0.0,0.0,0.0
2024,target_nicu,0.05,413,310338,130015,175517,26325,32526,29199,36527,0.009260870405815594,0.01998143959167102,0.0036315243379798773,0.01998143959167102,0.012892394743795471,0.009260870405815594,0.0236129639296509,0.011076632574805532,0.02179720176066096,0.03287383433546649,0.0,0.0,0.0,0.0
2024,target_nicu,0.1,413,310338,260030,351034,42887,53314,48725,60460,0.01881174719177156,0.03359885028581738,0.0042147593913732795,0.03359885028581738,0.02302650658314484,0.01881174719177156,0.03781360967719066,0.0209191268874582,0.03570622998150402,0.05662535686896222,0.0,0.0,0.0,0.0
2024,target_nicu,0.05,414,309508,130015,175517,26196,32470,29370,36647,0.010254985331558483,0.020270881528102677,0.0032406270597205716,0.020270881528102677,0.013495612391279055,0.010254985331558483,0.02351150858782325,0.011875298861418769,0.021891195057962963,0.03376649391938173,0.0,0.0,0.0,0.0
2024,target_nicu,0.1,414,309508,260030,351034,42826,53096,48803,60487,0.01931129405378859,0.033181694818873814,0.00456854103932694,0.033181694818873814,0.02387983509311553,0.01931129405378859,0.037750235858200754,0.02159556457345206,0.035465965338537284,0.057061529911989345,0.0,0.0,0.0,0.0
2024,target_nicu,0.05,415,310586,130015,175517,26186,32461,29275,36529,0.00994571551840713,0.020203743890581022,0.0031521060189448474,0.020203743890581022,0.013097821537351978,0.00994571551840713,0.02335584990952587,0.011521768527879554,0.021779796900053446,0.033301565427933,0.0,0.0,0.0,0.0
2024,target_nicu,0.1,415,310586,260030,351034,42790,53074,48594,60235,0.018687255703734224,0.03311160193955942,0.004369160232592595,0.03311160193955942,0.02305641593632682,0.018687255703734224,0.037480762172152016,0.02087183582003052,0.03529618205585572,0.05616801787588624,0.0,0.0,0.0,0.0
2024,target_nicu,0.05,416,310717,130015,175517,26177,32512,29243,36537,0.009867500008045912,0.02038832764219531,0.003086409819868241,0.02038832764219531,0.012953909827914153,0.009867500008045912,0.02347473746206355,0.011410704917980033,0.02193153255212943,0.03334223747010946,0.0,0.0,0.0,0.0
2024,target_nicu,0.1,416,310717,260030,351034,42948,53402,48807,60465,0.018856387001676772,0.03364476356298496,0.0038749086789586773,0.03364476356298496,0.02273129568063545,0.018856387001676772,0.037519672241943636,0.02079384134115611,0.0355822179024643,0.05637605924362041,0.0,0.0,0.0,0.0
2024,target_nicu,0.05,417,311061,130015,175517,25875,32275,28871,36141,0.009631551367738148,0.02057474257460755,0.0027968790687357276,0.02057474257460755,0.012428430436473875,0.009631551367738148,0.023371621643343277,0.011029990902106011,0.021973182108975413,0.033003173011081424,0.0,0.0,0.0,0.0
2024,target_nicu,0.1,417,311061,260030,351034,42584,53004,48486,60165,0.018973770418020897,0.03349825275428292,0.0040474376408485835,0.03349825275428292,0.02302120805886948,0.018973770418020897,0.037545690395131504,0.02099748923844519,0.03552197157470721,0.0565194608131524,0.0,0.0,0.0,0.0
2024,target_nicu,0.05,418,310091,130015,175517,26314,32550,29348,36673,0.00978422463083417,0.020110225707937343,0.003511872321350834,0.020110225707937343,0.013296096952185005,0.00978422463083417,0.023622098029288177,0.011540160791509588,0.02186616186861276,0.03340632266012235,0.0,0.0,0.0,0.0
2024,target_nicu,0.1,418,310091,260030,351034,43059,53260,48826,60645,0.018597766462103066,0.03289679481184557,0.005217823155138301,0.03289679481184557,0.023815589617241367,0.018597766462103066,0.03811461796698387,0.021206678039672217,0.03550570638941472,0.05671238442908694,0.0,0.0,0.0,0.0
2024,target_nicu,0.05,419,311362,130015,175517,26133,32417,29096,36364,0.009516254391993884,0.020182295848562126,0.003160308579723922,0.020182295848562126,0.012676562971717806,0.009516254391993884,0.02334260442828605,0.011096408681855845,0.021762450138424087,0.03285885882027993,0.0,0.0,0.0,0.0
2024,target_nicu,0.1,419,311362,260030,351034,42981,53371,48767,60628,0.01858287138443354,0.03336951843834507,0.00472440439103039,0.03336951843834507,0.02330727577546393,0.01858287138443354,0.03809392282937546,0.020945073579948736,0.035731720633860264,0.056676794213809,0.0,0.0,0.0,0.0
2024,target_nicu,0.05,420,311194,130015,175517,26155,32527,29209,36468,0.009813813891013323,0.02047597318714371,0.0028503120240107455,0.02047597318714371,0.012664125915024069,0.009813813891013323,0.023326285211154457,0.011238969903018696,0.021901129199149084,0.03314009910216778,0.0,0.0,0.0,0.0
2024,target_nicu,0.1,420,311194,260030,351034,42968,53197,48853,60535,0.018911032989067905,0.03287017101872142,0.00466911315770871,0.03287017101872142,0.023580146146776615,0.018911032989067905,0.03753928417643013,0.02124558956792226,0.03520472759757577,0.05645031716549803,0.0,0.0,0.0,0.0
2024,target_nicu,0.05,421,311239,130015,175517,26277,32527,29411,36602,0.010069432172703285,0.02008103097619514,0.003023400023775949,0.02008103097619514,0.013092832196479234,0.010069432172703285,0.023104430999971087,0.01158113218459126,0.021592730988083113,0.03317386317267437,0.0,0.0,0.0,0.0
2024,target_nicu,0.1,421,311239,260030,351034,42993,53581,48858,60630,0.01884403946806154,0.03401887295615269,0.0038041505081303773,0.03401887295615269,0.022648189976191918,0.01884403946806154,0.03782302346428307,0.02074611472212673,0.03592094821021788,0.05666706293234461,0.0,0.0,0.0,0.0
2024,target_nicu,0.05,422,310501,130015,175517,26262,32488,29300,36623,0.009784187490539484,0.020051465212672426,0.0035329998937201484,0.020051465212672426,0.013317187384259632,0.009784187490539484,0.023584465106392574,0.011550687437399558,0.0218179651595325,0.03336865259693206,0.0,0.0,0.0,0.0
2024,target_nicu,0.1,422,310501,260030,351034,42893,53229,48841,60538,0.01915613798345253,0.033288137558333125,0.004383238701324649,0.033288137558333125,0.02353937668477718,0.01915613798345253,0.037671376259657774,0.021347757334114856,0.03547975690899545,0.056827514243110305,0.0,0.0,0.0,0.0
2024,target_nicu,0.05,423,310703,130015,175517,26451,32717,29413,36791,0.009533219827294881,0.020167169290286877,0.003578980569868967,0.020167169290286877,0.013112200397163848,0.009533219827294881,0.023746149860155844,0.011322710112229364,0.02195665957522136,0.033279369687450724,0.0,0.0,0.0,0.0
2024,target_nicu,0.1,423,310703,260030,351034,43184,53634,49080,60814,0.018976321438801708,0.033633405535189564,0.0041325638954242405,0.033633405535189564,0.023108885334225948,0.018976321438801708,0.037765969430613805,0.021042603386513828,0.035699687482901685,0.05674229086941551,0.0,0.0,0.0,0.0
2024,target_nicu,0.05,424,310870,130015,175517,26290,32581,29384,36683,0.00995271335284846,0.020236754913629487,0.0032425129475343456,0.020236754913629487,0.013195226300382806,0.00995271335284846,0.023479267861163833,0.011573969826615634,0.02185801138739666,0.033431981214012294,0.0,0.0,0.0,0.0
2024,target_nicu,0.1,424,310870,260030,351034,43095,53315,48952,60774,0.018840672950107745,0.032875478495834276,0.0051532795059028025,0.032875478495834276,0.023993952456010548,0.018840672950107745,0.03802875800173708,0.021417312703059146,0.03545211824878568,0.056869430951844824,0.0,0.0,0.0,0.0
2024,target_nicu,0.05,425,311013,130015,175517,26303,32653,29332,36780,0.009739142736798781,0.020417152980743578,0.0035303990508435273,0.020417152980743578,0.013269541787642308,0.009739142736798781,0.023947552031587105,0.011504342262220545,0.02218235250616534,0.033686694768385886,0.0,0.0,0.0,0.0
2024,target_nicu,0.1,425,311013,260030,351034,42908,53310,49126,60677,0.01999273342271865,0.03344554729223537,0.003694379334625908,0.03344554729223537,0.02368711275734456,0.01999273342271865,0.037139926626861275,0.021839923090031604,0.03529273695954832,0.057132660049579925,0.0,0.0,0.0,0.0
2024,target_nicu,0.05,426,310716,130015,175517,26140,32460,29158,36380,0.009713049859035261,0.02034011766371864,0.0029029724893471914,0.02034011766371864,0.012616022348382452,0.009713049859035261,0.023243090153065832,0.011164536103708857,0.021791603908392236,0.03295614001210109,0.0,0.0,0.0,0.0
2024,target_nicu,0.1,426,310716,260030,351034,42905,53315,48769,60467,0.018872539553804746,0.03350326343027071,0.00414526448589711,0.03350326343027071,0.023017804039701856,0.018872539553804746,0.03764852791616782,0.0209451717967533,0.03557589567321927,0.05652106746997257,0.0,0.0,0.0,0.0
2024,target_nicu,0.05,427,310982,130015,175517,26469,32655,29455,36700,0.009601841907248651,0.019891826536584112,0.003405341788270705,0.019891826536584112,0.013007183695519356,0.009601841907248651,0.023297168324854817,0.011304512801384003,0.021594497430719464,0.03289901023210347,0.0,0.0,0.0,0.0
2024,target_nicu,0.1,427,310982,260030,351034,43155,53625,48914,60566,0.018518756712607165,0.03366754345910697,0.003800863072460775,0.03366754345910697,0.02231961978506794,0.018518756712607165,0.037468406531567744,0.020419188248837553,0.035567974995337356,0.05598716324417491,0.0,0.0,0.0,0.0
2024,target_nicu,0.05,428,310335,130015,175517,26305,32601,29205,36589,0.009344740361222556,0.020287753556640406,0.0035058887975897013,0.020287753556640406,0.012850629158812257,0.009344740361222556,0.023793642354230107,0.011097684760017407,0.022040697955435257,0.03313838271545266,0.0,0.0,0.0,0.0
2024,target_nicu,0.1,428,310335,260030,351034,42996,53289,48915,60591,0.01907293730968146,0.03316738363381508,0.004456474455024423,0.03316738363381508,0.023529411764705882,0.01907293730968146,0.0376238580888395,0.02130117453719367,0.03539562086132729,0.05669679539852096,0.0,0.0,0.0,0.0
2024,target_nicu,0.05,429,310845,130015,175517,26209,32427,29200,36565,0.009622158953819418,0.02000353874117325,0.0036899419324743915,0.02000353874117325,0.01331210088629381,0.009622158953819418,0.02369348067364764,0.011467129920056614,0.021848509707410445,0.03331563962746706,0.0,0.0,0.0,0.0
2024,target_nicu,0.1,429,310845,260030,351034,42888,53372,48667,60452,0.018591259309302055,0.03372742041853655,0.0041853656967298924,0.03372742041853655,0.022776625006031948,0.018591259309302055,0.03791278611526644,0.020683942157667,0.03582010326690149,0.056504045424568494,0.0,0.0,0.0,0.0
2024,target_nicu,0.05,430,310869,130015,175517,26255,32665,29462,36662,0.010316242533028389,0.020619617909794802,0.0025412633617375724,0.020619617909794802,0.012857505894765961,0.010316242533028389,0.023160881271532374,0.011586874213897175,0.021890249590663588,0.03347712380456076,0.0,0.0,0.0,0.0
2024,target_nicu,0.1,430,310869,260030,351034,43266,53625,48922,60721,0.01819415895441487,0.03332271792941721,0.00463217625430648,0.03332271792941721,0.02282633520872135,0.01819415895441487,0.03795489418372369,0.02051024708156811,0.03563880605657045,0.05614905313813856,0.0,0.0,0.0,0.0
2024,target_nicu,0.05,431,310493,130015,175517,26233,32486,29105,36475,0.00924980595375742,0.02013894033037783,0.0035975046136305644,0.02013894033037783,0.012847310567387984,0.00924980595375742,0.023736444944008395,0.011048558260572702,0.021937692637193112,0.032986250897765815,0.0,0.0,0.0,0.0
2024,target_nicu,0.1,431,310493,260030,351034,42773,53320,48597,60227,0.018757266669457928,0.0339685596776739,0.0034880013398047582,0.0339685596776739,0.022245268009262686,0.018757266669457928,0.03745656101747866,0.020501267339360307,0.03571256034757628,0.056213827686936585,0.0,0.0,0.0,0.0
2024,target_nicu,0.05,432,311496,130015,175517,26174,32713,29269,36591,0.009935922130621264,0.020992243881141334,0.0025136759380537665,0.020992243881141334,0.01244959806867503,0.009935922130621264,0.0235059198191951,0.011192760099648147,0.022249081850168217,0.033441841949816364,0.0,0.0,0.0,0.0
2024,target_nicu,0.1,432,311496,260030,351034,43334,53930,49072,60921,0.018420782289339188,0.03401648817320285,0.004022523563705471,0.03401648817320285,0.02244330585304466,0.018420782289339188,0.038039011736908324,0.020432044071191924,0.03602774995505559,0.05645979402624751,0.0,0.0,0.0,0.0
2024,target_nicu,0.05,433,309831,130015,175517,26072,32352,28862,36230,0.009004909127879393,0.02026911445271777,0.0035115918032734006,0.02026911445271777,0.012516500931152794,0.009004909127879393,0.02378070625599117,0.010760705029516093,0.02202491035435447,0.032785615383870564,0.0,0.0,0.0,0.0
2024,target_nicu,0.1,433,309831,260030,351034,42811,53207,48334,59979,0.01782584699400641,0.03355377609083662,0.004031229928573937,0.03355377609083662,0.02185707692258035,0.01782584699400641,0.03758500601941056,0.01984146195829338,0.03556939105512359,0.05541085301341697,0.0,0.0,0.0,0.0
2024,target_nicu,0.05,434,310333,130015,175517,26184,32388,29441,36634,0.010495177760663554,0.019991428562221872,0.003186899234048579,0.019991428562221872,0.013682076994712133,0.010495177760663554,0.02317832779627045,0.012088627377687844,0.02158487817924616,0.033673505556934005,0.0,0.0,0.0,0.0
2024,target_nicu,0.1,434,310333,260030,351034,42665,52988,48794,60454,0.019749752685018995,0.03326426773820379,0.004308275304269943,0.03326426773820379,0.024058027989288938,0.019749752685018995,0.03757254304247373,0.021903890337153967,0.03541840539033876,0.05732229572749273,0.0,0.0,0.0,0.0
2024,target_nicu,0.05,435,310541,130015,175517,26079,32338,29232,36580,0.010153248685358773,0.020155148595515565,0.003506783323297083,0.020155148595515565,0.013660032008655856,0.010153248685358773,0.023661931918812648,0.011906640347007315,0.021908540257164107,0.03381518060417142,0.0,0.0,0.0,0.0
2024,target_nicu,0.1,435,310541,260030,351034,42732,53223,48676,60424,0.019140789782991607,0.03378297873710717,0.004047774689976524,0.03378297873710717,0.02318856447296813,0.019140789782991607,0.037830753427083696,0.02116467712797987,0.035806866082095434,0.056971543210075304,0.0,0.0,0.0,0.0
2024,target_nicu,0.05,436,309950,130015,175517,26180,32522,29337,36571,0.010185513792547188,0.02046136473624778,0.002877883529601555,0.02046136473624778,0.013063397322148743,0.010185513792547188,0.023339248265849336,0.011624455557347965,0.021900306501048558,0.03352476205839652,0.0,0.0,0.0,0.0
2024,target_nicu,0.1,436,309950,260030,351034,42848,53287,48837,60481,0.019322471366349403,0.03367962574608807,0.0038877238264236336,0.03367962574608807,0.023210195192773037,0.019322471366349403,0.037567349572511705,0.02126633327956122,0.03562348765929989,0.05688982093886111,0.0,0.0,0.0,0.0
2024,target_nicu,0.05,437,310231,130015,175517,26013,32347,28968,36340,0.009525160283788525,0.020417044073609655,0.0033458938661835996,0.020417044073609655,0.012871054149972125,0.009525160283788525,0.023762937939793255,0.011198107216880325,0.022089991006701455,0.03328809822358178,0.0,0.0,0.0,0.0
2024,target_nicu,0.1,437,310231,260030,351034,42594,52958,48676,60242,0.019604746140778978,0.03340736418991011,0.003874532203422598,0.03340736418991011,0.023479278344201576,0.019604746140778978,0.03728189639333271,0.021542012242490277,0.03534463029162141,0.05688664253411169,0.0,0.0,0.0,0.0
2024,target_nicu,0.05,438,310106,130015,175517,26172,32479,29259,36488,0.00995466066441797,0.02033820693569295,0.0029731769137004843,0.02033820693569295,0.012927837578118453,0.00995466066441797,0.023311383849393436,0.011441249121268211,0.021824795392543193,0.033266044513811405,0.0,0.0,0.0,0.0
2024,target_nicu,0.1,438,310106,260030,351034,42882,53245,48685,60411,0.018712956214971654,0.03341760559292628,0.004395271294331621,0.03341760559292628,0.023108227509303275,0.018712956214971654,0.0378128768872579,0.020910591862137465,0.03561524124009209,0.056525833102229556,0.0,0.0,0.0,0.0
2024,target_nicu,0.05,439,310477,130015,175517,25997,32277,29058,36503,0.009859023373712056,0.020226941126073747,0.0037522908299165575,0.020226941126073747,0.013611314203628613,0.009859023373712056,0.023979231955990304,0.011735168788670335,0.022103086541032026,0.03383825532970236,0.0,0.0,0.0,0.0
2024,target_nicu,0.1,439,310477,260030,351034,42711,53110,48729,60523,0.01938307829565475,0.033493624326439625,0.004493086444406519,0.033493624326439625,0.023876164740061268,0.01938307829565475,0.037986710770846144,0.021629621517858008,0.035740167548642884,0.05736978906650089,0.0,0.0,0.0,0.0
2024,target_nicu,0.05,440,311224,130015,175517,26376,32593,29475,36871,0.009957458293704854,0.01997596586381513,0.003788268256946767,0.01997596586381513,0.013745726550651621,0.009957458293704854,0.023764234120761896,0.011851592422178238,0.021870099992288512,0.03372169241446675,0.0,0.0,0.0,0.0
2024,target_nicu,0.1,440,311224,260030,351034,43044,53556,48965,60674,0.019024882399814924,0.033776315451250566,0.003846104413541357,0.033776315451250566,0.02287098681335628,0.019024882399814924,0.03762241986479192,0.020947934606585603,0.035699367658021244,0.05664730226460685,0.0,0.0,0.0,0.0
2024,target_nicu,0.05,441,310547,130015,175517,26451,32679,29414,36704,0.009541228863907875,0.020054935323799608,0.0034197722083935816,0.020054935323799608,0.012961001072301456,0.009541228863907875,0.02347470753219319,0.011251114968104665,0.0217648214279964,0.033015936396101064,0.0,0.0,0.0,0.0
2024,target_nicu,0.1,441,310547,260030,351034,43197,53597,48896,60602,0.018351489468582866,0.03348929469613296,0.004205482583956699,0.03348929469613296,0.022556972052539564,0.018351489468582866,0.03769477728008966,0.020454230760561215,0.03559203598811131,0.056046266748672524,0.0,0.0,0.0,0.0
2024,target_nicu,0.05,442,310891,130015,175517,26347,32584,29321,36549,0.009566053697276547,0.02006169364825615,0.003187612378614993,0.02006169364825615,0.01275366607589154,0.009566053697276547,0.02324930602687114,0.011159859886584043,0.021655499837563645,0.03281535972414769,0.0,0.0,0.0,0.0
2024,target_nicu,0.1,442,310891,260030,351034,43192,53760,48841,60771,0.01817035552653501,0.03399262120807614,0.0043809566697009805,0.03399262120807614,0.02255131219623599,0.01817035552653501,0.03837357787777712,0.0203608338613855,0.03618309954292663,0.05654393340431213,0.0,0.0,0.0,0.0
2024,target_nicu,0.05,443,310498,130015,175517,26171,32409,29298,36575,0.010070918331196985,0.02009030653981668,0.0033462373348620567,0.02009030653981668,0.013417155666059041,0.010070918331196985,0.023436543874678736,0.011744036998628013,0.021763425207247708,0.03350746220587572,0.0,0.0,0.0,0.0
2024,target_nicu,0.1,443,310498,260030,351034,42881,53217,48870,60494,0.01928836900720779,0.03328845918492229,0.004148174867470961,0.03328845918492229,0.02343654387467875,0.01928836900720779,0.03743663405239325,0.02136245644094327,0.03536254661865777,0.05672500305960104,0.0,0.0,0.0,0.0
2024,target_nicu,0.05,444,310673,130015,175517,26184,32426,29302,36610,0.010036276084500417,0.02009186508000374,0.003431260521512977,0.02009186508000374,0.013467536606013394,0.010036276084500417,0.023523125601516717,0.011751906345256906,0.02180749534076023,0.033559401686017135,0.0,0.0,0.0,0.0
2024,target_nicu,0.1,444,310673,260030,351034,42910,53096,48734,60505,0.018746398946802578,0.03278688524590165,0.005101827323262725,0.03278688524590165,0.023848226270065304,0.018746398946802578,0.03788871256916437,0.02129731260843394,0.03533779890753301,0.05663511151596695,0.0,0.0,0.0,0.0
2024,target_nicu,0.05,445,310208,130015,175517,26239,32524,29244,36656,0.009687048689911285,0.020260599339797805,0.003633046214153085,0.020260599339797805,0.01332009490406437,0.009687048689911285,0.02389364555395089,0.011503571796987827,0.022077122446874348,0.033580694243862175,0.0,0.0,0.0,0.0
2024,target_nicu,0.1,445,310208,260030,351034,42905,53343,49002,60663,0.019654554363523813,0.03364839075716938,0.003942515989271728,0.03364839075716938,0.02359707035279554,0.019654554363523813,0.03759090674644111,0.021625812358159677,0.03561964875180525,0.057245461109964924,0.0,0.0,0.0,0.0
2024,target_nicu,0.05,446,310905,130015,175517,26224,32676,29372,36652,0.010125279426191292,0.020752319840465744,0.002663192936749159,0.020752319840465744,0.01278847236294045,0.010125279426191292,0.023415512777214903,0.011456875894565871,0.022083916308840323,0.033540792203406194,0.0,0.0,0.0,0.0
2024,target_nicu,0.1,446,310905,260030,351034,43186,53559,49106,60753,0.01904118621443851,0.03336388929094097,0.0040977147360125865,0.03336388929094097,0.023138900950451097,0.01904118621443851,0.03746160402695356,0.021090043582444803,0.03541274665894727,0.05650279024139207,0.0,0.0,0.0,0.0
2024,target_nicu,0.05,447,311836,130015,175517,26550,32878,29673,36949,0.010014879616208519,0.020292717967136567,0.0030400595184648382,0.020292717967136567,0.013054939134673357,0.010014879616208519,0.023332777485601405,0.011534909375440938,0.021812747726368986,0.033347657101809924,0.0,0.0,0.0,0.0
2024,target_nicu,0.1,447,311836,260030,351034,43222,53547,49237,60922,0.019288985235829087,0.033110352877794735,0.004361266819738585,0.033110352877794735,0.023650252055567672,0.019288985235829087,0.03747161969753332,0.02146961864569838,0.03529098628766403,0.05676060493336241,0.0,0.0,0.0,0.0
2024,target_nicu,0.05,448,310960,130015,175517,26463,32719,29321,36761,0.009190892719320817,0.020118343195266272,0.003807563673784403,0.020118343195266272,0.01299845639310522,0.009190892719320817,0.023925906869050675,0.011094674556213019,0.022022125032158474,0.03311679958837149,0.0,0.0,0.0,0.0
2024,target_nicu,0.1,448,310960,260030,351034,43212,53697,48923,60623,0.018365706200154375,0.03371816310779521,0.003907254952405459,0.03371816310779521,0.022272961152559834,0.018365706200154375,0.03762541806020067,0.020319333676357104,0.03567179058399794,0.055991124260355046,0.0,0.0,0.0,0.0
2024,target_nicu,0.05,449,311299,130015,175517,26215,32544,29182,36542,0.009531029653163034,0.02033093585266897,0.0033119284032393365,0.02033093585266897,0.01284295805640237,0.009531029653163034,0.023642864255908308,0.011186993854782702,0.02198690005428864,0.03317389390907134,0.0,0.0,0.0,0.0
2024,target_nicu,0.1,449,311299,260030,351034,43019,53430,48851,60629,0.01873440004625776,0.033443730946774636,0.004391276554052553,0.033443730946774636,0.023125676600310313,0.01873440004625776,0.03783500750082719,0.020930038323284036,0.03563936922380091,0.05656940754708495,0.0,0.0,0.0,0.0
2024,target_nicu,0.05,450,311367,130015,175517,26168,32610,29221,36514,0.009805149550209238,0.020689411530444776,0.0027331091605725666,0.020689411530444776,0.012538258710781805,0.009805149550209238,0.023422520691017343,0.011171704130495522,0.02205596611073106,0.03322767024122658,0.0,0.0,0.0,0.0
2024,target_nicu,0.1,450,311367,260030,351034,43280,53527,49103,60957,0.018701403809652295,0.03290971747166527,0.005161112128131751,0.03290971747166527,0.023862515937784046,0.018701403809652295,0.03807082959979702,0.02128195987371817,0.03549027353573114,0.05677223340944931,0.0,0.0,0.0,0.0
2024,target_nicu,0.05,451,310136,130015,175517,26141,32190,29273,36609,0.010098795367193755,0.01950434648025383,0.004149792349162934,0.01950434648025383,0.01424858771635669,0.010098795367193755,0.023654138829416763,0.012173691541775222,0.021579242654835296,0.03375293419661052,0.0,0.0,0.0,0.0
2024,target_nicu,0.1,451,310136,260030,351034,42620,52891,48596,60330,0.019268965873036364,0.033117728996311296,0.004717285319988634,0.033117728996311296,0.023986251193025,0.019268965873036364,0.03783501431629993,0.02162760853303068,0.035476371656305614,0.057103980189336295,0.0,0.0,0.0,0.0
2024,target_nicu,0.05,452,310356,130015,175517,26427,32662,29609,36893,0.010252742012398675,0.020089832321591977,0.0033799894314915785,0.020089832321591977,0.013632731443890253,0.010252742012398675,0.023469821753083556,0.011942736728144464,0.021779827037337766,0.03372256376548223,0.0,0.0,0.0,0.0
2024,target_nicu,0.1,452,310356,260030,351034,43193,53475,49016,60777,0.01876232455631599,0.03312969621982498,0.004765495108842721,0.03312969621982498,0.02352781966515871,0.01876232455631599,0.0378951913286677,0.02114507211073735,0.03551244377424634,0.05665751588498369,0.0,0.0,0.0,0.0
2024,target_nicu,0.05,453,310242,130015,175517,26250,32538,29293,36635,0.009808472095976697,0.020268048813506884,0.0033973478768187237,0.020268048813506884,0.013205819972795421,0.009808472095976697,0.023665396690325607,0.01150714603438606,0.021966722751916246,0.033473868786302305,0.0,0.0,0.0,0.0
2024,target_nicu,0.1,453,310242,260030,351034,43062,53366,48780,60634,0.01843077339625196,0.03321278227963975,0.004996099818851102,0.03321278227963975,0.02342687321510306,0.01843077339625196,0.038208882098490854,0.02092882330567751,0.0357108321890653,0.05663965549474281,0.0,0.0,0.0,0.0
2024,target_nicu,0.05,454,310611,130015,175517,26354,32566,29308,36705,0.009510287787618601,0.019999291718580475,0.0038150612824400937,0.019999291718580475,0.013325349070058695,0.009510287787618601,0.02381435300102057,0.011417818428838648,0.021906822359800522,0.03332464078863917,0.0,0.0,0.0,0.0
2024,target_nicu,0.1,454,310611,260030,351034,42835,53220,48865,60523,0.019413349816973652,0.03343410246256573,0.00409837385024997,0.03343410246256573,0.023511723667223622,0.019413349816973652,0.0375324763128157,0.021462536742098637,0.035483289387690714,0.05694582612978935,0.0,0.0,0.0,0.0
2024,target_nicu,0.05,455,310725,130015,175517,26188,32625,29040,36498,0.009178534073537692,0.02071606726204843,0.0032858637058492263,0.02071606726204843,0.012464397779386918,0.009178534073537692,0.024001930967897656,0.010821465926462305,0.022358999114973042,0.03318046504143535,0.0,0.0,0.0,0.0
2024,target_nicu,0.1,455,310725,260030,351034,43061,53450,48807,60634,0.018492235899911502,0.03343470914796043,0.004627886394722003,0.03343470914796043,0.023120122294633505,0.018492235899911502,0.03806259554268243,0.020806179097272504,0.03574865234532143,0.056554831442593934,0.0,0.0,0.0,0.0
2024,target_nicu,0.05,456,309846,130015,175517,26073,32406,29089,36322,0.00973386779238719,0.020439185918165806,0.0029046687709378127,0.020439185918165806,0.012638536563325004,0.00973386779238719,0.02334385468910362,0.011186202177856097,0.021891520303634712,0.03307772248149081,0.0,0.0,0.0,0.0
2024,target_nicu,0.1,456,309846,260030,351034,42825,53359,48473,60246,0.018228410242507542,0.03399753425895444,0.003998760674657764,0.03399753425895444,0.022227170917165306,0.018228410242507542,0.0379962949336122,0.020227790579836424,0.03599691459628332,0.056224705176119744,0.0,0.0,0.0,0.0
2024,target_nicu,0.05,457,310192,130015,175517,26151,32471,29215,36347,0.009877753133543096,0.02037447774281735,0.0026177335327797063,0.02037447774281735,0.012495486666322803,0.009877753133543096,0.022992211275597058,0.01118661989993295,0.021683344509207204,0.032869964409140154,0.0,0.0,0.0,0.0
2024,target_nicu,0.1,457,310192,260030,351034,43010,53325,48718,60443,0.018401506163924275,0.0332535977717027,0.004545571774900697,0.0332535977717027,0.022947077938824972,0.018401506163924275,0.037799169546603395,0.020674292051374624,0.035526383659153046,0.05620067571052767,0.0,0.0,0.0,0.0
2024,target_nicu,0.05,458,310472,130015,175517,26234,32633,29340,36681,0.010004122755031056,0.020610554252879484,0.003034090030662989,0.020610554252879484,0.013038212785694045,0.010004122755031056,0.023644644283542474,0.01152116777036255,0.02212759926821098,0.03364876703857353,0.0,0.0,0.0,0.0
2024,target_nicu,0.1,458,310472,260030,351034,43003,53323,49017,60550,0.019370506841196622,0.03323971243783658,0.003906954572393012,0.03323971243783658,0.023277461413589634,0.019370506841196622,0.03714666701022959,0.021323984127393128,0.03519318972403308,0.05651717385142621,0.0,0.0,0.0,0.0
2024,target_nicu,0.05,459,311018,130015,175517,26277,32623,29403,36807,0.010050865223234659,0.02040396375772463,0.0034017323756181383,0.02040396375772463,0.013452597598852797,0.010050865223234659,0.02380569613334277,0.011751731411043728,0.0221048299455337,0.03385656135657743,0.0,0.0,0.0,0.0
2024,target_nicu,0.1,459,311018,260030,351034,43186,53714,49014,60879,0.01873846529782841,0.03385013086059327,0.004298786565407803,0.03385013086059327,0.023037251863236213,0.01873846529782841,0.03814891742600107,0.020887858580532312,0.03599952414329717,0.05688738272382948,0.0,0.0,0.0,0.0
2024,target_nicu,0.05,460,310503,130015,175517,26308,32750,29285,36587,0.009587669040234711,0.020746981510645635,0.0027696994876055953,0.020746981510645635,0.012357368527840307,0.009587669040234711,0.02351668099825123,0.010972518784037509,0.022131831254448432,0.03310435003848594,0.0,0.0,0.0,0.0
2024,target_nicu,0.1,460,310503,260030,351034,43080,53543,48980,60499,0.019001426717294212,0.03369693690560155,0.003400933324315708,0.03369693690560155,0.02240236004160992,0.019001426717294212,0.03709787022991726,0.020701893379452066,0.0353974035677594,0.05609929694721147,0.0,0.0,0.0,0.0
2024,target_nicu,0.05,461,310760,130015,175517,26132,32521,29061,36334,0.009425279958810664,0.020559274037842717,0.0028446389496717545,0.020559274037842717,0.012269918908482419,0.009425279958810664,0.023403912987514472,0.010847599433646542,0.021981593512678595,0.032829192946325136,0.0,0.0,0.0,0.0
2024,target_nicu,0.1,461,310760,260030,351034,43099,53535,48793,60547,0.018322821469944656,0.03358218560947354,0.004241215085596606,0.03358218560947354,0.02256403655554126,0.018322821469944656,0.03782340069507015,0.02044342901274296,0.035702793152271844,0.0561462221650148,0.0,0.0,0.0,0.0
2024,target_nicu,0.05,462,310912,130015,175517,25970,32291,29276,36454,0.010633233841086873,0.020330511527377526,0.002756406957595714,0.020330511527377526,0.013389640798682587,0.010633233841086873,0.02308691848497324,0.01201143731988473,0.021708715006175383,0.03372015232606011,0.0,0.0,0.0,0.0
2024,target_nicu,0.1,462,310912,260030,351034,42861,53242,48681,60435,0.018719123095924245,0.033388868876080696,0.004416040551667361,0.033388868876080696,0.023135163647591606,0.018719123095924245,0.03780490942774806,0.020927143371757925,0.035596889151914377,0.0565240325236723,0.0,0.0,0.0,0.0
2024,target_nicu,0.05,463,310576,130015,175517,26301,32512,29355,36687,0.00983334191953017,0.019998325691618163,0.003609422492401204,0.019998325691618163,0.013442764411931374,0.00983334191953017,0.023607748184019367,0.011638053165730772,0.021803036937818765,0.03344109010354954,0.0,0.0,0.0,0.0
2024,target_nicu,0.1,463,310576,260030,351034,43032,53291,48808,60566,0.018597702333728316,0.03303217247952192,0.004826515893050332,0.03303217247952192,0.023424218226778648,0.018597702333728316,0.03785868837257225,0.021010960280253482,0.035445430426047086,0.05645639070630057,0.0,0.0,0.0,0.0
2024,target_nicu,0.05,464,309679,130015,175517,26023,32340,29116,36397,0.009987761520800567,0.020398541715776652,0.003112900777902286,0.020398541715776652,0.013100662298702853,0.009987761520800567,0.02351144249367894,0.01154421190975171,0.021954992104727795,0.033499204014479506,0.0,0.0,0.0,0.0
2024,target_nicu,0.1,464,309679,260030,351034,42762,53204,48757,60318,0.01935875535635287,0.03371878622702862,0.003613419056506917,0.03371878622702862,0.022972174412859786,0.01935875535635287,0.037332205283535536,0.021165464884606328,0.03552549575528208,0.056690960639888405,0.0,0.0,0.0,0.0
2024,target_nicu,0.05,465,310433,130015,175517,26244,32505,29235,36612,0.009634929276204518,0.020168603209066036,0.0035949786266279843,0.020168603209066036,0.013229907902832502,0.009634929276204518,0.02376358183569402,0.01143241858951851,0.021966092522380028,0.03339851111189854,0.0,0.0,0.0,0.0
2024,target_nicu,0.1,465,310433,260030,351034,42900,53387,48657,60286,0.01854506447445986,0.033781846646458336,0.003678732608968782,0.033781846646458336,0.022223797083428642,0.01854506447445986,0.03746057925542712,0.02038443077894425,0.03562121295094273,0.05600564372988698,0.0,0.0,0.0,0.0
2024,target_nicu,0.05,466,309892,130015,175517,26205,32488,29220,36527,0.009729195977953617,0.02027480541608044,0.0033043770087643337,0.02027480541608044,0.01303357298671795,0.009729195977953617,0.023579182424844775,0.011381384482335784,0.021926993920462608,0.03330837840279839,0.0,0.0,0.0,0.0
2024,target_nicu,0.1,466,309892,260030,351034,43050,53257,48786,60662,0.018509674338156534,0.032937281375446936,0.005385747292605159,0.032937281375446936,0.023895421630761693,0.018509674338156534,0.038323028668052095,0.021202547984459114,0.035630155021749516,0.05683270300620863,0.0,0.0,0.0,0.0
2024,target_nicu,0.05,467,310884,130015,175517,26033,32255,29252,36522,0.010354344385687261,0.020013895858262243,0.003371032282137393,0.020013895858262243,0.013725376667824654,0.010354344385687261,0.023384928140399636,0.012039860526755958,0.02169941199933094,0.0337392725260869,0.0,0.0,0.0,0.0
2024,target_nicu,0.1,467,310884,260030,351034,42761,53195,48780,60473,0.01936091918529098,0.033562357663951825,0.00404974202596467,0.033562357663951825,0.02341066121125565,0.01936091918529098,0.037612099689916495,0.021385790198273316,0.03558722867693416,0.056973018875207476,0.0,0.0,0.0,0.0
2024,target_nicu,0.05,468,309866,130015,175517,26209,32401,29149,36557,0.009487972220250038,0.019982831288363354,0.00392427694551839,0.019982831288363354,0.013412249165768428,0.009487972220250038,0.023907108233881744,0.011450110693009233,0.02194496976112255,0.03339508045413178,0.0,0.0,0.0,0.0
2024,target_nicu,0.1,468,309866,260030,351034,42801,53164,48748,60456,0.01919216693667586,0.03344348847566367,0.004340585930692614,0.03344348847566367,0.023532752867368473,0.01919216693667586,0.03778407440635628,0.021362459902022166,0.035613781441009976,0.05697624134303214,0.0,0.0,0.0,0.0
2024,target_nicu,0.05,469,310562,130015,175517,25916,32263,29069,36275,0.010152562129301074,0.02043714298594161,0.0027659533362098393,0.02043714298594161,0.012918515465510913,0.010152562129301074,0.02320309632215145,0.011535538797405993,0.02182011965404653,0.033355658451452525,0.0,0.0,0.0,0.0
2024,target_nicu,0.1,469,310562,260030,351034,42462,52805,48468,60075,0.01933913357075237,0.03330413894810055,0.00407004076480702,0.03330413894810055,0.02340917433555939,0.01933913357075237,0.037374179712907574,0.02137415395315588,0.035339159330504064,0.056713313283659944,0.0,0.0,0.0,0.0
2024,target_nicu,0.05,470,309991,130015,175517,26146,32501,29204,36441,0.009864802526524968,0.02050059517856971,0.0028452438941775626,0.02050059517856971,0.012710046420702531,0.009864802526524968,0.023345839072747274,0.01128742447361375,0.021923217125658492,0.03321064159927224,0.0,0.0,0.0,0.0
2024,target_nicu,0.1,470,309991,260030,351034,42881,53194,48751,60350,0.018936033626782728,0.03326870780119423,0.004148507537315604,0.03326870780119423,0.023084541164098332,0.018936033626782728,0.037417215338509835,0.02101028739544053,0.03534296156985203,0.05635324896529256,0.0,0.0,0.0,0.0
2024,target_nicu,0.05,471,310482,130015,175517,26287,32635,29070,36422,0.008963482585141805,0.020445629698340004,0.0032336818237450188,0.020445629698340004,0.012197164408886824,0.008963482585141805,0.023679311522085023,0.010580323497014314,0.022062470610212513,0.03264279410722683,0.0,0.0,0.0,0.0
2024,target_nicu,0.1,471,310482,260030,351034,43090,53456,48709,60483,0.018097667497632697,0.033386798590578526,0.0045348844699531765,0.033386798590578526,0.022632551967585873,0.018097667497632697,0.0379216830605317,0.020365109732609285,0.035654240825555114,0.0560193505581644,0.0,0.0,0.0,0.0
2024,target_nicu,0.05,472,310560,130015,175517,26031,32343,29050,36242,0.009721148892323533,0.020324574961360115,0.0028335909325090253,0.020324574961360115,0.012554739824832559,0.009721148892323533,0.02315816589386914,0.011137944358578046,0.021741370427614627,0.03287931478619267,0.0,0.0,0.0,0.0
2024,target_nicu,0.1,472,310560,260030,351034,42871,53238,48517,60335,0.018180061823802163,0.03338163317877382,0.004672205048943834,0.03338163317877382,0.022852266872745997,0.018180061823802163,0.03805383822771766,0.02051616434827408,0.03571773570324574,0.05623390005151982,0.0,0.0,0.0,0.0
2024,target_nicu,0.05,473,310272,130015,175517,26142,32408,29224,36530,0.009933219884488448,0.020195183580858075,0.0033518976897689845,0.020195183580858075,0.013285117574257432,0.009933219884488448,0.02354708127062706,0.01160916872937294,0.021871132425742568,0.03348030115511551,0.0,0.0,0.0,0.0
2024,target_nicu,0.1,473,310272,260030,351034,42908,53242,48789,60552,0.018954336839934,0.033306260313531344,0.004605636344884506,0.033306260313531344,0.023559973184818506,0.018954336839934,0.03791189665841585,0.021257155012376253,0.0356090784859736,0.05686623349834985,0.0,0.0,0.0,0.0
2024,target_nicu,0.05,474,311540,130015,175517,26468,32732,29568,36843,0.009950568145342495,0.02010656737497593,0.003245169159658473,0.02010656737497593,0.013195737305000968,0.009950568145342495,0.023351736534634404,0.011573152725171731,0.021729151954805168,0.0333023046799769,0.0,0.0,0.0,0.0
2024,target_nicu,0.1,474,311540,260030,351034,43042,53312,48997,60661,0.01911472042113374,0.032965269307312056,0.004474545804712071,0.032965269307312056,0.023589266225845812,0.01911472042113374,0.03743981511202413,0.021351993323489776,0.03520254220966809,0.05655453553315787,0.0,0.0,0.0,0.0
2024,target_nicu,0.05,475,311110,130015,175517,26255,32563,29310,36735,0.009819677927421167,0.020275786699238213,0.003590369965607021,0.020275786699238213,0.013410047893028187,0.009819677927421167,0.023866156664845234,0.011614862910224677,0.022070971682041723,0.0336858345922664,0.0,0.0,0.0,0.0
2024,target_nicu,0.1,475,311110,260030,351034,43086,53212,49024,60908,0.01908649673748833,0.03254797338561921,0.0056507344669088355,0.03254797338561921,0.024737231204397164,0.01908649673748833,0.03819870785252805,0.021911863970942747,0.03537334061907363,0.057285204590016375,0.0,0.0,0.0,0.0
2024,target_nicu,0.05,476,310260,130015,175517,26135,32509,29116,36433,0.009608070650422226,0.020544059820795463,0.0030393863211500005,0.020544059820795463,0.012647456971572227,0.009608070650422226,0.023583446141945463,0.011127763810997227,0.022063752981370463,0.03319151679236769,0.0,0.0,0.0,0.0
2024,target_nicu,0.1,476,310260,260030,351034,42769,53198,48587,60166,0.018752014439502362,0.03361374331206085,0.0037065686843292533,0.03361374331206085,0.022458583123831616,0.018752014439502362,0.037320311996390104,0.02060529878166699,0.03546702765422548,0.05607232643589247,0.0,0.0,0.0,0.0
2024,target_nicu,0.05,477,310814,130015,175517,26237,32455,29375,36639,0.010096070318582825,0.020005533856261304,0.003365356772860928,0.020005533856261304,0.013461427091443753,0.010096070318582825,0.023370890629122232,0.01177874870501329,0.021688212242691768,0.03346696094770506,0.0,0.0,0.0,0.0
2024,target_nicu,0.1,477,310814,260030,351034,42777,53017,48701,60331,0.019059630518573817,0.03294574890448951,0.004472128025121119,0.03294574890448951,0.023531758543694936,0.019059630518573817,0.03741787692961063,0.021295694531134376,0.03518181291705007,0.056477507448184444,0.0,0.0,0.0,0.0
2024,target_nicu,0.05,478,310370,130015,175517,26185,32449,29179,36538,0.009646550890872185,0.020182362986113353,0.003528047169507359,0.020182362986113353,0.013174598060379544,0.009646550890872185,0.023710410155620712,0.011410574475625865,0.021946386570867032,0.0333569610464929,0.0,0.0,0.0,0.0
2024,target_nicu,0.1,478,310370,260030,351034,42901,53295,48698,60448,0.018677707252633957,0.033489061442794094,0.004368978960595404,0.033489061442794094,0.02304668621322936,0.018677707252633957,0.0378580404033895,0.02086219673293166,0.035673550923091796,0.056535747656023455,0.0,0.0,0.0,0.0
2024,target_nicu,0.05,479,311038,130015,175517,26341,32673,29426,36697,0.009918402253100908,0.02035764118853646,0.003018923732791487,0.02035764118853646,0.012937325985892395,0.009918402253100908,0.023376564921327947,0.011427864119496652,0.021867103054932203,0.033294967174428855,0.0,0.0,0.0,0.0
2024,target_nicu,0.1,479,311038,260030,351034,43141,53458,49004,60637,0.018849786842765198,0.03316958056571867,0.004230994283656642,0.03316958056571867,0.02308078112642184,0.018849786842765198,0.03740057484937531,0.02096528398459352,0.03528507770754699,0.05625036169214051,0.0,0.0,0.0,0.0
2024,target_nicu,0.05,480,311360,130015,175517,26407,32625,29367,36752,0.009506680369989723,0.019970452209660844,0.0037480729701952764,0.019970452209660844,0.013254753340185,0.009506680369989723,0.02371852517985612,0.011380716855087361,0.021844488694758482,0.03322520554984584,0.0,0.0,0.0,0.0
2024,target_nicu,0.1,480,311360,260030,351034,43040,53503,48942,60688,0.01895554984583761,0.033604188078108915,0.004120632065775981,0.033604188078108915,0.02307618191161359,0.01895554984583761,0.037724820143884896,0.0210158658787256,0.035664504110996906,0.05668036998972251,0.0,0.0,0.0,0.0
2024,target_nicu,0.05,481,311116,130015,175517,26305,32585,29258,36587,0.009491636559996922,0.020185397086617207,0.0033717327299142424,0.020185397086617207,0.012863369289911164,0.009491636559996922,0.02355712981653145,0.011177502924954043,0.02187126345157433,0.03304876637652837,0.0,0.0,0.0,0.0
2024,target_nicu,0.1,481,311116,260030,351034,43170,53685,48756,60599,0.0179547178544337,0.03379768317926432,0.004268504352074487,0.03379768317926432,0.022223222206508186,0.0179547178544337,0.03806618753133881,0.020088970030470943,0.035931935355301564,0.05602090538577251,0.0,0.0,0.0,0.0
2024,target_nicu,0.05,482,311191,130015,175517,26078,32371,29107,36404,0.009733571986336356,0.020222307200401038,0.003226314385698828,0.020222307200401038,0.012959886372035184,0.009733571986336356,0.023448621586099866,0.01134672917918577,0.021835464393250452,0.03318219357243622,0.0,0.0,0.0,0.0
2024,target_nicu,0.1,482,311191,260030,351034,42691,52921,48536,60246,0.018782676876901966,0.03287370136025783,0.004755921604416596,0.03287370136025783,0.023538598481318562,0.018782676876901966,0.037629622964674425,0.021160637679110264,0.03525166216246613,0.05641229984157639,0.0,0.0,0.0,0.0
2024,target_nicu,0.05,483,310601,130015,175517,26427,32603,29521,36885,0.009961333028547875,0.01988403128129014,0.0038248428047559513,0.01988403128129014,0.013786175833303826,0.009961333028547875,0.02370887408604609,0.01187375443092585,0.021796452683668116,0.03367020711459397,0.0,0.0,0.0,0.0
2024,target_nicu,0.1,483,310601,260030,351034,43088,53369,49033,60809,0.01914031184703205,0.03310034417146113,0.0048132491524496,0.03310034417146113,0.02395356099948165,0.01914031184703205,0.03791359332391073,0.02154693642325685,0.03550696874768593,0.057053905170942776,0.0,0.0,0.0,0.0
2024,target_nicu,0.05,484,311561,130015,175517,26444,32710,29677,36880,0.010376780148991682,0.02011163143012122,0.0030074367459341916,0.02011163143012122,0.013384216894925874,0.010376780148991682,0.023119068176055413,0.011880498521958778,0.021615349803088317,0.033495848325047095,0.0,0.0,0.0,0.0
2024,target_nicu,0.1,484,311561,260030,351034,43250,53530,49096,60963,0.018763580807610702,0.03299514380811461,0.005093705566486195,0.03299514380811461,0.023857286374096898,0.018763580807610702,0.0380888493746008,0.0213104335908538,0.035541996591357705,0.056852430182211505,0.0,0.0,0.0,0.0
2024,target_nicu,0.05,485,310512,130015,175517,26273,32624,29396,36649,0.0100575823156593,0.020453315813881587,0.0029048796825887485,0.020453315813881587,0.012962461998248048,0.0100575823156593,0.023358195496470335,0.011510022156953674,0.02190575565517596,0.033415777812129635,0.0,0.0,0.0,0.0
2024,target_nicu,0.1,485,310512,260030,351034,43068,53294,49002,60601,0.019110372545988574,0.032932704694182524,0.004421729272942737,0.032932704694182524,0.02353210181893131,0.019110372545988574,0.03735443396712526,0.021321237182459943,0.03514356933065389,0.056464806513113835,0.0,0.0,0.0,0.0
2024,target_nicu,0.05,486,310798,130015,175517,26205,32572,29201,36502,0.00963970167118193,0.020485974813222743,0.003005167343419185,0.020485974813222743,0.012644869014601115,0.00963970167118193,0.023491142156641928,0.011142285342891523,0.021988558484932336,0.03313084382782386,0.0,0.0,0.0,0.0
2024,target_nicu,0.1,486,310798,260030,351034,43016,53345,48801,60694,0.01861337589044973,0.033233804593337135,0.005032207414462142,0.033233804593337135,0.02364558330491187,0.01861337589044973,0.03826601200779928,0.0211294795976808,0.035749908300568206,0.056879387898249006,0.0,0.0,0.0,0.0
2024,target_nicu,0.05,487,310391,130015,175517,26530,32855,29437,36802,0.009365606605861637,0.020377523832843095,0.003350612614412149,0.020377523832843095,0.012716219220273786,0.009365606605861637,0.023728136447255244,0.011040912913067712,0.02205283014004917,0.03309374305311688,0.0,0.0,0.0,0.0
2024,target_nicu,0.1,487,310391,260030,351034,43280,53603,49163,60836,0.018953513471717948,0.03325805194093903,0.004349352912938809,0.03325805194093903,0.023302866384656756,0.018953513471717948,0.03760740485387784,0.021128189928187352,0.035432728397408436,0.05656091832559579,0.0,0.0,0.0,0.0
2024,target_nicu,0.05,488,310312,130015,175517,26352,32709,29445,36694,0.009967387661450416,0.020485833612622142,0.0028745262832246127,0.020485833612622142,0.012841913944675029,0.009967387661450416,0.023360359895846755,0.011404650803062723,0.02192309675423445,0.03332774755729717,0.0,0.0,0.0,0.0
2024,target_nicu,0.1,488,310312,260030,351034,43274,53489,49072,60857,0.01868442084096006,0.0329184820438784,0.0050594240635231935,0.0329184820438784,0.023743844904483252,0.01868442084096006,0.03797790610740159,0.021214132872721655,0.03544819407564,0.05666232694836165,0.0,0.0,0.0,0.0
2024,target_nicu,0.05,489,310839,130015,175517,26175,32474,29218,36567,0.009789633861902791,0.020264509923143492,0.0033779545037784797,0.020264509923143492,0.013167588365681271,0.009789633861902791,0.023642464426921972,0.011478611113792031,0.021953487175032732,0.03343209828882476,0.0,0.0,0.0,0.0
2024,target_nicu,0.1,489,310839,260030,351034,42865,53113,48803,60488,0.019103136993749187,0.032968835956877995,0.0046229720208854075,0.032968835956877995,0.023726109014634594,0.019103136993749187,0.0375918079777634,0.02141462300419189,0.0352803219673207,0.05669494497151259,0.0,0.0,0.0,0.0
2024,target_nicu,0.05,490,310780,130015,175517,26361,32600,29454,36694,0.009952377887894964,0.020075294420490372,0.0032209279876440067,0.020075294420490372,0.013173305875538971,0.009952377887894964,0.02329622240813438,0.011562841881716968,0.021685758414312375,0.03324860029602934,0.0,0.0,0.0,0.0
2024,target_nicu,0.1,490,310780,260030,351034,42881,53337,48898,60508,0.019360962738914994,0.03364437866014544,0.0037132376600810812,0.03364437866014544,0.023074200398996075,0.019360962738914994,0.03735761632022652,0.021217581568955535,0.03550099749018598,0.056718579059141516,0.0,0.0,0.0,0.0
2024,target_nicu,0.05,491,310759,130015,175517,26210,32474,29408,36692,0.010290932845066436,0.02015709923123707,0.0032822862732857228,0.02015709923123707,0.013573219118352159,0.010290932845066436,0.02343938550452279,0.011932075981709298,0.02179824236787993,0.03373031834958923,0.0,0.0,0.0,0.0
2024,target_nicu,0.1,491,310759,260030,351034,42902,53376,49059,60802,0.019812780965313942,0.03370457492783796,0.004083550275293724,0.03370457492783796,0.023896331240607666,0.019812780965313942,0.037788125203131684,0.021854556102960804,0.03574635006548482,0.057600906168445626,0.0,0.0,0.0,0.0
2024,target_nicu,0.05,492,311817,130015,175517,26272,32531,29332,36600,0.009813448272544475,0.02007267082936466,0.0032358723225481556,0.02007267082936466,0.013049320595092631,0.009813448272544475,0.023308543151912817,0.011431384433818553,0.02169060699063874,0.03312199142445729,0.0,0.0,0.0,0.0
2024,target_nicu,0.1,492,311817,260030,351034,42841,53232,48754,60409,0.018963045632534453,0.03332403300653908,0.0040536596785935575,0.03332403300653908,0.02301670531112801,0.018963045632534453,0.037377692685132635,0.020989875471831232,0.035350862845835856,0.05634073831766709,0.0,0.0,0.0,0.0
2024,target_nicu,0.05,493,310312,130015,175517,26049,32373,29163,36514,0.010035061486503918,0.020379489030395215,0.003309572301425659,0.020379489030395215,0.013344633787929577,0.010035061486503918,0.023689061331820874,0.011689847637216748,0.022034275181108044,0.03372412281832479,0.0,0.0,0.0,0.0
2024,target_nicu,0.1,493,310312,260030,351034,42584,52956,48803,60336,0.020041119905127747,0.03342442445023072,0.0037413957565289035,0.03342442445023072,0.02378251566165665,0.020041119905127747,0.037165820206759625,0.0219118177833922,0.035295122328495174,0.05720694011188737,0.0,0.0,0.0,0.0
2024,target_nicu,0.05,494,311492,130015,175517,26421,32763,29322,36762,0.009313240789490584,0.02036007345292977,0.003524970143695502,0.02036007345292977,0.012838210933186087,0.009313240789490584,0.02388504359662527,0.011075725861338336,0.02212255852477752,0.033198284386115856,0.0,0.0,0.0,0.0
2024,target_nicu,0.1,494,311492,260030,351034,43381,53822,48976,60717,0.017961938027300867,0.033519319918328544,0.0041734619187651645,0.033519319918328544,0.02213539994606603,0.017961938027300867,0.03769278183709371,0.02004866898668345,0.035606050877711126,0.055654719864394575,0.0,0.0,0.0,0.0
2024,target_nicu,0.05,495,311337,130015,175517,26237,32632,29238,36517,0.009639072773232865,0.02054044331383678,0.0028393669881832256,0.02054044331383678,0.01247843976141609,0.009639072773232865,0.023379810302020007,0.011058756267324478,0.021960126807928394,0.03301888307525287,0.0,0.0,0.0,0.0
2024,target_nicu,0.1,495,311337,260030,351034,43067,53467,48680,60423,0.018028695593520855,0.033404317508037906,0.00431365369358605,0.033404317508037906,0.022342349287106905,0.018028695593520855,0.03771797120162396,0.02018552244031388,0.03556114435483093,0.05574666679514481,0.0,0.0,0.0,0.0
2024,target_nicu,0.05,496,310241,130015,175517,26438,32742,29357,36705,0.009408814437808027,0.020319686953046187,0.0033651258215387364,0.020319686953046187,0.012773940259346764,0.009408814437808027,0.023684812774584924,0.011091377348577396,0.022002249863815555,0.03309362721239295,0.0,0.0,0.0,0.0
2024,target_nicu,0.1,496,310241,260030,351034,43096,53473,48967,60646,0.01892399779526238,0.033448190277880735,0.004196737375137427,0.033448190277880735,0.02312073517039981,0.01892399779526238,0.03764492765301816,0.021022366482831095,0.03554655896544945,0.056568925448280544,0.0,0.0,0.0,0.0
2024,target_nicu,0.05,497,310850,130015,175517,26094,32487,29286,36494,0.01026861830464855,0.020566189480456812,0.0026218433327971635,0.020566189480456812,0.012890461637445713,0.01026861830464855,0.023188032813253975,0.011579539971047131,0.021877111146855394,0.033456651117902525,0.0,0.0,0.0,0.0
2024,target_nicu,0.1,497,310850,260030,351034,42898,53382,48770,60342,0.01889013993887728,0.03372687791539328,0.0035000804246421158,0.03372687791539328,0.022390220363519397,0.01889013993887728,0.03722695834003539,0.02064018015119834,0.035476918127714335,0.056117098278912675,0.0,0.0,0.0,0.0
2024,target_nicu,0.05,498,310589,130015,175517,25905,32157,28935,36267,0.009755657798569808,0.020129495893286622,0.003477264165826874,0.020129495893286622,0.013232921964396682,0.009755657798569808,0.023606760059113496,0.011494289881483245,0.02186812797620006,0.033362417857683305,0.0,0.0,0.0,0.0
2024,target_nicu,0.1,498,310589,260030,351034,42551,52942,48456,60235,0.019012263795562617,0.03345578883991382,0.004468928390896021,0.03345578883991382,0.023481192186458638,0.019012263795562617,0.03792471723080984,0.021246727991010628,0.03569025303536183,0.05693698102637246,0.0,0.0,0.0,0.0
2024,target_nicu,0.05,499,310588,130015,175517,26064,32199,29152,36557,0.009942431774569535,0.019752855873375663,0.0040890182492562405,0.019752855873375663,0.014031450023825776,0.009942431774569535,0.023841874122631904,0.011986940899197655,0.021797364998003783,0.03378430589720144,0.0,0.0,0.0,0.0
2024,target_nicu,0.1,499,310588,260030,351034,42588,53020,48583,60153,0.019302097956134828,0.033587904233260774,0.003664017927286295,0.033587904233260774,0.022966115883421123,0.019302097956134828,0.03725192216054707,0.021134106919777976,0.03541991319690392,0.0565540201166819,0.0,0.0,0.0,0.0
2024,target_lbw,0.05,0,245828,130095,175721,23366,29274,26488,33298,0.012699936540996146,0.02403306376816311,0.0036692321460533306,0.02403306376816311,0.016369168687049476,0.012699936540996146,0.02770229591421644,0.014534552614022811,0.025867679841189775,0.040402232455212586,0.0,0.0,0.0,0.0
2024,target_lbw,0.1,0,245828,260191,351442,39056,48863,44956,56221,0.024000520689262422,0.03989374684738925,0.0059309761296515995,0.03989374684738925,0.029931496818914022,0.024000520689262422,0.04582472297704085,0.026966008754088222,0.04285923491221505,0.06982524366630327,0.0,0.0,0.0,0.0
2024,target_lbw,0.05,1,245391,130095,175721,23308,29297,26523,33335,0.01310153999127922,0.02440594805840475,0.0033538312326042846,0.02440594805840475,0.016455371223883505,0.01310153999127922,0.027759779291009035,0.014778455607581363,0.026082863674706892,0.040861319282288255,0.0,0.0,0.0,0.0
2024,target_lbw,0.1,1,245391,260191,351442,39090,48850,44958,56459,0.023912857439759405,0.03977325981800475,0.007094799727781376,0.03977325981800475,0.03100765716754078,0.023912857439759405,0.04686805954578613,0.027460257303650093,0.04332065968189544,0.07078091698554553,0.0,0.0,0.0,0.0
2024,target_lbw,0.05,2,245210,130095,175721,23152,28980,26406,33341,0.013270258146078878,0.02376738305941846,0.004514497777415263,0.02376738305941846,0.01778475592349414,0.013270258146078878,0.028281880836833723,0.01552750703478651,0.02602463194812609,0.0415521389829126,0.0,0.0,0.0,0.0
2024,target_lbw,0.1,2,245210,260191,351442,38897,48383,44775,56009,0.023971289914766936,0.03868520859671301,0.007128583662982746,0.03868520859671301,0.03109987357774968,0.023971289914766936,0.04581379225969576,0.02753558174625831,0.042249500428204384,0.06978508217446269,0.0,0.0,0.0,0.0
2024,target_lbw,0.05,3,245686,130095,175721,23270,29027,26528,33377,0.013260828862857468,0.023432348607572276,0.00444469770357285,0.023432348607572276,0.01770552656643032,0.013260828862857468,0.027877046311145126,0.015483177714643893,0.0256546974593587,0.041137875174002594,0.0,0.0,0.0,0.0
2024,target_lbw,0.1,3,245686,260191,351442,38977,48650,44657,56077,0.02311894043616647,0.03937139275335183,0.007110702278518122,0.03937139275335183,0.03022964271468459,0.02311894043616647,0.04648209503186995,0.02667429157542553,0.04292674389261089,0.06960103546803642,0.0,0.0,0.0,0.0
2024,target_lbw,0.05,4,245400,130095,175721,23313,29110,26455,33412,0.012803585982070084,0.023622656886715568,0.0047269763651181795,0.023622656886715568,0.017530562347188264,0.012803585982070084,0.028349633251833747,0.015167074164629174,0.025986145069274658,0.04115321923390383,0.0,0.0,0.0,0.0
2024,target_lbw,0.1,4,245400,260191,351442,39043,48766,44945,56178,0.02405052974735125,0.03962102689486552,0.006153219233903828,0.03962102689486552,0.03020374898125508,0.02405052974735125,0.04577424612876935,0.027127139364303166,0.04269763651181743,0.0698247758761206,0.0,0.0,0.0,0.0
2024,target_lbw,0.05,5,246042,130095,175721,23524,29350,26710,33651,0.012949008705830711,0.02367888409295975,0.004531746612366994,0.02367888409295975,0.017480755318197705,0.012949008705830711,0.028210630705326742,0.015214882012014208,0.025944757399143245,0.04115963941115745,0.0,0.0,0.0,0.0
2024,target_lbw,0.1,5,246042,260191,351442,39291,49011,45101,56478,0.023613854545158963,0.039505450288975064,0.006734622544118468,0.039505450288975064,0.03034847708927743,0.023613854545158963,0.04624007283309353,0.026981165817218197,0.0428727615610343,0.0698539273782525,0.0,0.0,0.0,0.0
2024,target_lbw,0.05,6,245870,130095,175721,23406,29287,26748,33620,0.013592548907959495,0.02391914426322854,0.004030585268637879,0.02391914426322854,0.017623134176597374,0.013592548907959495,0.02794972953186642,0.015607841542278435,0.02593443689754748,0.041542278439825914,0.0,0.0,0.0,0.0
2024,target_lbw,0.1,6,245870,260191,351442,38965,48672,45224,56275,0.02545654207508033,0.039480213120754865,0.005466303331028599,0.039480213120754865,0.03092284540610893,0.02545654207508033,0.044946516451783464,0.02818969374059463,0.042213364786269164,0.0704030585268638,0.0,0.0,0.0,0.0
2024,target_lbw,0.05,7,245768,130095,175721,23373,29232,26477,33379,0.012629797207122151,0.023839556004036325,0.0042438397187591625,0.023839556004036325,0.016873636925881313,0.012629797207122151,0.028083395722795487,0.014751717066501732,0.025961475863415906,0.04071319292991764,0.0,0.0,0.0,0.0
2024,target_lbw,0.1,7,245768,260191,351442,39043,48776,44801,55983,0.023428599329448907,0.039602389245141756,0.0058958041730412525,0.039602389245141756,0.02932440350249016,0.023428599329448907,0.04549819341818301,0.026376501415969533,0.04255029133166238,0.06892679274763192,0.0,0.0,0.0,0.0
2024,target_lbw,0.05,8,245750,130095,175721,23374,29139,26741,33715,0.013700915564598168,0.023458799593082405,0.004919633774160714,0.023458799593082405,0.018620549338758882,0.013700915564598168,0.02837843336724312,0.016160732451678525,0.025918616480162762,0.04207934893184129,0.0,0.0,0.0,0.0
2024,target_lbw,0.1,8,245750,260191,351442,39073,48847,45066,56363,0.02438657171922687,0.03977212614445577,0.0061973550356052565,0.03977212614445577,0.030583926754832125,0.02438657171922687,0.04596948118006103,0.027485249237029497,0.0428708036622584,0.0703560528992879,0.0,0.0,0.0,0.0
2024,target_lbw,0.05,9,245950,130095,175721,23499,29310,26801,33741,0.01342549298637935,0.023626753405163653,0.004590363895100619,0.023626753405163653,0.01801585688147997,0.01342549298637935,0.02821711730026427,0.01572067493392966,0.025921935352713962,0.04164261028664362,0.0,0.0,0.0,0.0
2024,target_lbw,0.1,9,245950,260191,351442,39085,48829,45137,56426,0.0246066273632852,0.03961780849766211,0.006281764586298061,0.03961780849766211,0.03088839194958326,0.0246066273632852,0.04589957308396017,0.02774750965643423,0.04275869079081114,0.07050620044724537,0.0,0.0,0.0,0.0
2024,target_lbw,0.05,10,244858,130095,175721,23569,29475,26784,33734,0.013130059054635754,0.02412010226335265,0.004263695693013894,0.02412010226335265,0.017393754747649648,0.013130059054635754,0.028383797956366544,0.0152619069011427,0.026251950109859597,0.0415138570110023,0.0,0.0,0.0,0.0
2024,target_lbw,0.1,10,244858,260191,351442,39234,48909,45235,56443,0.02450808223541806,0.03951269715508579,0.00626077154922447,0.03951269715508579,0.03076885378464253,0.02450808223541806,0.04577346870431026,0.027638468010030295,0.042643082929698026,0.07028155093972832,0.0,0.0,0.0,0.0
2024,target_lbw,0.05,11,245632,130095,175721,23695,29451,26780,33786,0.012559438509640447,0.023433428869202716,0.005088913496612807,0.023433428869202716,0.017648352006253254,0.012559438509640447,0.028522342365815523,0.01510389525794685,0.02597788561750912,0.04108178087545597,0.0,0.0,0.0,0.0
2024,target_lbw,0.1,11,245632,260191,351442,39078,48760,45363,56485,0.025587057060969254,0.03941668837936424,0.00586242834809797,0.03941668837936424,0.031449485409067224,0.025587057060969254,0.04527911672746221,0.02851827123501824,0.042347902553413225,0.07086617378843146,0.0,0.0,0.0,0.0
2024,target_lbw,0.05,12,245763,130095,175721,23295,29273,26502,33419,0.013049157114781315,0.024324247343985875,0.0038207541411847956,0.024324247343985875,0.01686991125596611,0.013049157114781315,0.02814500148517067,0.014959534185373713,0.026234624414578273,0.041194158599951985,0.0,0.0,0.0,0.0
2024,target_lbw,0.1,12,245763,260191,351442,39114,48798,45016,56455,0.02401500632723394,0.039403815871388276,0.0071410261105211426,0.039403815871388276,0.031156032437755082,0.02401500632723394,0.04654484198190942,0.02758551938249451,0.04297432892664885,0.07055984830914336,0.0,0.0,0.0,0.0
2024,target_lbw,0.05,13,245939,130095,175721,23467,29477,26781,33718,0.013474886048979631,0.024436953878807344,0.0037692273287278505,0.024436953878807344,0.017244113377707482,0.013474886048979631,0.028206181207535194,0.015359499713343557,0.02632156754317127,0.041681067256514825,0.0,0.0,0.0,0.0
2024,target_lbw,0.1,13,245939,260191,351442,39300,48963,45459,56808,0.02504279516465463,0.039290230504312046,0.006855358442540649,0.039290230504312046,0.03189815360719528,0.02504279516465463,0.046145588946852695,0.028470474385924954,0.04271790972558237,0.07118838411150732,0.0,0.0,0.0,0.0
2024,target_lbw,0.05,14,246277,130095,175721,23649,29499,26759,33717,0.012628057025219575,0.02375374070660273,0.004498999094515538,0.02375374070660273,0.017127056119735112,0.012628057025219575,0.028252739801118268,0.014877556572477343,0.0260032402538605,0.04088079682633784,0.0,0.0,0.0,0.0
2024,target_lbw,0.1,14,246277,260191,351442,39354,48977,45279,56513,0.024058275843866883,0.039073888345237284,0.006541414748433644,0.039073888345237284,0.030599690592300527,0.024058275843866883,0.04561530309367093,0.027328983218083705,0.042344595719454106,0.06967357893753781,0.0,0.0,0.0,0.0
2024,target_lbw,0.05,15,245924,130095,175721,23387,29261,26476,33499,0.012560791138725783,0.02388542801841219,0.0046721751435402775,0.02388542801841219,0.01723296628226606,0.012560791138725783,0.028557603161952466,0.014896878710495921,0.026221515590182327,0.04111839430067825,0.0,0.0,0.0,0.0
2024,target_lbw,0.1,15,245924,260191,351442,39021,48797,45079,56321,0.024633626648883383,0.03975211854068736,0.005961191262341237,0.03975211854068736,0.03059481791122462,0.024633626648883383,0.045713309803028596,0.027614222280054,0.04273271417185798,0.07034693645191198,0.0,0.0,0.0,0.0
2024,target_lbw,0.05,16,246290,130095,175721,23409,29374,26584,33567,0.012891306995817933,0.024219416135450075,0.004133338747005569,0.024219416135450075,0.017024645742823502,0.012891306995817933,0.028352754882455644,0.014957976369320718,0.02628608550895286,0.04124406187827358,0.0,0.0,0.0,0.0
2024,target_lbw,0.1,16,246290,260191,351442,39336,49071,45222,56504,0.023898656055869077,0.03952657436355514,0.0062812132039465896,0.03952657436355514,0.030179869259815667,0.023898656055869077,0.04580778756750173,0.027039262657842372,0.042667180965528434,0.0697064436233708,0.0,0.0,0.0,0.0
2024,target_lbw,0.05,17,246613,130095,175721,23529,29506,26709,33734,0.012894697359830995,0.024236354125694914,0.004249573217956895,0.024236354125694914,0.01714427057778789,0.012894697359830995,0.02848592734365181,0.015019483968809443,0.026361140734673362,0.041380624703482805,0.0,0.0,0.0,0.0
2024,target_lbw,0.1,17,246613,260191,351442,39391,48975,45434,56754,0.024503979919955565,0.03886250927566673,0.0070393693763102505,0.03886250927566673,0.031543349296265816,0.024503979919955565,0.04590187865197698,0.02802366460811069,0.042382193963821854,0.07040585857193254,0.0,0.0,0.0,0.0
2024,target_lbw,0.05,18,246346,130095,175721,23614,29540,26845,33858,0.013115699057423297,0.024055596599904194,0.0044124929976537,0.024055596599904194,0.017528192055076997,0.013115699057423297,0.028468089597557894,0.015321945556250147,0.026261843098731044,0.04158378865498119,0.0,0.0,0.0,0.0
2024,target_lbw,0.1,18,246346,260191,351442,39393,49439,45514,56745,0.02484716618090005,0.040780041080431595,0.004810307453743917,0.040780041080431595,0.029657473634643966,0.02484716618090005,0.04559034853417551,0.027252319907772007,0.043185194807303554,0.07043751471507556,0.0,0.0,0.0,0.0
2024,target_lbw,0.05,19,245447,130095,175721,23449,29389,26564,33530,0.012691130875504691,0.02420074394879547,0.004180128500246488,0.02420074394879547,0.01687125937575118,0.012691130875504691,0.028380872449041958,0.014781195125627936,0.026290808198918714,0.04107200332454665,0.0,0.0,0.0,0.0
2024,target_lbw,0.1,19,245447,260191,351442,39236,48879,45104,56369,0.023907401597900946,0.0392875040232718,0.006608351293762027,0.0392875040232718,0.030515752891662973,0.023907401597900946,0.04589585531703383,0.02721157724478196,0.042591679670152816,0.06980325691493477,0.0,0.0,0.0,0.0
2024,target_lbw,0.05,20,246491,130095,175721,23637,29525,26839,33844,0.012990332304222058,0.023887281888588213,0.004531605616432247,0.023887281888588213,0.017521937920654304,0.012990332304222058,0.02841888750502046,0.01525613511243818,0.026153084696804337,0.04140921980924252,0.0,0.0,0.0,0.0
2024,target_lbw,0.1,20,246491,260191,351442,39300,49026,45489,56692,0.025108421808504172,0.039457830103330344,0.005992105188424746,0.039457830103330344,0.031100526996928918,0.025108421808504172,0.04544993529175509,0.028104474402716545,0.042453882697542716,0.07055835710025926,0.0,0.0,0.0,0.0
2024,target_lbw,0.05,21,245997,130095,175721,23380,29233,26704,33537,0.013512359906828128,0.023792973085037625,0.003983788420183987,0.023792973085037625,0.017496148327012115,0.013512359906828128,0.02777676150522161,0.015504254116920121,0.025784867295129618,0.04128912141204974,0.0,0.0,0.0,0.0
2024,target_lbw,0.1,21,245997,260191,351442,39135,48874,45055,56342,0.024065334130091043,0.039589913698134555,0.006292759667800796,0.039589913698134555,0.03035809379789184,0.024065334130091043,0.04588267336593535,0.02721171396399144,0.04273629353203495,0.0699480074960264,0.0,0.0,0.0,0.0
2024,target_lbw,0.05,22,246313,130095,175721,23491,29399,26821,33737,0.013519383873364377,0.023985741718869885,0.0040923540373427325,0.023985741718869885,0.01761173791070711,0.013519383873364377,0.028078095756212618,0.015565560892035743,0.02603191873754125,0.041597479629576994,0.0,0.0,0.0,0.0
2024,target_lbw,0.1,22,246313,260191,351442,39193,48713,45214,56371,0.024444507598056137,0.03865001035268134,0.006646015435644886,0.03865001035268134,0.031090523033701023,0.024444507598056137,0.04529602578832623,0.02776751531587858,0.041973018070503784,0.06974053338638236,0.0,0.0,0.0,0.0
2024,target_lbw,0.05,23,246054,130095,175721,23591,29379,26723,33715,0.012728913165402714,0.023523291635169516,0.004893234818373199,0.023523291635169516,0.017622147983775913,0.012728913165402714,0.028416526453542715,0.015175530574589313,0.025969909044356115,0.04114543961894543,0.0,0.0,0.0,0.0
2024,target_lbw,0.1,23,246054,260191,351442,39232,48776,45213,56333,0.024307672299576533,0.0387882334772042,0.006405098067903764,0.0387882334772042,0.030712770367480297,0.024307672299576533,0.04519333154510796,0.027510221333528415,0.04199078251115608,0.0695010038446845,0.0,0.0,0.0,0.0
2024,target_lbw,0.05,24,245069,130095,175721,23173,28991,26523,33485,0.013669619576527431,0.023740252745145254,0.004668073073297724,0.023740252745145254,0.018337692649825155,0.013669619576527431,0.028408325818442978,0.016003656113176293,0.026074289281794116,0.04207794539497041,0.0,0.0,0.0,0.0
2024,target_lbw,0.1,24,245069,260191,351442,38791,48520,44892,56041,0.024895029563102633,0.03969902354030905,0.0057942865070653715,0.03969902354030905,0.030689316070168005,0.024895029563102633,0.04549331004737442,0.02779217281663532,0.04259616679384173,0.07038833961047705,0.0,0.0,0.0,0.0
2024,target_lbw,0.05,25,245739,130095,175721,23446,29294,26790,33628,0.013607933620630022,0.023797606403541963,0.004028664558739153,0.023797606403541963,0.017636598179369176,0.013607933620630022,0.027826270962281116,0.015622265899999599,0.02581193868291154,0.04143420458291114,0.0,0.0,0.0,0.0
2024,target_lbw,0.1,25,245739,260191,351442,39053,48649,45075,56226,0.02450567471992643,0.03904956071278878,0.006327851907918541,0.03904956071278878,0.03083352662784497,0.02450567471992643,0.045377412620707325,0.0276696006738857,0.042213486666748054,0.06988308734063375,0.0,0.0,0.0,0.0
2024,target_lbw,0.05,26,246029,130095,175721,23523,29441,26513,33600,0.01215303886940157,0.0240540749261266,0.0047514723874014925,0.0240540749261266,0.016904511256803062,0.01215303886940157,0.028805547313528093,0.014528775063102316,0.026429811119827347,0.04095858618292966,0.0,0.0,0.0,0.0
2024,target_lbw,0.1,26,246029,260191,351442,39325,49069,45214,56389,0.023936202642777904,0.03960508720516687,0.005816387499034653,0.03960508720516687,0.029752590141812557,0.023936202642777904,0.04542147470420152,0.02684439639229523,0.04251328095468419,0.06935767734697942,0.0,0.0,0.0,0.0
2024,target_lbw,0.05,27,245171,130095,175721,23471,29427,26770,33682,0.013455914443388492,0.024293248385820504,0.003899319250645461,0.024293248385820504,0.017355233694033953,0.013455914443388492,0.028192567636465965,0.015405574068711222,0.026242908011143234,0.04164848207985446,0.0,0.0,0.0,0.0
2024,target_lbw,0.1,27,245171,260191,351442,39346,48919,45276,56614,0.02418719995431759,0.03904621672220612,0.0071990569847167896,0.03904621672220612,0.03138625693903438,0.02418719995431759,0.04624527370692291,0.027786728446675985,0.04264574521456452,0.0704324736612405,0.0,0.0,0.0,0.0
2024,target_lbw,0.05,28,245854,130095,175721,23425,29330,26783,33664,0.013658512775875112,0.024018319815825653,0.003969835756180498,0.024018319815825653,0.01762834853205561,0.013658512775875112,0.02798815557200615,0.01564343065396536,0.026003237693915902,0.04164666834788126,0.0,0.0,0.0,0.0
2024,target_lbw,0.1,28,245854,260191,351442,39084,48619,45238,56379,0.02503111602821187,0.038783180261455996,0.006532332197157653,0.038783180261455996,0.03156344822536952,0.02503111602821187,0.04531551245861365,0.028297282126790696,0.04204934636003482,0.07034662848682552,0.0,0.0,0.0,0.0
2024,target_lbw,0.05,29,245267,130095,175721,23451,29397,26491,33555,0.012394655620201658,0.024242967867670745,0.004558297691903107,0.024242967867670745,0.016952953312104765,0.012394655620201658,0.028801265559573852,0.014673804466153212,0.0265221167136223,0.04119592117977551,0.0,0.0,0.0,0.0
2024,target_lbw,0.1,29,245267,260191,351442,39141,48852,45058,56394,0.02412472937655699,0.03959358576571656,0.006625432691719613,0.03959358576571656,0.030750162068276604,0.02412472937655699,0.04621901845743617,0.027437445722416798,0.04290630211157637,0.07034374783399316,0.0,0.0,0.0,0.0
2024,target_lbw,0.05,30,246907,130095,175721,23433,29270,26758,33815,0.013466608885126782,0.0236404800187925,0.004941131681159311,0.0236404800187925,0.018407740566286093,0.013466608885126782,0.02858161169995181,0.015937174725706438,0.026111045859372156,0.042048220585078594,0.0,0.0,0.0,0.0
2024,target_lbw,0.1,30,246907,260191,351442,39144,48823,45182,56516,0.024454551713803147,0.039200994706508924,0.006702928633048083,0.039200994706508924,0.03115748034685123,0.024454551713803147,0.04590392333955701,0.027806016030327188,0.042552459023032965,0.07035847505336015,0.0,0.0,0.0,0.0
2024,target_lbw,0.05,31,246237,130095,175721,23784,29744,27045,34037,0.013243338734633708,0.024204323476975445,0.004191084199368908,0.024204323476975445,0.017434422934002616,0.013243338734633708,0.028395407676344353,0.015338880834318162,0.0262998655766599,0.04163874641097806,0.0,0.0,0.0,0.0
2024,target_lbw,0.1,31,246237,260191,351442,39604,49365,45640,56982,0.024512969212587887,0.03964067138569752,0.006420643526358738,0.03964067138569752,0.030933612738946625,0.024512969212587887,0.046061314912056256,0.027723290975767256,0.04285099314887689,0.07057428412464414,0.0,0.0,0.0,0.0
2024,target_lbw,0.05,32,246982,130095,175721,23650,29645,26869,33763,0.013033338461912208,0.024273023945064823,0.0036399413722457558,0.024273023945064823,0.016673279834157964,0.013033338461912208,0.02791296531731058,0.014853309148035086,0.0260929946311877,0.04094630377922279,0.0,0.0,0.0,0.0
2024,target_lbw,0.1,32,246982,260191,351442,39436,49163,45410,56736,0.024187997505891123,0.039383436849648956,0.0064741560113692476,0.039383436849648956,0.03066215351726037,0.024187997505891123,0.045857592861018204,0.027425075511575747,0.04262051485533358,0.07004559036690933,0.0,0.0,0.0,0.0
2024,target_lbw,0.05,33,246411,130095,175721,23285,29241,26554,33463,0.013266453202170361,0.024170998859628826,0.0038675221479560484,0.024170998859628826,0.01713397535012641,0.013266453202170361,0.028038521007584874,0.015200214276148385,0.02610475993360685,0.041304974209755235,0.0,0.0,0.0,0.0
2024,target_lbw,0.1,33,246411,260191,351442,39118,48899,45084,56367,0.024211581463489867,0.0396938448364724,0.006095507099926539,0.0396938448364724,0.030307088563416407,0.024211581463489867,0.045789351936398937,0.027259335013453137,0.04274159838643567,0.0700009333998888,0.0,0.0,0.0,0.0
2024,target_lbw,0.05,34,246209,130095,175721,23333,29333,26550,33540,0.01306613486915588,0.02436953970001096,0.0040209740505018216,0.02436953970001096,0.0170871089196577,0.01306613486915588,0.028390513750512783,0.01507662189440679,0.026380026725261872,0.04145664861966866,0.0,0.0,0.0,0.0
2024,target_lbw,0.1,34,246209,260191,351442,39294,48997,45224,56660,0.02408522840351085,0.039409607284867754,0.007038735383353145,0.039409607284867754,0.031123963786863995,0.02408522840351085,0.0464483426682209,0.027604596095187423,0.042928974976544326,0.07053357107173175,0.0,0.0,0.0,0.0
2024,target_lbw,0.05,35,245609,130095,175721,23510,29349,26765,33771,0.013252771681819472,0.023773558786526552,0.0047514545476753794,0.023773558786526552,0.018004226229494852,0.013252771681819472,0.028525013334201932,0.015628498955657162,0.026149286060364242,0.041777785016021404,0.0,0.0,0.0,0.0
2024,target_lbw,0.1,35,245609,260191,351442,39152,48817,45288,56674,0.024982797861641898,0.039351163841715914,0.007007072216408977,0.039351163841715914,0.031989870078050875,0.024982797861641898,0.04635823605812489,0.028486333969846386,0.0428546999499204,0.07134103391976679,0.0,0.0,0.0,0.0
2024,target_lbw,0.05,36,246174,130095,175721,23376,29407,26657,33693,0.01332797127235208,0.024498931649971162,0.004082478247093513,0.024498931649971162,0.017410449519445592,0.01332797127235208,0.028581409897064675,0.015369210395898836,0.026540170773517918,0.041909381169416754,0.0,0.0,0.0,0.0
2024,target_lbw,0.1,36,246174,260191,351442,39214,48881,45343,56654,0.024897024056155376,0.03926897235288859,0.006678203222111212,0.03926897235288859,0.03157522727826659,0.024897024056155376,0.045947175574999805,0.02823612566721098,0.0426080739639442,0.07084419963115518,0.0,0.0,0.0,0.0
2024,target_lbw,0.05,37,245435,130095,175721,23402,29177,26464,33492,0.012475808258805801,0.023529651435206883,0.005105221341699426,0.023529651435206883,0.017581029600505227,0.012475808258805801,0.02863487277690631,0.015028418929655514,0.026082262106056596,0.04111068103571211,0.0,0.0,0.0,0.0
2024,target_lbw,0.1,37,245435,260191,351442,39089,48801,45009,56315,0.024120439220160134,0.03957055839631676,0.006494591235968766,0.03957055839631676,0.0306150304561289,0.024120439220160134,0.04606514963228553,0.027367734838144517,0.042817854014301146,0.07018558885244566,0.0,0.0,0.0,0.0
2024,target_lbw,0.05,38,246049,130095,175721,23273,29049,26639,33547,0.013680201911001458,0.023474998882336437,0.004600709614751536,0.023474998882336437,0.018280911525752994,0.013680201911001458,0.028075708497087973,0.015980556718377226,0.025775353689712205,0.04175591040808943,0.0,0.0,0.0,0.0
2024,target_lbw,0.1,38,246049,260191,351442,38883,48493,44856,56134,0.024275652410698678,0.03905726095208678,0.006779137488874154,0.03905726095208678,0.031054789899572832,0.024275652410698678,0.045836398440960935,0.027665221155135755,0.04244682969652386,0.07011205085165961,0.0,0.0,0.0,0.0
2024,target_lbw,0.05,39,245535,130095,175721,23635,29417,26720,33717,0.012564400187346003,0.023548577595862097,0.004948378031645176,0.023548577595862097,0.01751277821899118,0.012564400187346003,0.028496955627507273,0.015038589203168591,0.026022766611684685,0.041061355814853276,0.0,0.0,0.0,0.0
2024,target_lbw,0.1,39,245535,260191,351442,39223,48971,45109,56401,0.023972142464414425,0.03970106094854092,0.00628830920235407,0.03970106094854092,0.030260451666768495,0.023972142464414425,0.04598937015089499,0.02711629706559146,0.04284521554971796,0.06996151261530942,0.0,0.0,0.0,0.0
2024,target_lbw,0.05,40,245568,130095,175721,23283,29053,26474,33446,0.012994364086525934,0.023496546781339597,0.004894774563461032,0.023496546781339597,0.017889138649986966,0.012994364086525934,0.02839132134480063,0.01544175136825645,0.025943934063070113,0.04138568543132656,0.0,0.0,0.0,0.0
2024,target_lbw,0.1,40,245568,260191,351442,38929,48622,44774,56024,0.02380196116757885,0.03947175527756058,0.006340402658326805,0.03947175527756058,0.030142363825905655,0.02380196116757885,0.04581215793588739,0.026972162496742252,0.042641956606723985,0.06961411910346624,0.0,0.0,0.0,0.0
2024,target_lbw,0.05,41,245994,130095,175721,23474,29314,26869,33758,0.013801149621535488,0.02374041643292113,0.004264331650365438,0.02374041643292113,0.018065481271900927,0.013801149621535488,0.028004748083286568,0.015933315446718208,0.02587258225810385,0.041805897704822056,0.0,0.0,0.0,0.0
2024,target_lbw,0.1,41,245994,260191,351442,39175,48852,45173,56407,0.024382708521346053,0.039338357846126326,0.006329422668845591,0.039338357846126326,0.030712131190191644,0.024382708521346053,0.04566778051497192,0.027547419855768848,0.04250306918054912,0.07005048903631797,0.0,0.0,0.0,0.0
2024,target_lbw,0.05,42,245076,130095,175721,23278,29167,26550,33447,0.013350960518369814,0.024029280712921708,0.004113009841844983,0.024029280712921708,0.017463970360214798,0.013350960518369814,0.02814229055476669,0.015407465439292306,0.0260857856338442,0.041493251073136506,0.0,0.0,0.0,0.0
2024,target_lbw,0.1,42,245076,260191,351442,39085,48760,44941,56209,0.02389462860500416,0.039477549821279934,0.006500024482201439,0.039477549821279934,0.030394653087205598,0.02389462860500416,0.04597757430348137,0.027144640846104878,0.04272756206238065,0.06987220290848553,0.0,0.0,0.0,0.0
2024,target_lbw,0.05,43,246744,130095,175721,23556,29442,26738,33621,0.012895956943228606,0.02385468339655676,0.004040625101319598,0.02385468339655676,0.016936582044548204,0.012895956943228606,0.02789530849787636,0.014916269493888405,0.02587499594721656,0.040791265441104965,0.0,0.0,0.0,0.0
2024,target_lbw,0.1,43,246744,260191,351442,39178,48937,45188,56480,0.024357228544564402,0.039551113704892504,0.006212917031417187,0.039551113704892504,0.03057014557598159,0.024357228544564402,0.04576403073630969,0.027463687060272995,0.0426575722206011,0.0701212592808741,0.0,0.0,0.0,0.0
2024,target_lbw,0.05,44,245450,130095,175721,23210,29094,26532,33424,0.013534324709716841,0.023972295783255243,0.004106742717457729,0.023972295783255243,0.01764106742717457,0.013534324709716841,0.02807903850071297,0.015587696068445706,0.026025667141984107,0.04161336321042981,0.0,0.0,0.0,0.0
2024,target_lbw,0.1,44,245450,260191,351442,38848,48574,45005,56215,0.02508453860256671,0.039625178244041576,0.006046037889590544,0.039625178244041576,0.031130576492157253,0.02508453860256671,0.04567121613363212,0.02810755754736198,0.04264819718883685,0.07075575473619883,0.0,0.0,0.0,0.0
2024,target_lbw,0.05,45,245953,130095,175721,23411,29274,26693,33682,0.013344012880509695,0.02383788772651685,0.004578110451996922,0.02383788772651685,0.017922123332506618,0.013344012880509695,0.02841599817851377,0.015633068106508156,0.02612694295251531,0.041760011059023466,0.0,0.0,0.0,0.0
2024,target_lbw,0.1,45,245953,260191,351442,39092,48840,45211,56468,0.02487873699446641,0.03963358853114213,0.006135318536468343,0.03963358853114213,0.031014055530934753,0.02487873699446641,0.04576890706761047,0.027946396262700582,0.0427012477993763,0.07064764406207688,0.0,0.0,0.0,0.0
2024,target_lbw,0.05,46,245775,130095,175721,23590,29541,26767,33859,0.012926457125419594,0.02421320313294681,0.0046424575322957795,0.02421320313294681,0.017568914657715373,0.012926457125419594,0.02885566066524259,0.015247685891567483,0.0265344318990947,0.04178211779066218,0.0,0.0,0.0,0.0
2024,target_lbw,0.1,46,245775,260191,351442,39467,48925,45426,56686,0.02424575322957989,0.03848235174448175,0.007331909266605624,0.03848235174448175,0.031577662496185516,0.02424575322957989,0.045814261011087376,0.027911707862882704,0.042148306377784564,0.07006001424066727,0.0,0.0,0.0,0.0
2024,target_lbw,0.05,47,245754,130095,175721,23270,29140,26358,33316,0.012565410939394686,0.02388567429217836,0.004427191419061324,0.02388567429217836,0.01699260235845601,0.012565410939394686,0.028312865711239685,0.014779006648925348,0.026099270001709023,0.04087827665063437,0.0,0.0,0.0,0.0
2024,target_lbw,0.1,47,245754,260191,351442,39069,48822,44875,56153,0.023625251267527708,0.03968602749090555,0.00620539238425416,0.03968602749090555,0.02983064365178187,0.023625251267527708,0.04589141987515971,0.02672794745965479,0.04278872368303263,0.06951667114268742,0.0,0.0,0.0,0.0
2024,target_lbw,0.05,48,246078,130095,175721,23395,29237,26742,33590,0.013601378424727126,0.023740440023082107,0.0040881346564910215,0.023740440023082107,0.017689513081218147,0.013601378424727126,0.02782857467957313,0.015645445752972637,0.025784507351327618,0.041429953104300254,0.0,0.0,0.0,0.0
2024,target_lbw,0.1,48,246078,260191,351442,39330,49076,45037,56497,0.023191833483692165,0.03960532839181072,0.006965271174180554,0.03960532839181072,0.03015710465787272,0.023191833483692165,0.04657059956599127,0.02667446907078244,0.043087963978900995,0.06976243304968344,0.0,0.0,0.0,0.0
2024,target_lbw,0.05,49,246193,130095,175721,23296,29277,26699,33602,0.013822488860365648,0.024293948243857458,0.0037450293062759737,0.024293948243857458,0.01756751816664162,0.013822488860365648,0.02803897755013343,0.015695003513503634,0.026166462896995445,0.04186146641049908,0.0,0.0,0.0,0.0
2024,target_lbw,0.1,49,246193,260191,351442,39188,48992,45266,56569,0.02468794807325958,0.03982241574699524,0.006088719013131988,0.03982241574699524,0.030776667086391568,0.02468794807325958,0.04591113476012723,0.027732307579825574,0.04286677525356124,0.07059908283338681,0.0,0.0,0.0,0.0
2024,target_lbw,0.05,50,245800,130095,175721,23314,29338,26445,33357,0.012737998372660694,0.024507729861676153,0.003612693246541898,0.024507729861676153,0.016350691619202593,0.012737998372660694,0.02812042310821805,0.014544344995931643,0.026314076484947102,0.040858421480878745,0.0,0.0,0.0,0.0
2024,target_lbw,0.1,50,245800,260191,351442,39108,48748,44993,56082,0.02394222945484134,0.039218877135882846,0.0058950366151342415,0.039218877135882846,0.029837266069975582,0.02394222945484134,0.04511391375101709,0.02688974776240846,0.04216639544344997,0.06905614320585843,0.0,0.0,0.0,0.0
2024,target_lbw,0.05,51,246039,130095,175721,23361,29261,26587,33461,0.013111742447335581,0.0239799381398884,0.003958721991229028,0.0239799381398884,0.01707046443856461,0.013111742447335581,0.027938660131117427,0.015091103442950095,0.025959299135502913,0.04105040257845301,0.0,0.0,0.0,0.0
2024,target_lbw,0.1,51,246039,260191,351442,39109,48779,45031,56384,0.024069354858376107,0.0393027121716476,0.006840378964310528,0.0393027121716476,0.030909733822686636,0.024069354858376107,0.04614309113595813,0.02748954434053137,0.04272290165380287,0.07021244599433424,0.0,0.0,0.0,0.0
2024,target_lbw,0.05,52,245113,130095,175721,23384,29216,26609,33507,0.013157196884702155,0.023793107668707902,0.004349014536152704,0.023793107668707902,0.01750621142085486,0.013157196884702155,0.028142122204860606,0.015331704152778507,0.025967614936784254,0.04129931908956276,0.0,0.0,0.0,0.0
2024,target_lbw,0.1,52,245113,260191,351442,39120,48922,45052,56277,0.02420108276590796,0.03998971902755055,0.00580548563315697,0.03998971902755055,0.03000656839906493,0.02420108276590796,0.04579520466070752,0.027103825582486446,0.04289246184412904,0.06999628742661548,0.0,0.0,0.0,0.0
2024,target_lbw,0.05,53,246578,130095,175721,23374,29312,26613,33559,0.013135802869680177,0.024081629342439306,0.004087955940919319,0.024081629342439306,0.017223758810599496,0.013135802869680177,0.028169585283358625,0.015179780840139837,0.026125607312898966,0.0413053881530388,0.0,0.0,0.0,0.0
2024,target_lbw,0.1,53,246578,260191,351442,39120,48901,45136,56531,0.024397959266439007,0.03966696136719414,0.0065455961196862755,0.03966696136719414,0.030943555386125282,0.024397959266439007,0.04621255748688041,0.027670757326282144,0.042939759427037275,0.07061051675331942,0.0,0.0,0.0,0.0
2024,target_lbw,0.05,54,245602,130095,175721,23525,29433,26630,33542,0.012642405192140119,0.02405517870375648,0.00408791459352939,0.02405517870375648,0.01673031978566951,0.012642405192140119,0.02814309329728587,0.014686362488904814,0.026099136000521175,0.04078549848942599,0.0,0.0,0.0,0.0
2024,target_lbw,0.1,54,245602,260191,351442,39091,48849,45341,56429,0.02544767550752844,0.039730946816394025,0.005415265348002046,0.039730946816394025,0.030862940855530485,0.02544767550752844,0.04514621216439607,0.028155308181529462,0.04243857949039505,0.07059388767192451,0.0,0.0,0.0,0.0
2024,target_lbw,0.05,55,245329,130095,175721,23159,29114,26382,33315,0.013137460308402196,0.02427352657044214,0.003986483456908885,0.02427352657044214,0.01712394376531108,0.013137460308402196,0.028260010027351026,0.015130702036856639,0.026266768298896584,0.04139747033575322,0.0,0.0,0.0,0.0
2024,target_lbw,0.1,55,245329,260191,351442,38913,48635,44901,56277,0.024408039815920657,0.03962841734976297,0.006741966909741631,0.03962841734976297,0.031150006725662288,0.024408039815920657,0.0463703842595046,0.027779023270791472,0.04299940080463378,0.07077842407542526,0.0,0.0,0.0,0.0
2024,target_lbw,0.05,56,245298,130095,175721,23235,29099,26522,33440,0.013400027721383781,0.023905616841555982,0.004296814486869027,0.023905616841555982,0.017696842208252808,0.013400027721383781,0.02820243132842501,0.015548434964818295,0.026054024084990496,0.04160245904980879,0.0,0.0,0.0,0.0
2024,target_lbw,0.1,56,245298,260191,351442,39059,48736,44998,56289,0.024211367398022016,0.039449975132288095,0.006579751975148568,0.039449975132288095,0.030791119373170583,0.024211367398022016,0.04602972710743666,0.0275012433855963,0.04273985111986238,0.07024109450545868,0.0,0.0,0.0,0.0
2024,target_lbw,0.05,57,246021,130095,175721,23336,29126,26535,33457,0.013002955032293984,0.023534576316655897,0.004601233228057763,0.023534576316655897,0.017604188260351747,0.013002955032293984,0.02813580954471366,0.015303571646322865,0.02583519293068478,0.041138764577007644,0.0,0.0,0.0,0.0
2024,target_lbw,0.1,57,246021,260191,351442,38939,48556,44962,56229,0.024481649940452238,0.03909015897016921,0.0067067445461972686,0.03909015897016921,0.031188394486649507,0.024481649940452238,0.04579690351636648,0.027835022213550872,0.04244353124326784,0.07027855345681872,0.0,0.0,0.0,0.0
2024,target_lbw,0.05,58,245790,130095,175721,23295,29143,26425,33293,0.012734448106106827,0.023792668538183,0.004149884047357513,0.023792668538183,0.01688433215346434,0.012734448106106827,0.027942552585540514,0.014809390129785584,0.025867610561861758,0.04067700069164734,0.0,0.0,0.0,0.0
2024,target_lbw,0.1,58,245790,260191,351442,39081,48709,44793,55997,0.023239350665201997,0.03917165059603728,0.006411977704544519,0.03917165059603728,0.029651328369746516,0.023239350665201997,0.0455836283005818,0.026445339517474256,0.04237763944830954,0.0688229789657838,0.0,0.0,0.0,0.0
2024,target_lbw,0.05,59,246227,130095,175721,23592,29519,26715,33701,0.01268341814666954,0.024071283815341127,0.0043009093235104184,0.024071283815341127,0.016984327470179958,0.01268341814666954,0.028372193138851545,0.014833872808424749,0.026221738477096336,0.041055611285521085,0.0,0.0,0.0,0.0
2024,target_lbw,0.1,59,246227,260191,351442,39418,49288,45231,56629,0.02360829640941084,0.04008496225028124,0.0062056557566798065,0.04008496225028124,0.029813952166090646,0.02360829640941084,0.04629061800696105,0.026711124287750743,0.043187790128621145,0.06989891441637189,0.0,0.0,0.0,0.0
2024,target_lbw,0.05,60,245402,130095,175721,23252,29112,26504,33307,0.013251725739806514,0.02387918598870424,0.0038426744688307424,0.02387918598870424,0.017094400208637256,0.013251725739806514,0.027721860457534983,0.015173062974221885,0.025800523223119612,0.0409735861973415,0.0,0.0,0.0,0.0
2024,target_lbw,0.1,60,245402,260191,351442,38898,48466,44803,56032,0.024062558577354703,0.03898908729350209,0.006768485994409185,0.03898908729350209,0.030831044571763888,0.024062558577354703,0.045757573287911274,0.027446801574559296,0.04237333029070668,0.06982013186526598,0.0,0.0,0.0,0.0
2024,target_lbw,0.05,61,246081,130095,175721,23492,29408,26771,33710,0.013324880831921196,0.024040864593365602,0.0041571677618345015,0.024040864593365602,0.017482048593755697,0.013324880831921196,0.028198032355200103,0.015403464712838447,0.026119448474282853,0.0415229131871213,0.0,0.0,0.0,0.0
2024,target_lbw,0.1,61,246081,260191,351442,39272,49022,45351,56604,0.02470324811748978,0.039621100369390566,0.006107745010789117,0.039621100369390566,0.030810993128278896,0.02470324811748978,0.045728845380179683,0.027757120622884338,0.042674972874785125,0.07043209349766946,0.0,0.0,0.0,0.0
2024,target_lbw,0.05,62,246172,130095,175721,23436,29430,26706,33585,0.013283395349592969,0.02434882927384105,0.003595047365256801,0.02434882927384105,0.01687844271484977,0.013283395349592969,0.02794387663909785,0.01508091903222137,0.02614635295646945,0.04122727198869082,0.0,0.0,0.0,0.0
2024,target_lbw,0.1,62,246172,260191,351442,39171,48865,45333,56514,0.025031278943177943,0.03937897080090344,0.006040492013713983,0.03937897080090344,0.031071770956891925,0.025031278943177943,0.04541946281461742,0.028051524950034934,0.04239921680776043,0.07045074175779537,0.0,0.0,0.0,0.0
2024,target_lbw,0.05,63,246299,130095,175721,23366,29355,26564,33456,0.01298421836873069,0.024315973674273947,0.003666275543140654,0.024315973674273947,0.016650493911871345,0.01298421836873069,0.0279822492174146,0.014817356140301018,0.026149111445844274,0.04096646758614529,0.0,0.0,0.0,0.0
2024,target_lbw,0.1,63,246299,260191,351442,39295,49248,45015,56472,0.023223805212363835,0.04041023309067435,0.0061063991327613976,0.04041023309067435,0.029330204345125233,0.023223805212363835,0.046516632223435744,0.026277004778744534,0.043463432657055046,0.06974043743579958,0.0,0.0,0.0,0.0
2024,target_lbw,0.05,64,246366,130095,175721,23577,29419,26752,33719,0.012887330232256064,0.023712687627351167,0.00456637685394902,0.023712687627351167,0.017453707086205084,0.012887330232256064,0.028279064481300187,0.015170518659230574,0.025995876054325677,0.04116639471355625,0.0,0.0,0.0,0.0
2024,target_lbw,0.1,64,246366,260191,351442,39235,48969,45225,56517,0.024313419871248465,0.03951032204119076,0.006323924567513378,0.03951032204119076,0.030637344438761843,0.024313419871248465,0.04583424660870414,0.027475382155005154,0.04267228432494745,0.0701476664799526,0.0,0.0,0.0,0.0
2024,target_lbw,0.05,65,245157,130095,175721,23147,28892,26418,33288,0.013342470335336129,0.023433962725926655,0.004588896095155337,0.023433962725926655,0.017931366430491466,0.013342470335336129,0.028022858821081992,0.015636918382913798,0.025728410773504323,0.04136532915641812,0.0,0.0,0.0,0.0
2024,target_lbw,0.1,65,245157,260191,351442,38804,48581,44672,55971,0.02393568203233032,0.03988056633096343,0.006208266539401264,0.03988056633096343,0.030143948571731582,0.02393568203233032,0.04608883287036469,0.02703981530203095,0.04298469960066406,0.07002451490269501,0.0,0.0,0.0,0.0
2024,target_lbw,0.05,66,246116,130095,175721,23412,29233,26651,33696,0.01316046092086659,0.023651448910269962,0.004973264639438313,0.023651448910269962,0.018133725560304903,0.01316046092086659,0.028624713549708275,0.015647093240585747,0.02613808122998912,0.041785174470574865,0.0,0.0,0.0,0.0
2024,target_lbw,0.1,66,246116,260191,351442,39077,48873,45235,56529,0.025020721935997664,0.039802369614328204,0.006086560808724328,0.039802369614328204,0.031107282744721992,0.025020721935997664,0.04588893042305253,0.028064002340359828,0.04284565001869037,0.0709096523590502,0.0,0.0,0.0,0.0
2024,target_lbw,0.05,67,245456,130095,175721,23425,29190,26896,33743,0.014141027312430748,0.023486897855420116,0.004408122025943553,0.023486897855420116,0.0185491493383743,0.014141027312430748,0.02789501988136367,0.016345088325402525,0.025690958868391893,0.04203604719379442,0.0,0.0,0.0,0.0
2024,target_lbw,0.1,67,245456,260191,351442,39089,48624,45031,56475,0.0242080046933055,0.038846066097386084,0.007777361319340342,0.038846066097386084,0.031985366012645844,0.0242080046933055,0.046623427416726426,0.028096685352975673,0.042734746757056255,0.07083143211003193,0.0,0.0,0.0,0.0
2024,target_lbw,0.05,68,245390,130095,175721,23511,29324,26575,33510,0.012486246383308197,0.023688821875382043,0.004572313460206215,0.023688821875382043,0.017058559843514412,0.012486246383308197,0.02826113533558826,0.014772403113411305,0.02597497860548515,0.040747381718896455,0.0,0.0,0.0,0.0
2024,target_lbw,0.1,68,245390,260191,351442,39061,48664,44976,56146,0.024104486735400804,0.03913362402705897,0.006385753290680141,0.03913362402705897,0.030490240026080945,0.024104486735400804,0.04551937731773911,0.027297363380740874,0.04232650067239904,0.06962386405313992,0.0,0.0,0.0,0.0
2024,target_lbw,0.05,69,245916,130095,175721,23265,29177,26410,33490,0.012788919793750714,0.024040729354739013,0.004749589290652098,0.024040729354739013,0.017538509084402812,0.012788919793750714,0.02879031864539111,0.015163714439076763,0.026415524000065062,0.041579238439141825,0.0,0.0,0.0,0.0
2024,target_lbw,0.1,69,245916,260191,351442,39081,48887,45065,56568,0.024333512256217577,0.039875404609704124,0.006900730330682003,0.039875404609704124,0.03123424258689958,0.024333512256217577,0.04677613494038613,0.027783877421558578,0.043325769775045125,0.0711096471966037,0.0,0.0,0.0,0.0
2024,target_lbw,0.05,70,245955,130095,175721,23368,29315,26726,33481,0.013652903986501583,0.024179219775975272,0.003285153788294609,0.024179219775975272,0.016938057774796192,0.013652903986501583,0.02746437356426988,0.015295480880648887,0.025821796670122577,0.041117277550771464,0.0,0.0,0.0,0.0
2024,target_lbw,0.1,70,245955,260191,351442,39221,48933,45220,56421,0.02439064056433088,0.03948689800979854,0.006053952958874564,0.03948689800979854,0.030444593523205443,0.02439064056433088,0.04554085096867311,0.02741761704376816,0.042513874489235826,0.06993149153300399,0.0,0.0,0.0,0.0
2024,target_lbw,0.05,71,245785,130095,175721,23388,29390,26641,33480,0.013235144536891993,0.02441971641882132,0.0034054153019915934,0.02441971641882132,0.016640559838883587,0.013235144536891993,0.027825131720812912,0.01493785218788779,0.026122424069817116,0.041060276257704906,0.0,0.0,0.0,0.0
2024,target_lbw,0.1,71,245785,260191,351442,39259,48970,45005,56273,0.0233781557051895,0.03951014097687003,0.006334804809081107,0.03951014097687003,0.02971296051427061,0.0233781557051895,0.045844945785951136,0.026545558109730055,0.04267754338141058,0.06922310149114064,0.0,0.0,0.0,0.0
2024,target_lbw,0.05,72,245744,130095,175721,23670,29642,26875,33885,0.01304202747574712,0.024301712351064528,0.004223907806497826,0.024301712351064528,0.017265935282244946,0.01304202747574712,0.028525620157562354,0.015153981378996033,0.02641366625431344,0.041567647633309474,0.0,0.0,0.0,0.0
2024,target_lbw,0.1,72,245744,260191,351442,39534,49178,45467,56549,0.0241430106126701,0.03924409141220134,0.005851617943876536,0.03924409141220134,0.029994628556546638,0.0241430106126701,0.04509570935607787,0.02706881958460837,0.042169900384139605,0.06923871996874797,0.0,0.0,0.0,0.0
2024,target_lbw,0.05,73,245379,130095,175721,23373,29314,26565,33514,0.013008448155710145,0.024211525843694848,0.004107930996540041,0.024211525843694848,0.017116379152250186,0.013008448155710145,0.02831945684023489,0.015062413653980165,0.026265491341964868,0.04132790499594503,0.0,0.0,0.0,0.0
2024,target_lbw,0.1,73,245379,260191,351442,39272,48901,45155,56604,0.02397515679825904,0.039241336870718374,0.007417097632641728,0.039241336870718374,0.03139225443090077,0.02397515679825904,0.0466584345033601,0.027683705614579904,0.04294988568703924,0.07063359130161914,0.0,0.0,0.0,0.0
2024,target_lbw,0.05,74,246889,130095,175721,23783,29637,26787,33912,0.012167411265791503,0.02371106043606641,0.005148062489620839,0.02371106043606641,0.01731547375541234,0.012167411265791503,0.02885912292568725,0.014741442510601922,0.02628509168087683,0.04102653419147875,0.0,0.0,0.0,0.0
2024,target_lbw,0.1,74,246889,260191,351442,39606,49332,45446,56683,0.023654354791019433,0.03939422169476969,0.006120159261854552,0.03939422169476969,0.029774514052873985,0.023654354791019433,0.045514380956624245,0.02671443442194671,0.04245430132569697,0.06916873574764368,0.0,0.0,0.0,0.0
2024,target_lbw,0.05,75,245581,130095,175721,23399,29273,26721,33501,0.013527105109922999,0.023918788505625427,0.0036892104845244467,0.023918788505625427,0.017216315594447446,0.013527105109922999,0.027607998990149873,0.015371710352185222,0.02576339374788765,0.04113510410007287,0.0,0.0,0.0,0.0
2024,target_lbw,0.1,75,245581,260191,351442,39170,48941,44969,56401,0.023613390286707836,0.03978727996058326,0.006763552554961527,0.03978727996058326,0.030376942841669363,0.023613390286707836,0.04655083251554479,0.0269951665641886,0.043169056238064024,0.07016422280225262,0.0,0.0,0.0,0.0
2024,target_lbw,0.05,76,245121,130095,175721,23264,29223,26641,33607,0.013776869382876214,0.024310442597737444,0.004108175146152304,0.024310442597737444,0.017885044529028518,0.013776869382876214,0.02841861774388975,0.015830956955952366,0.026364530170813597,0.04219548712676596,0.0,0.0,0.0,0.0
2024,target_lbw,0.1,76,245121,260191,351442,39138,48841,45176,56405,0.024632732405628244,0.03958453172106838,0.006225496795460195,0.03958453172106838,0.03085822920108844,0.024632732405628244,0.04581002851652857,0.02774548080335834,0.042697280118798475,0.07044276092215682,0.0,0.0,0.0,0.0
2024,target_lbw,0.05,77,246537,130095,175721,23403,29159,26730,33568,0.013494931795227497,0.023347408299768405,0.004388793568511004,0.023347408299768405,0.0178837253637385,0.013494931795227497,0.02773620186827941,0.015689328579483,0.025541805084023907,0.041231133663506905,0.0,0.0,0.0,0.0
2024,target_lbw,0.1,77,246537,260191,351442,39062,48820,45199,56501,0.024892815277220065,0.03958026584244961,0.006262751635657121,0.03958026584244961,0.031155566912877186,0.024892815277220065,0.045843017478106735,0.028024191095048626,0.042711641660278174,0.0707358327553268,0.0,0.0,0.0,0.0
2024,target_lbw,0.05,78,246372,130095,175721,23399,29420,26837,33732,0.013954507817446796,0.024438653743120167,0.003547481044923917,0.024438653743120167,0.017501988862370713,0.013954507817446796,0.027986134788044084,0.015728248339908754,0.026212394265582126,0.04194064260549088,0.0,0.0,0.0,0.0
2024,target_lbw,0.1,78,246372,260191,351442,39248,49062,45296,56666,0.024548244118649837,0.03983407205364245,0.006315652752747897,0.03983407205364245,0.030863896871397734,0.024548244118649837,0.046149724806390346,0.027706070495023785,0.0429918984300164,0.07069796892504018,0.0,0.0,0.0,0.0
2024,target_lbw,0.05,79,246090,130095,175721,23241,29067,26731,33750,0.01418180340525825,0.023674265512617337,0.00484781990328742,0.023674265512617337,0.01902962330854567,0.01418180340525825,0.028522085415904758,0.01660571335690196,0.026098175464261048,0.04270388882116301,0.0,0.0,0.0,0.0
2024,target_lbw,0.1,79,246090,260191,351442,38834,48344,45080,56321,0.025380958186029506,0.03864439839083264,0.0070340119468486895,0.03864439839083264,0.032414970132878196,0.025380958186029506,0.04567841033768133,0.02889796415945385,0.042161404364256985,0.07105936852371084,0.0,0.0,0.0,0.0
2024,target_lbw,0.05,80,245493,130095,175721,23124,28923,26378,33202,0.013254960426570206,0.023621854798303824,0.00417527180001058,0.023621854798303824,0.017430232226580786,0.013254960426570206,0.027797126598314403,0.015342596326575496,0.025709490698309113,0.04105208702488461,0.0,0.0,0.0,0.0
2024,target_lbw,0.1,80,245493,260191,351442,38971,48773,44660,56060,0.023173776849034405,0.03992781871580861,0.006509350572114048,0.03992781871580861,0.029683127421148453,0.023173776849034405,0.04643716928792266,0.02642845213509143,0.043182494001865634,0.06961094613695706,0.0,0.0,0.0,0.0
2024,target_lbw,0.05,81,246060,130095,175721,23592,29486,26822,33932,0.013126879622856205,0.023953507274648456,0.004941884093310575,0.023953507274648456,0.01806876371616678,0.013126879622856205,0.02889539136795903,0.015597821669511493,0.026424449321303743,0.042022270990815236,0.0,0.0,0.0,0.0
2024,target_lbw,0.1,81,246060,260191,351442,39167,48822,45401,56666,0.025335284077054376,0.039238397138909226,0.006543119564333899,0.039238397138909226,0.031878403641388275,0.025335284077054376,0.045781516703243125,0.028606843859221326,0.042509956921076175,0.0711168007802975,0.0,0.0,0.0,0.0
2024,target_lbw,0.05,82,247387,130095,175721,23549,29436,26903,33840,0.01355770513406121,0.023796723352480134,0.004244362072380506,0.023796723352480134,0.017802067206441716,0.01355770513406121,0.02804108542486064,0.015679886170251463,0.025918904388670387,0.04159879055892185,0.0,0.0,0.0,0.0
2024,target_lbw,0.1,82,247387,260191,351442,39317,49201,45394,56701,0.02456475077510137,0.039953594974675294,0.005752121170473801,0.039953594974675294,0.03031687194557517,0.02456475077510137,0.045705716145149095,0.02744081136033827,0.042829655559912194,0.07027046692025046,0.0,0.0,0.0,0.0
2024,target_lbw,0.05,83,245764,130095,175721,23213,29117,26688,33429,0.01413958106150616,0.024023046499894216,0.003405706287332555,0.024023046499894216,0.017545287348838715,0.01413958106150616,0.02742875278722677,0.015842434205172437,0.025725899643560493,0.04156833384873293,0.0,0.0,0.0,0.0
2024,target_lbw,0.1,83,245764,260191,351442,38992,48608,45001,56336,0.024450285639882163,0.03912696733451604,0.006994515063231399,0.03912696733451604,0.03144480070311356,0.024450285639882163,0.04612148239774744,0.027947543171497863,0.04262422486613174,0.0705717680376296,0.0,0.0,0.0,0.0
2024,target_lbw,0.05,84,245592,130095,175721,23408,29271,26764,33749,0.013664940226066,0.02387292745692042,0.00456855272158703,0.02387292745692042,0.01823349294765303,0.013664940226066,0.02844148017850745,0.015949216586859515,0.026157203817713935,0.04210642040457345,0.0,0.0,0.0,0.0
2024,target_lbw,0.1,84,245592,260191,351442,39065,48623,45235,56235,0.025122968174859095,0.038918205804749334,0.005871526759829326,0.038918205804749334,0.03099449493468842,0.025122968174859095,0.04478973256457866,0.028058731554773758,0.041853969184664,0.06991270073943776,0.0,0.0,0.0,0.0
2024,target_lbw,0.05,85,245101,130095,175721,23249,29248,26586,33666,0.013614795533269955,0.024475624334458032,0.0044104267220451965,0.024475624334458032,0.01802522225531515,0.013614795533269955,0.02888605105650323,0.015820008894292553,0.02668083769548063,0.042500846589773184,0.0,0.0,0.0,0.0
2024,target_lbw,0.1,85,245101,260191,351442,39123,48847,45195,56483,0.02477346073659431,0.03967344074483581,0.006381042917001534,0.03967344074483581,0.031154503653595844,0.02477346073659431,0.04605448366183734,0.027963982195095077,0.042863962203336575,0.07082794439843165,0.0,0.0,0.0,0.0
2024,target_lbw,0.05,86,245848,130095,175721,23524,29433,26647,33522,0.012702970941394692,0.024035176206436498,0.003929257101949163,0.024035176206436498,0.016632228043343855,0.012702970941394692,0.02796443330838566,0.014667599492369274,0.02599980475741108,0.04066740424978035,0.0,0.0,0.0,0.0
2024,target_lbw,0.1,86,245848,260191,351442,39384,49082,45136,56459,0.023396570238521347,0.039447138069050786,0.006609775145618446,0.039447138069050786,0.030006345384139793,0.023396570238521347,0.04605691321466923,0.02670145781133057,0.04275202564186001,0.06945348345319058,0.0,0.0,0.0,0.0
2024,target_lbw,0.05,87,246789,130095,175721,23584,29569,26999,33944,0.01383773182759361,0.024251486087305346,0.0038899626806705306,0.024251486087305346,0.01772769450826414,0.01383773182759361,0.028141448767975877,0.015782713167928876,0.02619646742764061,0.04197918059556949,0.0,0.0,0.0,0.0
2024,target_lbw,0.1,87,246789,260191,351442,39316,49101,45655,56872,0.0256859098258026,0.039649255031626196,0.005802527665333568,0.039649255031626196,0.03148843749113617,0.0256859098258026,0.045451782696959764,0.028587173658469384,0.04255051886429298,0.07113769252276236,0.0,0.0,0.0,0.0
2024,target_lbw,0.05,88,245810,130095,175721,23519,29419,26677,33593,0.012847321101663894,0.024002278182335954,0.0041332736666531145,0.024002278182335954,0.01698059476831701,0.012847321101663894,0.028135551848989068,0.014913957934990452,0.02606891501566251,0.04098287295065296,0.0,0.0,0.0,0.0
2024,target_lbw,0.1,88,245810,260191,351442,39200,48866,45110,56294,0.024042960009763636,0.039323054391603274,0.006175501403523048,0.039323054391603274,0.030218461413286685,0.024042960009763636,0.04549855579512632,0.02713071071152516,0.0424108050933648,0.06954151580488996,0.0,0.0,0.0,0.0
2024,target_lbw,0.05,89,246359,130095,175721,23632,29434,26824,33717,0.012956701399177623,0.02355099671617436,0.00442849662484425,0.02355099671617436,0.017385198024021872,0.012956701399177623,0.02797949334101861,0.015170949711599747,0.025765245028596485,0.04093619474019623,0.0,0.0,0.0,0.0
2024,target_lbw,0.1,89,246359,260191,351442,39455,49259,45213,56747,0.023372395569067894,0.039795582868902696,0.0070222723748675775,0.039795582868902696,0.03039466794393547,0.023372395569067894,0.04681785524377027,0.026883531756501683,0.043306719056336485,0.07019025081283817,0.0,0.0,0.0,0.0
2024,target_lbw,0.05,90,245991,130095,175721,23767,29687,26645,33660,0.01169961502656601,0.024065921110934946,0.0044513823676476105,0.024065921110934946,0.01615099739421362,0.01169961502656601,0.028517303478582556,0.013925306210389815,0.02629161229475875,0.040216918505148566,0.0,0.0,0.0,0.0
2024,target_lbw,0.1,90,245991,260191,351442,39552,49363,45389,56615,0.023728510392656638,0.03988357297624709,0.005752242968238702,0.03988357297624709,0.02948075336089534,0.023728510392656638,0.04563581594448579,0.02660463187677599,0.04275969446036644,0.06936432633714243,0.0,0.0,0.0,0.0
2024,target_lbw,0.05,91,245587,130095,175721,23540,29489,26652,33593,0.01267168050426122,0.02422359489712403,0.004039301754571706,0.02422359489712403,0.016710982258832927,0.01267168050426122,0.028262896651695735,0.014691331381547074,0.026243245774409882,0.040934577155956955,0.0,0.0,0.0,0.0
2024,target_lbw,0.1,91,245587,260191,351442,39302,49002,45321,56490,0.02450862627093453,0.039497204656598256,0.005981586973251851,0.039497204656598256,0.03049021324418638,0.02450862627093453,0.04547879162985011,0.027499419757560456,0.04248799814322418,0.06998741790078464,0.0,0.0,0.0,0.0
2024,target_lbw,0.05,92,247284,130095,175721,23733,29645,26745,33792,0.012180327073324587,0.023907733618026228,0.004589864285598766,0.023907733618026228,0.016770191358923353,0.012180327073324587,0.028497597903624994,0.01447525921612397,0.02620266576082561,0.04067792497694958,0.0,0.0,0.0,0.0
2024,target_lbw,0.1,92,247284,260191,351442,39363,49185,45424,56667,0.024510279678426422,0.039719512786917044,0.005746429206903825,0.039719512786917044,0.030256708885330247,0.024510279678426422,0.04546594199382087,0.027383494281878334,0.042592727390368956,0.06997622167224729,0.0,0.0,0.0,0.0
2024,target_lbw,0.05,93,245971,130095,175721,23624,29598,26894,33825,0.013294250135178529,0.02428741599619466,0.0038907025624972114,0.02428741599619466,0.01718495269767574,0.013294250135178529,0.028178118558691873,0.015239601416427134,0.026232767277443267,0.0414723686938704,0.0,0.0,0.0,0.0
2024,target_lbw,0.1,93,245971,260191,351442,39533,49107,45393,56662,0.02382394672542698,0.03892328770464809,0.0068910562627301775,0.03892328770464809,0.03071500298815716,0.02382394672542698,0.04581434396737827,0.02726947485679207,0.04236881583601318,0.06963829069280525,0.0,0.0,0.0,0.0
2024,target_lbw,0.05,94,244780,130095,175721,23455,29302,26628,33593,0.012962660348067645,0.023886755453876946,0.004567366614919535,0.023886755453876946,0.01753002696298718,0.012962660348067645,0.02845412206879648,0.015246343655527413,0.026170438761336713,0.041416782416864126,0.0,0.0,0.0,0.0
2024,target_lbw,0.1,94,244780,260191,351442,38980,48606,45036,56161,0.02474058338099519,0.0393251082604788,0.00612386632894843,0.0393251082604788,0.03086444970994362,0.02474058338099519,0.04544897458942723,0.027802516545469405,0.04238704142495302,0.07018955797042242,0.0,0.0,0.0,0.0
2024,target_lbw,0.05,95,245301,130095,175721,23111,29084,26548,33405,0.01401135747510203,0.02434967651986744,0.0036037358184434487,0.02434967651986744,0.017615093293545478,0.01401135747510203,0.02795341233831089,0.015813225384323754,0.026151544429089166,0.04196476981341292,0.0,0.0,0.0,0.0
2024,target_lbw,0.1,95,245301,260191,351442,38903,48529,44853,56018,0.02425591416260023,0.03924158482843526,0.00627392468844401,0.03924158482843526,0.03052983885104424,0.02425591416260023,0.04551550951687927,0.027392876506822234,0.042378547172657266,0.0697714236794795,0.0,0.0,0.0,0.0
2024,target_lbw,0.05,96,246312,130095,175721,23614,29428,26783,33679,0.012865796225924847,0.02360420929552763,0.00439280262431388,0.02360420929552763,0.017258598850238727,0.012865796225924847,0.02799701191984151,0.015062197538081787,0.02580061060768457,0.04086280814576636,0.0,0.0,0.0,0.0
2024,target_lbw,0.1,96,246312,260191,351442,39184,48818,45180,56325,0.024343109552112746,0.03911299490077624,0.006134496086264596,0.03911299490077624,0.030477605638377342,0.024343109552112746,0.04524749098704084,0.027410357595245044,0.04218024294390854,0.06959060053915359,0.0,0.0,0.0,0.0
2024,target_lbw,0.05,97,246039,130095,175721,23659,29579,26956,33847,0.013400314584273224,0.024061226065786312,0.003946528802344362,0.024061226065786312,0.017346843386617586,0.013400314584273224,0.028007754868130674,0.015373578985445405,0.026034490466958493,0.0414080694524039,0.0,0.0,0.0,0.0
2024,target_lbw,0.1,97,246039,260191,351442,39587,49301,45328,56671,0.02333369912899988,0.03948154560862302,0.0066209015643861335,0.03948154560862302,0.029954600693386013,0.02333369912899988,0.04610244717300915,0.026644149911192946,0.04279199639081609,0.06943614630200903,0.0,0.0,0.0,0.0
2024,target_lbw,0.05,98,245493,130095,175721,23617,29486,26722,33712,0.012648018477105255,0.023906995311475276,0.004566321646645721,0.023906995311475276,0.017214340123750976,0.012648018477105255,0.028473316958120998,0.014931179300428116,0.026190156134798137,0.04112133543522625,0.0,0.0,0.0,0.0
2024,target_lbw,0.1,98,245493,260191,351442,39117,48900,45120,56340,0.024452835722403504,0.039850423433662074,0.005853527391819713,0.039850423433662074,0.030306363114223217,0.024452835722403504,0.04570395082548179,0.02737959941831336,0.04277718712957193,0.07015678654788529,0.0,0.0,0.0,0.0
2024,target_lbw,0.05,99,244970,130095,175721,23215,29014,26264,33354,0.01244642201085848,0.02367228640241663,0.005270033065273294,0.02367228640241663,0.017716455076131774,0.01244642201085848,0.028942319467689923,0.015081438543495126,0.026307302935053276,0.0413887414785484,0.0,0.0,0.0,0.0
2024,target_lbw,0.1,99,244970,260191,351442,38699,48416,44709,55830,0.02453361636118706,0.039666081561007455,0.0057313140384537276,0.039666081561007455,0.030264930399640788,0.02453361636118706,0.04539739559946118,0.027399273380413924,0.04253173858023432,0.06993101196064824,0.0,0.0,0.0,0.0
2024,target_lbw,0.05,100,246821,130095,175721,23445,29411,26609,33472,0.012819006486482099,0.024171363052576555,0.0036342126480324033,0.024171363052576555,0.016453219134514502,0.012819006486482099,0.02780557570060896,0.0146361128104983,0.025988469376592757,0.04062458218709106,0.0,0.0,0.0,0.0
2024,target_lbw,0.1,100,246821,260191,351442,39256,49060,45227,56476,0.02419162064816202,0.03972109342397931,0.005854445124199331,0.03972109342397931,0.030046065772361352,0.02419162064816202,0.04557553854817864,0.027118843210261687,0.042648315986078975,0.06976715919634066,0.0,0.0,0.0,0.0
2024,target_lbw,0.05,101,245452,130095,175721,23545,29313,26856,33718,0.01348939914932451,0.02349950295780845,0.004457083258641192,0.02349950295780845,0.017946482407965703,0.01348939914932451,0.02795658621644964,0.015717940778645106,0.025728044587129045,0.04144598536577415,0.0,0.0,0.0,0.0
2024,target_lbw,0.1,101,245452,260191,351442,39068,48974,45166,56338,0.02484396134478431,0.040358196307220956,0.005157831266398322,0.040358196307220956,0.03000179261118263,0.02484396134478431,0.04551602757361928,0.02742287697798347,0.04293711194042012,0.07035998891840359,0.0,0.0,0.0,0.0
2024,target_lbw,0.05,102,245463,130095,175721,23554,29414,26585,33564,0.012348093195308468,0.02387325177317967,0.004558731865902388,0.02387325177317967,0.016906825061210856,0.012348093195308468,0.02843198363908206,0.014627459128259662,0.026152617706130865,0.04078007683439053,0.0,0.0,0.0,0.0
2024,target_lbw,0.1,102,245463,260191,351442,39198,48819,45063,56309,0.02389362144192811,0.039195316605761366,0.0066201423432452056,0.039195316605761366,0.030513763785173315,0.02389362144192811,0.04581545894900657,0.027203692613550712,0.04250538777738397,0.06970908039093468,0.0,0.0,0.0,0.0
2024,target_lbw,0.05,103,246182,130095,175721,23359,29216,26480,33332,0.012677612498070534,0.023791341365331342,0.0040417252276770815,0.023791341365331342,0.016719337725747616,0.012677612498070534,0.027833066593008424,0.014698475111909075,0.025812203979169883,0.04051067909107896,0.0,0.0,0.0,0.0
2024,target_lbw,0.1,103,246182,260191,351442,39108,48871,44852,56126,0.023332331364600167,0.039657651656091836,0.006137735496502594,0.039657651656091836,0.02947006686110276,0.023332331364600167,0.04579538715259443,0.026401199112851464,0.04272651940434313,0.0691277185171946,0.0,0.0,0.0,0.0
2024,target_lbw,0.05,104,245878,130095,175721,23669,29506,26752,33691,0.012538738724082676,0.023739415482475046,0.004481897526415535,0.023739415482475046,0.01702063625049821,0.012538738724082676,0.02822131300889058,0.014779687487290444,0.025980364245682813,0.04076005173297326,0.0,0.0,0.0,0.0
2024,target_lbw,0.1,104,245878,260191,351442,39311,48943,45248,56441,0.024146121247122565,0.03917389925084799,0.0063486769861476056,0.03917389925084799,0.03049479823327017,0.024146121247122565,0.0455225762369956,0.027320459740196368,0.042348237743921796,0.06966869748411816,0.0,0.0,0.0,0.0
2024,target_lbw,0.05,105,246728,130095,175721,23615,29430,26895,33792,0.013293991764209978,0.023568464057585684,0.004385396063681463,0.023568464057585684,0.01767938782789144,0.013293991764209978,0.027953860121267146,0.01548668979605071,0.025761162089426415,0.041247851885477124,0.0,0.0,0.0,0.0
2024,target_lbw,0.1,105,246728,260191,351442,39350,49112,45278,56570,0.02402645828604777,0.03956583768360297,0.006201160792451643,0.03956583768360297,0.030227619078499413,0.02402645828604777,0.045766998476054616,0.02712703868227359,0.042666418079828794,0.06979345676210238,0.0,0.0,0.0,0.0
2024,target_lbw,0.05,106,245910,130095,175721,23188,29071,26653,33411,0.014090520922288644,0.023923386604855434,0.0035582123541132854,0.023923386604855434,0.01764873327640193,0.014090520922288644,0.02748159895896872,0.015869627099345286,0.025702492781912077,0.04157211988125736,0.0,0.0,0.0,0.0
2024,target_lbw,0.1,106,245910,260191,351442,39062,48859,45028,56427,0.024260908462445607,0.03983977878085479,0.006514578504330848,0.03983977878085479,0.030775486966776455,0.024260908462445607,0.04635435728518564,0.02751819771461103,0.043097068033020214,0.07061526574763125,0.0,0.0,0.0,0.0
2024,target_lbw,0.05,107,245872,130095,175721,23564,29439,26898,33762,0.01355990108674432,0.023894546756035667,0.004022418168803277,0.023894546756035667,0.017582319255547596,0.01355990108674432,0.027916964924838944,0.015571110171145958,0.025905755840437306,0.04147686601158326,0.0,0.0,0.0,0.0
2024,target_lbw,0.1,107,245872,260191,351442,39313,49233,45296,56462,0.024333799700657244,0.040346196394872136,0.005067677490726896,0.040346196394872136,0.02940147719138414,0.024333799700657244,0.04541387388559903,0.026867638446020692,0.042880035140235584,0.06974767358625628,0.0,0.0,0.0,0.0
2024,target_lbw,0.05,108,245825,130095,175721,23357,29393,26649,33580,0.013391640394589649,0.02455405267975186,0.003640801383097733,0.02455405267975186,0.017032441777687382,0.013391640394589649,0.028194854062849592,0.015212041086138516,0.026374453371300725,0.04158649445743924,0.0,0.0,0.0,0.0
2024,target_lbw,0.1,108,245825,260191,351442,39223,49062,45122,56485,0.023996745652395013,0.04002440760703754,0.006199532187531748,0.04002440760703754,0.03019627783992676,0.023996745652395013,0.04622393979456929,0.027096511746160887,0.04312417370080342,0.0702206854469643,0.0,0.0,0.0,0.0
2024,target_lbw,0.05,109,245910,130095,175721,23585,29434,27080,34016,0.014212516774429668,0.0237851246390956,0.00442031637590988,0.0237851246390956,0.018632833150339548,0.014212516774429668,0.02820544101500548,0.016422674962384608,0.02599528282705054,0.04241795778943515,0.0,0.0,0.0,0.0
2024,target_lbw,0.1,109,245910,260191,351442,39172,48947,45408,56610,0.025358871131714866,0.03975031515595137,0.005802936033508177,0.03975031515595137,0.031161807165223043,0.025358871131714866,0.04555325118945955,0.028260339148468955,0.04265178317270546,0.07091212232117441,0.0,0.0,0.0,0.0
2024,target_lbw,0.05,110,244968,130095,175721,23296,29154,26473,33389,0.012969040854315675,0.023913327455014538,0.004318931452271316,0.023913327455014538,0.01728797230658699,0.012969040854315675,0.028232258907285854,0.015128506580451333,0.026072793181150196,0.04120129976160153,0.0,0.0,0.0,0.0
2024,target_lbw,0.1,110,244968,260191,351442,39167,48788,44810,56081,0.023035661800725,0.03927451748799843,0.006735573625942987,0.03927451748799843,0.029771235426667986,0.023035661800725,0.046010091113941415,0.026403448613696492,0.04264230430096992,0.06904575291466641,0.0,0.0,0.0,0.0
2024,target_lbw,0.05,111,246119,130095,175721,23496,29347,26783,33844,0.013355328113636086,0.02377305287279731,0.0049163209666868435,0.02377305287279731,0.01827164908032293,0.013355328113636086,0.028689373839484153,0.015813488596979508,0.02623121335614073,0.04204470195312024,0.0,0.0,0.0,0.0
2024,target_lbw,0.1,111,246119,260191,351442,39297,48983,45369,56822,0.024670992487374005,0.03935494618456925,0.0071794538414344244,0.03935494618456925,0.03185044632880843,0.024670992487374005,0.046534400026003675,0.028260719408091217,0.04294467310528646,0.07120539251337768,0.0,0.0,0.0,0.0
2024,target_lbw,0.05,112,245079,130095,175721,23297,29070,26479,33408,0.012983568563606024,0.023555669804430412,0.004716846404628716,0.023555669804430412,0.01770041496823474,0.012983568563606024,0.02827251620905913,0.015341991765920382,0.02591409300674477,0.04125608477266515,0.0,0.0,0.0,0.0
2024,target_lbw,0.1,112,245079,260191,351442,38876,48538,44721,55833,0.02384945262547994,0.039424022458064534,0.0059164595905810136,0.039424022458064534,0.029765912216060952,0.02384945262547994,0.04534048204864555,0.026807682420770446,0.04238225225335504,0.06918993467412549,0.0,0.0,0.0,0.0
2024,target_lbw,0.05,113,245107,130095,175721,23413,29297,26659,33525,0.013243195828760504,0.024005842346403808,0.004006413525521502,0.024005842346403808,0.017249609354282006,0.013243195828760504,0.02801225587192531,0.015246402591521255,0.02600904910916456,0.04125545170068581,0.0,0.0,0.0,0.0
2024,target_lbw,0.1,113,245107,260191,351442,39126,48721,45125,56425,0.024475025193078925,0.03914616881606808,0.006956145683313819,0.03914616881606808,0.031431170876392744,0.024475025193078925,0.0461023144993819,0.027953098034735835,0.04262424165772499,0.07057733969246083,0.0,0.0,0.0,0.0
2024,target_lbw,0.05,114,245351,130095,175721,23544,29459,26710,33693,0.012903962078817693,0.024108318286862482,0.00435294741003707,0.024108318286862482,0.017256909488854763,0.012903962078817693,0.02846126569689955,0.015080435783836228,0.026284791991881017,0.041365227775717245,0.0,0.0,0.0,0.0
2024,target_lbw,0.1,114,245351,260191,351442,39346,49041,45288,56713,0.02421836471014996,0.03951481754710601,0.007051122677307176,0.03951481754710601,0.031269487387457134,0.02421836471014996,0.04656594022441318,0.027743926048803547,0.043040378885759595,0.07078430493456314,0.0,0.0,0.0,0.0
2024,target_lbw,0.05,115,246169,130095,175721,23438,29336,26768,33767,0.013527292226072338,0.023959150014827207,0.00447253715943112,0.023959150014827207,0.017999829385503457,0.013527292226072338,0.028431687174258327,0.015763560805787898,0.026195418594542767,0.041958979400330665,0.0,0.0,0.0,0.0
2024,target_lbw,0.1,115,246169,260191,351442,39269,48902,45239,56514,0.024251632008904456,0.03913165345758404,0.006670214364928151,0.03913165345758404,0.030921846373832607,0.024251632008904456,0.04580186782251219,0.02758673919136853,0.04246676064004812,0.07005349983141665,0.0,0.0,0.0,0.0
2024,target_lbw,0.05,116,245625,130095,175721,23604,29338,26739,33748,0.012763358778625958,0.023344529262086522,0.005190839694656488,0.023344529262086522,0.017954198473282446,0.012763358778625958,0.02853536895674301,0.015358778625954202,0.025939949109414766,0.04129872773536897,0.0,0.0,0.0,0.0
2024,target_lbw,0.1,116,245625,260191,351442,39175,48693,45246,56447,0.02471653944020355,0.038750127226463094,0.006851908396946577,0.038750127226463094,0.031568447837150126,0.02471653944020355,0.04560203562340967,0.028142493638676838,0.04217608142493638,0.07031857506361322,0.0,0.0,0.0,0.0
2024,target_lbw,0.05,117,244904,130095,175721,23147,28895,26420,33315,0.013364420344298175,0.023470421062947125,0.0046834678077940645,0.023470421062947125,0.01804788815209224,0.013364420344298175,0.02815388887074119,0.015706154248195207,0.025812154966844157,0.041518309215039365,0.0,0.0,0.0,0.0
2024,target_lbw,0.1,117,244904,260191,351442,38931,48509,44541,56029,0.022906934962270947,0.03910920197301801,0.0077989742919674365,0.03910920197301801,0.030705909254238384,0.022906934962270947,0.046908176264985446,0.026806422108254666,0.04300868911900173,0.0698151112272564,0.0,0.0,0.0,0.0
2024,target_lbw,0.05,118,247280,130095,175721,23457,29229,26697,33597,0.013102555807182142,0.023341960530572636,0.004561630540278236,0.023341960530572636,0.01766418634746038,0.013102555807182142,0.027903591070850872,0.01538337107732126,0.025622775800711754,0.041006146878033015,0.0,0.0,0.0,0.0
2024,target_lbw,0.1,118,247280,260191,351442,39145,48991,45010,56234,0.023718052410223234,0.039817211258492385,0.005572630216758329,0.039817211258492385,0.029290682626981562,0.023718052410223234,0.045389841475250714,0.026504367518602398,0.04260352636687155,0.06910789388547395,0.0,0.0,0.0,0.0
2024,target_lbw,0.05,119,247050,130095,175721,23371,29328,26714,33726,0.013531673750252979,0.024112527828374822,0.004270390609188435,0.024112527828374822,0.017802064359441414,0.013531673750252979,0.028382918437563256,0.015666869054847196,0.02624772313296904,0.041914592187816235,0.0,0.0,0.0,0.0
2024,target_lbw,0.1,119,247050,260191,351442,39266,49007,45333,56485,0.024557781825541386,0.039429265330904656,0.005711394454563867,0.039429265330904656,0.030269176280105253,0.024557781825541386,0.04514065978546852,0.02741347905282332,0.04228496255818659,0.06969844161100991,0.0,0.0,0.0,0.0
2024,target_lbw,0.05,120,246095,130095,175721,23544,29308,26896,33942,0.013620756212031945,0.023421849285844898,0.005209370365102911,0.023421849285844898,0.018830126577134856,0.013620756212031945,0.02863121965094781,0.0162254413945834,0.026026534468396353,0.042251975862979754,0.0,0.0,0.0,0.0
2024,target_lbw,0.1,120,246095,260191,351442,39095,48753,45392,56391,0.025587679554643528,0.039245007009488214,0.005449115179097491,0.039245007009488214,0.03103679473374102,0.025587679554643528,0.044694122188585705,0.028312237144192273,0.04196956459903696,0.07028180174322923,0.0,0.0,0.0,0.0
2024,target_lbw,0.05,121,245890,130095,175721,23423,29249,26793,33784,0.013705315384928224,0.02369352149335069,0.004737890926837199,0.02369352149335069,0.018443206311765423,0.013705315384928224,0.028431412420187888,0.016074260848346823,0.026062466956769288,0.04213672780511611,0.0,0.0,0.0,0.0
2024,target_lbw,0.1,121,245890,260191,351442,39069,48648,45191,56385,0.024897311806092143,0.03895644393834641,0.006567977550937409,0.03895644393834641,0.03146528935702955,0.024897311806092143,0.04552442148928382,0.028181300581560847,0.04224043271381511,0.07042173329537596,0.0,0.0,0.0,0.0
2024,target_lbw,0.05,122,246197,130095,175721,23511,29379,26598,33549,0.012538739302266066,0.02383457150168361,0.004398916314983528,0.02383457150168361,0.016937655617249595,0.012538739302266066,0.028233487816667138,0.01473819745975783,0.026034029659175374,0.040772227118933205,0.0,0.0,0.0,0.0
2024,target_lbw,0.1,122,246197,260191,351442,39400,49181,45160,56586,0.023395898406560617,0.039728347624057164,0.006681641124790305,0.039728347624057164,0.030077539531350922,0.023395898406560617,0.04640998874884747,0.02673671896895577,0.04306916818645232,0.06980588715540809,0.0,0.0,0.0,0.0
2024,target_lbw,0.05,123,245081,130095,175721,23623,29419,26881,33744,0.013293564168581004,0.023649324101011504,0.004353662666628566,0.023649324101011504,0.01764722683520957,0.013293564168581004,0.02800298676764007,0.015470395501895287,0.025826155434325787,0.041296550936221074,0.0,0.0,0.0,0.0
2024,target_lbw,0.1,123,245081,260191,351442,39185,48891,45323,56276,0.025044781113183007,0.039603233216773254,0.005088113725666171,0.039603233216773254,0.030132894838849178,0.025044781113183007,0.044691346942439425,0.027588837976016092,0.04214729007960634,0.06973612805562243,0.0,0.0,0.0,0.0
2024,target_lbw,0.05,124,245053,130095,175721,23207,29146,26634,33465,0.013984729833954282,0.02423557352899168,0.0036400288917091544,0.02423557352899168,0.017624758725663436,0.013984729833954282,0.027875602420700835,0.01580474427980886,0.026055587974846257,0.04186033225465512,0.0,0.0,0.0,0.0
2024,target_lbw,0.1,124,245053,260191,351442,38894,48550,45092,56238,0.025292487747548498,0.0394037208277393,0.006080317319110545,0.0394037208277393,0.03137280506665904,0.025292487747548498,0.04548403814684984,0.02833264640710377,0.04244387948729457,0.07077652589439834,0.0,0.0,0.0,0.0
2024,target_lbw,0.05,125,246136,130095,175721,23383,29351,26742,33593,0.013646926902200415,0.024246757889947027,0.0035874475899502767,0.024246757889947027,0.017234374492150692,0.013646926902200415,0.027834205479897303,0.015440650697175554,0.026040481684922165,0.04148113238209772,0.0,0.0,0.0,0.0
2024,target_lbw,0.1,125,246136,260191,351442,39115,48785,45114,56367,0.024372704521077787,0.03928722332369097,0.006431403776773814,0.03928722332369097,0.0308041082978516,0.024372704521077787,0.04571862710046479,0.027588406409464694,0.04250292521207788,0.07009133162154257,0.0,0.0,0.0,0.0
2024,target_lbw,0.05,126,245246,130095,175721,23322,29283,26505,33433,0.01297880495502475,0.024306206829061427,0.003942979702013502,0.024306206829061427,0.016921784657038252,0.01297880495502475,0.02824918653107493,0.014950294806031501,0.02627769668006818,0.04122799148609968,0.0,0.0,0.0,0.0
2024,target_lbw,0.1,126,245246,260191,351442,39062,48697,45126,56347,0.024726193291633697,0.03928708317362975,0.006466976015918696,0.03928708317362975,0.031193169307552393,0.024726193291633697,0.045754059189548446,0.027959681299593045,0.0425205711815891,0.07048025248118214,0.0,0.0,0.0,0.0
2024,target_lbw,0.05,127,246060,130095,175721,23396,29361,26434,33379,0.01234658213443876,0.024242054783386174,0.0039827684304641064,0.024242054783386174,0.016329350564902867,0.01234658213443876,0.02822482321385028,0.014337966349670814,0.026233438998618228,0.04057140534828904,0.0,0.0,0.0,0.0
2024,target_lbw,0.1,127,246060,260191,351442,39285,49084,45029,56326,0.023343899861822337,0.03982362025522232,0.0060879460294236964,0.03982362025522232,0.029431845891246033,0.023343899861822337,0.045911566284646016,0.026387872876534185,0.04286759326993417,0.06925546614646835,0.0,0.0,0.0,0.0
2024,target_lbw,0.05,128,245480,130095,175721,23628,29520,26637,33554,0.012257617728531858,0.02400195535277823,0.004175492911846171,0.02400195535277823,0.01643311064037803,0.012257617728531858,0.0281774482646244,0.014345364184454944,0.026089701808701314,0.04043506599315626,0.0,0.0,0.0,0.0
2024,target_lbw,0.1,128,245480,260191,351442,39326,49070,45201,56440,0.023932703275215905,0.03969366139807726,0.006090109173863434,0.03969366139807726,0.03002281244907934,0.023932703275215905,0.04578377057194069,0.026977757862147622,0.042738715985008974,0.0697164738471566,0.0,0.0,0.0,0.0
2024,target_lbw,0.05,129,246250,130095,175721,23414,29319,26705,33729,0.013364467005076139,0.02397969543147209,0.004544162436548219,0.02397969543147209,0.017908629441624357,0.013364467005076139,0.028523857868020308,0.015636548223350248,0.0262517766497462,0.04188832487309645,0.0,0.0,0.0,0.0
2024,target_lbw,0.1,129,246250,260191,351442,39390,49112,45270,56744,0.023878172588832486,0.03948020304568528,0.007114720812182729,0.03948020304568528,0.030992893401015215,0.023878172588832486,0.04659492385786801,0.02743553299492385,0.043037563451776645,0.0704730964467005,0.0,0.0,0.0,0.0
2024,target_lbw,0.05,130,246313,130095,175721,23685,29566,26766,33768,0.012508474989139831,0.02387612509286964,0.00455111991652897,0.02387612509286964,0.0170595949056688,0.012508474989139831,0.02842724500939861,0.014784034947404316,0.026151685051134126,0.04093571999853844,0.0,0.0,0.0,0.0
2024,target_lbw,0.1,130,246313,260191,351442,39293,49168,45331,56631,0.024513525473685932,0.04009126599083282,0.005785321927791048,0.04009126599083282,0.03029884740147698,0.024513525473685932,0.04587658791862387,0.027406186437581456,0.042983926954728344,0.0703901133923098,0.0,0.0,0.0,0.0
2024,target_lbw,0.05,131,245623,130095,175721,23369,29145,26691,33596,0.01352479205937554,0.023515713105043093,0.004596475085802229,0.023515713105043093,0.01812126714517777,0.01352479205937554,0.028112188190845322,0.015823029602276655,0.025813950647944207,0.04163698025022086,0.0,0.0,0.0,0.0
2024,target_lbw,0.1,131,245623,260191,351442,39021,48667,45072,56278,0.024635315096713267,0.03927156658781955,0.00635119675274709,0.03927156658781955,0.030986511849460358,0.024635315096713267,0.04562276334056664,0.027810913473086812,0.042447164964193096,0.07025807843727991,0.0,0.0,0.0,0.0
2024,target_lbw,0.05,132,245693,130095,175721,23336,29120,26582,33461,0.013211609610367409,0.023541574241024363,0.004456781430484391,0.023541574241024363,0.0176683910408518,0.013211609610367409,0.027998355671508754,0.015440000325609604,0.02576996495626656,0.04120996528187616,0.0,0.0,0.0,0.0
2024,target_lbw,0.1,132,245693,260191,351442,39024,48767,44814,56149,0.02356599496119141,0.039655179431241416,0.006479631084320675,0.039655179431241416,0.030045626045512086,0.02356599496119141,0.04613481051556209,0.02680581050335175,0.042894994973401754,0.0697008054767535,0.0,0.0,0.0,0.0
2024,target_lbw,0.05,133,245547,130095,175721,23335,29221,26388,33410,0.012433464876378045,0.023970970934281424,0.004626405535396491,0.023970970934281424,0.017059870411774536,0.012433464876378045,0.028597376469677915,0.01474666764407629,0.02628417370197967,0.04103084134605596,0.0,0.0,0.0,0.0
2024,target_lbw,0.1,133,245547,260191,351442,39024,48644,45040,56313,0.024500401145198275,0.03917783560784696,0.006731908758811966,0.03917783560784696,0.03123230990401024,0.024500401145198275,0.04590974436665893,0.027866355524604258,0.042543789987252945,0.0704101455118572,0.0,0.0,0.0,0.0
2024,target_lbw,0.05,134,246714,130095,175721,23863,29808,26759,33967,0.01173828805823747,0.024096727384745095,0.005119287920426069,0.024096727384745095,0.01685757597866354,0.01173828805823747,0.029216015305171164,0.014297932018450504,0.02665637134495813,0.040954303363408634,0.0,0.0,0.0,0.0
2024,target_lbw,0.1,134,246714,260191,351442,39757,49479,45542,57000,0.02344820318263252,0.0394059518308649,0.007036487592921359,0.0394059518308649,0.03048469077555388,0.02344820318263252,0.04644243942378626,0.0269664469790932,0.04292419562732558,0.06989064260641878,0.0,0.0,0.0,0.0
2024,target_lbw,0.05,135,246202,130095,175721,23491,29386,26849,33796,0.013639206830163841,0.02394375350322092,0.004272914111177015,0.02394375350322092,0.017912120941340856,0.013639206830163841,0.028216667614397936,0.01577566388575235,0.02608021055880943,0.04185587444456178,0.0,0.0,0.0,0.0
2024,target_lbw,0.1,135,246202,260191,351442,39303,48887,45477,56760,0.0250769693178772,0.03892738483034258,0.006900837523659414,0.03892738483034258,0.031977806841536616,0.0250769693178772,0.045828222354001996,0.02852738807970691,0.04237780359217229,0.0709051916718792,0.0,0.0,0.0,0.0
2024,target_lbw,0.05,136,247145,130095,175721,23676,29571,26969,33871,0.013324161929231818,0.02385239434340164,0.004074531145683721,0.02385239434340164,0.01739869307491554,0.013324161929231818,0.02792692548908536,0.015361427502073678,0.0258896599162435,0.04125108741831718,0.0,0.0,0.0,0.0
2024,target_lbw,0.1,136,247145,260191,351442,39521,49334,45403,56858,0.023799793643407702,0.03970543608003399,0.006643873030002634,0.03970543608003399,0.030443666673410336,0.023799793643407702,0.046349309110036624,0.02712173015840902,0.04302737259503531,0.07014910275344433,0.0,0.0,0.0,0.0
2024,target_lbw,0.05,137,245695,130095,175721,23468,29540,26641,33614,0.012914385722135172,0.024713567634669004,0.003667148293616057,0.024713567634669004,0.01658153401575123,0.012914385722135172,0.02838071592828506,0.0147479598689432,0.026547141781477032,0.04129510165042023,0.0,0.0,0.0,0.0
2024,target_lbw,0.1,137,245695,260191,351442,39261,49035,45361,56633,0.024827530067766945,0.0397810293249761,0.006096990170740141,0.0397810293249761,0.030924520238507086,0.024827530067766945,0.04587801949571624,0.027876025153137016,0.04282952441034617,0.07070554956348318,0.0,0.0,0.0,0.0
2024,target_lbw,0.05,138,246032,130095,175721,23279,29206,26675,33541,0.013803082525850302,0.02409036222930351,0.003816576705469213,0.02409036222930351,0.017619659231319515,0.013803082525850302,0.027906938934772724,0.01571137087858491,0.025998650582038117,0.041710021460623026,0.0,0.0,0.0,0.0
2024,target_lbw,0.1,138,246032,260191,351442,39009,48642,45135,56392,0.024899200104051528,0.039153443454509995,0.00660076737985299,0.039153443454509995,0.03149996748390452,0.024899200104051528,0.045754210834362985,0.028199583793978023,0.04245382714443649,0.07065341093841451,0.0,0.0,0.0,0.0
2024,target_lbw,0.05,139,245638,130095,175721,23425,29262,26674,33589,0.01322678087266628,0.023762610019622377,0.0043885718007800195,0.023762610019622377,0.0176153526734463,0.01322678087266628,0.028151181820402396,0.01542106677305629,0.025956895920012386,0.041377962693068676,0.0,0.0,0.0,0.0
2024,target_lbw,0.1,139,245638,260191,351442,39029,48743,45037,56269,0.02445875638134165,0.03954599858328109,0.0061798255970167415,0.03954599858328109,0.030638581978358392,0.02445875638134165,0.04572582418029783,0.02754866917985002,0.04263591138178946,0.07018458056163948,0.0,0.0,0.0,0.0
2024,target_lbw,0.05,140,245527,130095,175721,23338,29069,26536,33528,0.013025044088837492,0.02334162841561213,0.005135891368362747,0.02334162841561213,0.01816093545720024,0.013025044088837492,0.028477519783974878,0.015592989773018866,0.025909574099793505,0.04150256387281237,0.0,0.0,0.0,0.0
2024,target_lbw,0.1,140,245527,260191,351442,38906,48682,44954,56223,0.024632728783392455,0.03981639493823491,0.006080797631217744,0.03981639493823491,0.0307135264146102,0.024632728783392455,0.045897192569452655,0.027673127599001326,0.04285679375384378,0.07052992135284511,0.0,0.0,0.0,0.0
2024,target_lbw,0.05,141,246144,130095,175721,23386,29344,26633,33500,0.01319146515860635,0.024205343213728553,0.0036929602184087307,0.024205343213728553,0.01688442537701508,0.01319146515860635,0.027898303432137284,0.015037945267810715,0.026051823322932918,0.04108976859074363,0.0,0.0,0.0,0.0
2024,target_lbw,0.1,141,246144,260191,351442,39236,48899,45055,56411,0.023640633125324995,0.03925750780031201,0.006878087623504947,0.03925750780031201,0.03051872074882994,0.023640633125324995,0.046135595423816955,0.027079676937077468,0.04269655161206448,0.06977622854914195,0.0,0.0,0.0,0.0
2024,target_lbw,0.05,142,245793,130095,175721,23536,29321,26770,33631,0.013157412945039124,0.02353606490013954,0.004377667386784814,0.02353606490013954,0.017535080331823938,0.013157412945039124,0.027913732286924356,0.01534624663843153,0.02572489859353195,0.04107114523196348,0.0,0.0,0.0,0.0
2024,target_lbw,0.1,142,245793,260191,351442,39214,48900,45034,56327,0.023678461144133467,0.03940714340929155,0.006538021831378443,0.03940714340929155,0.03021648297551191,0.023678461144133467,0.045945165240669994,0.02694747205982269,0.04267615432498077,0.06962362638480346,0.0,0.0,0.0,0.0
2024,target_lbw,0.05,143,246165,130095,175721,23494,29355,26844,33782,0.01360875835313713,0.023809233644100508,0.004375114252635412,0.023809233644100508,0.01798387260577254,0.01360875835313713,0.02818434789673592,0.015796315479454835,0.025996790770418214,0.04179310624987305,0.0,0.0,0.0,0.0
2024,target_lbw,0.1,143,246165,260191,351442,39232,48950,45341,56679,0.024816687993825276,0.03947758617187658,0.006580951800621543,0.03947758617187658,0.03139763979444682,0.024816687993825276,0.04605853797249812,0.028107163894136047,0.04276806207218735,0.0708752259663234,0.0,0.0,0.0,0.0
2024,target_lbw,0.05,144,245942,130095,175721,23687,29519,26756,33735,0.012478551853689082,0.02371290792137984,0.004663701197843401,0.02371290792137984,0.017142253051532483,0.012478551853689082,0.02837660911922324,0.014810402452610782,0.02604475852030154,0.04085516097291232,0.0,0.0,0.0,0.0
2024,target_lbw,0.1,144,245942,260191,351442,39312,48995,45384,56689,0.024688747753535384,0.039371071228175764,0.006595050865651236,0.039371071228175764,0.03128379861918662,0.024688747753535384,0.045966122093827,0.027986273186361002,0.04266859666100138,0.07065486984736238,0.0,0.0,0.0,0.0
2024,target_lbw,0.05,145,245318,130095,175721,23366,29136,26646,33509,0.013370400867445523,0.02352049176986605,0.0044554415085725635,0.02352049176986605,0.017825842376018086,0.013370400867445523,0.027975933278438614,0.015598121621731804,0.025748212524152332,0.04134633414588414,0.0,0.0,0.0,0.0
2024,target_lbw,0.1,145,245318,260191,351442,38933,48714,44985,56214,0.02467002013712813,0.03987069844039165,0.005902542821969864,0.03987069844039165,0.030572562959097993,0.02467002013712813,0.045773241262361514,0.02762129154811306,0.04282196985137658,0.07044326139948964,0.0,0.0,0.0,0.0
2024,target_lbw,0.05,146,246301,130095,175721,23756,29600,26842,33891,0.012529384777162908,0.023727065663558006,0.004892387769436568,0.023727065663558006,0.017421772546599476,0.012529384777162908,0.028619453432994574,0.014975578661881192,0.02617325954827629,0.04114883821015748,0.0,0.0,0.0,0.0
2024,target_lbw,0.1,146,246301,260191,351442,39465,49134,45432,56706,0.024226454622595928,0.03925684426778617,0.00651641690451929,0.03925684426778617,0.030742871527115218,0.024226454622595928,0.04577326117230546,0.027484663074855573,0.04251505272004581,0.06999971579490138,0.0,0.0,0.0,0.0
2024,target_lbw,0.05,147,246593,130095,175721,23552,29389,26687,33697,0.012713256256260325,0.023670582701049908,0.0047568260250696465,0.023670582701049908,0.01747008228132997,0.012713256256260325,0.028427408726119555,0.015091669268795148,0.02604899571358473,0.04114066498237988,0.0,0.0,0.0,0.0
2024,target_lbw,0.1,147,246593,260191,351442,39191,48981,45237,56310,0.024518133118133945,0.03970104585288309,0.005202905191955959,0.03970104585288309,0.029721038310089903,0.024518133118133945,0.04490395104483905,0.027119585714111924,0.04230249844886107,0.06942208416297299,0.0,0.0,0.0,0.0
2024,target_lbw,0.05,148,246076,130095,175721,23458,29270,26757,33652,0.013406427282628128,0.023618719420016573,0.004401079341341693,0.023618719420016573,0.01780750662396982,0.013406427282628128,0.028019798761358267,0.015606966953298974,0.02581925909068742,0.041426226043986394,0.0,0.0,0.0,0.0
2024,target_lbw,0.1,148,246076,260191,351442,39053,48831,45043,56227,0.02434207318064338,0.03973569141240918,0.005713681951917293,0.03973569141240918,0.030055755132560674,0.02434207318064338,0.04544937336432647,0.027198914156602028,0.042592532388367826,0.06979144654496985,0.0,0.0,0.0,0.0
2024,target_lbw,0.05,149,245259,130095,175721,23362,29308,26419,33243,0.012464374396046626,0.024243758638826704,0.0035798890152858864,0.024243758638826704,0.016044263411332513,0.012464374396046626,0.02782364765411259,0.01425431890368957,0.026033703146469647,0.04028802205015922,0.0,0.0,0.0,0.0
2024,target_lbw,0.1,149,245259,260191,351442,39114,48623,44973,56103,0.023889031595170807,0.0387712581393547,0.00660933951455403,0.0387712581393547,0.030498371109724837,0.023889031595170807,0.04538059765390873,0.02719370135244782,0.04207592789663171,0.06926962924907953,0.0,0.0,0.0,0.0
2024,target_lbw,0.05,150,246040,130095,175721,23318,29303,26522,33483,0.013022272801170534,0.024325312957242717,0.003966834661030733,0.024325312957242717,0.016989107462201267,0.013022272801170534,0.02829214761827345,0.0150056901316859,0.026308730287758084,0.041314420419443984,0.0,0.0,0.0,0.0
2024,target_lbw,0.1,150,246040,260191,351442,39230,48869,45220,56548,0.024345634856120957,0.03917655665745409,0.006864737441066471,0.03917655665745409,0.031210372297187428,0.024345634856120957,0.04604129409852056,0.027778003576654192,0.04260892537798733,0.07038692895464152,0.0,0.0,0.0,0.0
2024,target_lbw,0.05,151,245972,130095,175721,23255,29208,26716,33585,0.014070707234969837,0.02420194168441936,0.0037240011058169153,0.02420194168441936,0.017794708340786752,0.014070707234969837,0.027925942790236274,0.015932707787878295,0.026063942237327817,0.04199665002520611,0.0,0.0,0.0,0.0
2024,target_lbw,0.1,151,245972,260191,351442,38953,48633,45244,56343,0.025576081830452235,0.03935407282129674,0.005768949311303728,0.03935407282129674,0.031345031141755963,0.025576081830452235,0.04512302213260047,0.0284605564861041,0.04223854747694861,0.0706991039630527,0.0,0.0,0.0,0.0
2024,target_lbw,0.05,152,246254,130095,175721,23611,29471,26842,33858,0.01312059905625898,0.023796567771487975,0.0046943399904163935,0.023796567771487975,0.017814939046675374,0.01312059905625898,0.02849090776190437,0.015467769051467177,0.026143737766696172,0.04161150681816335,0.0,0.0,0.0,0.0
2024,target_lbw,0.1,152,246254,260191,351442,39506,49179,45359,56789,0.023768141837289952,0.03928058021392547,0.007134909483703822,0.03928058021392547,0.030903051320993774,0.023768141837289952,0.04641548969762929,0.027335596579141863,0.04284803495577738,0.07018363153491924,0.0,0.0,0.0,0.0
2024,target_lbw,0.05,153,245946,130095,175721,23513,29401,26549,33524,0.01234417311117074,0.023940214518634165,0.004419669358314435,0.023940214518634165,0.016763842469485174,0.01234417311117074,0.0283598838769486,0.014554007790327957,0.026150049197791382,0.04070405698811934,0.0,0.0,0.0,0.0
2024,target_lbw,0.1,153,245946,260191,351442,39280,48957,45056,56416,0.023484830003334067,0.039346035308563676,0.006842965529018558,0.039346035308563676,0.030327795532352625,0.023484830003334067,0.046189000837582234,0.026906312767843346,0.042767518073072955,0.0696738308409163,0.0,0.0,0.0,0.0
2024,target_lbw,0.05,154,246232,130095,175721,23333,29292,26577,33519,0.013174567074953694,0.024200753760680982,0.003992169986029442,0.024200753760680982,0.017166737060983137,0.013174567074953694,0.028192923746710424,0.015170652067968415,0.026196838753695703,0.04136749082166412,0.0,0.0,0.0,0.0
2024,target_lbw,0.1,154,246232,260191,351442,39152,48828,45140,56255,0.024318528867084716,0.03929627343318498,0.005844082003963719,0.03929627343318498,0.030162610871048434,0.024318528867084716,0.0451403554371487,0.027240569869066575,0.04221831443516684,0.06945888430423341,0.0,0.0,0.0,0.0
2024,target_lbw,0.05,155,245720,130095,175721,23227,29030,26511,33367,0.013364805469640237,0.023616311248575605,0.004285365456617285,0.023616311248575605,0.017650170926257522,0.013364805469640237,0.02790167670519289,0.01550748819794888,0.025758993976884248,0.04126648217483313,0.0,0.0,0.0,0.0
2024,target_lbw,0.1,155,245720,260191,351442,38854,48618,44835,55959,0.02434071300667426,0.0397362852026697,0.005534755005697556,0.0397362852026697,0.029875468012371814,0.02434071300667426,0.04527104020836725,0.027108090509523036,0.042503662705518475,0.06961175321504151,0.0,0.0,0.0,0.0
2024,target_lbw,0.05,156,245941,130095,175721,23315,29170,26529,33380,0.013068174887473014,0.023806522702599406,0.0040497517697333785,0.023806522702599406,0.017117926657206392,0.013068174887473014,0.027856274472332784,0.015093050772339703,0.025831398587466095,0.0409244493598058,0.0,0.0,0.0,0.0
2024,target_lbw,0.1,156,245941,260191,351442,39052,48786,44946,56405,0.023965097320088946,0.03957859811906106,0.007013877312038286,0.03957859811906106,0.030978974632127232,0.023965097320088946,0.046592475431099345,0.02747203597610809,0.0430855367750802,0.07055757275118829,0.0,0.0,0.0,0.0
2024,target_lbw,0.05,157,246018,130095,175721,23571,29454,26714,33663,0.012775487972424782,0.023912884423091002,0.004333016283361385,0.023912884423091002,0.017108504255786167,0.012775487972424782,0.028245900706452387,0.014941996114105474,0.026079392564771695,0.04102138867887717,0.0,0.0,0.0,0.0
2024,target_lbw,0.1,157,246018,260191,351442,39298,49174,45248,56455,0.024185222219512387,0.04014340414116041,0.005410173239356469,0.04014340414116041,0.029595395458868856,0.024185222219512387,0.04555357738051688,0.02689030883919062,0.042848490760838645,0.06973879960002927,0.0,0.0,0.0,0.0
2024,target_lbw,0.05,158,246033,130095,175721,23580,29566,26726,33684,0.012786902569980454,0.02433006954351652,0.00395068954164686,0.02433006954351652,0.016737592111627314,0.012786902569980454,0.02828075908516338,0.014762247340803884,0.02630541431433995,0.04106766165514383,0.0,0.0,0.0,0.0
2024,target_lbw,0.1,158,246033,260191,351442,39429,49115,45246,56518,0.023643169818682835,0.039368702572419145,0.00644628972536207,0.039368702572419145,0.030089459544044905,0.023643169818682835,0.045814992297781215,0.02686631468136387,0.04259184743510018,0.06945816211646405,0.0,0.0,0.0,0.0
2024,target_lbw,0.05,159,246904,130095,175721,23725,29644,26856,33767,0.012681042024430544,0.02397288014774973,0.004017755888928498,0.02397288014774973,0.016698797913359043,0.012681042024430544,0.02799063603667823,0.014689919968894793,0.02598175809221398,0.040671678061108774,0.0,0.0,0.0,0.0
2024,target_lbw,0.1,159,246904,260191,351442,39496,49179,45405,56786,0.02393237857628877,0.03921767164565987,0.006877166834073134,0.03921767164565987,0.030809545410361905,0.02393237857628877,0.046094838479733,0.027370961993325338,0.042656255062696435,0.07002721705602177,0.0,0.0,0.0,0.0
2024,target_lbw,0.05,160,245943,130095,175721,23565,29359,26573,33507,0.012230476167242002,0.023558304159906965,0.004635220355936137,0.023558304159906965,0.01686569652317814,0.012230476167242002,0.028193524515843102,0.01454808634521007,0.025875914337875033,0.040424000683085104,0.0,0.0,0.0,0.0
2024,target_lbw,0.1,160,245943,260191,351442,39383,49101,45045,56408,0.02302159443448279,0.03951322054297135,0.006688541653960461,0.03951322054297135,0.02971013608844325,0.02302159443448279,0.04620176219693181,0.02636586526146302,0.04285749136995158,0.0692233566314146,0.0,0.0,0.0,0.0
2024,target_lbw,0.05,161,246990,130095,175721,23508,29607,26582,33561,0.012445848010040894,0.02469330742135309,0.003562897283290817,0.02469330742135309,0.01600874529333171,0.012445848010040894,0.028256204704643906,0.014227296651686303,0.026474756062998497,0.0407020527146848,0.0,0.0,0.0,0.0
2024,target_lbw,0.1,161,246990,260191,351442,39625,49517,45219,56691,0.02264869023037369,0.040050204461719086,0.006397020122272168,0.040050204461719086,0.02904571035264586,0.02264869023037369,0.04644722458399125,0.025847200291509775,0.04324871452285517,0.06909591481436494,0.0,0.0,0.0,0.0
2024,target_lbw,0.05,162,245407,130095,175721,23299,29229,26575,33608,0.013349252466311065,0.024163939903914716,0.004494574319395941,0.024163939903914716,0.017843826785707007,0.013349252466311065,0.028658514223310658,0.015596539626009036,0.026411227063612687,0.04200776668962172,0.0,0.0,0.0,0.0
2024,target_lbw,0.1,162,245407,260191,351442,39064,48780,45160,56417,0.024840367226688725,0.03959137269923024,0.006279364484305661,0.03959137269923024,0.031119731710994386,0.024840367226688725,0.0458707371835359,0.027980049468841556,0.04273105494138307,0.07071110441022463,0.0,0.0,0.0,0.0
2024,target_lbw,0.05,163,246384,130095,175721,23539,29495,26741,33707,0.012995973764530155,0.024173647639457105,0.004099292161828708,0.024173647639457105,0.017095265926358863,0.012995973764530155,0.028272939801285812,0.01504561984544451,0.02622329372037146,0.04126891356581597,0.0,0.0,0.0,0.0
2024,target_lbw,0.1,163,246384,260191,351442,39371,48994,45302,56533,0.024072180011689065,0.03905691928047275,0.006526397818040125,0.03905691928047275,0.03059857782972919,0.024072180011689065,0.04558331709851288,0.027335378920709127,0.042320118189492814,0.06965549711020194,0.0,0.0,0.0,0.0
2024,target_lbw,0.05,164,246859,130095,175721,23506,29311,26683,33887,0.01286969484604572,0.02351544808980026,0.005667202735164606,0.02351544808980026,0.018536897581210326,0.01286969484604572,0.029182650824964865,0.015703296213628024,0.026349049457382562,0.042052345671010585,0.0,0.0,0.0,0.0
2024,target_lbw,0.1,164,246859,260191,351442,39087,49031,45277,56535,0.025075042838219375,0.0402821043591686,0.005322876621877276,0.0402821043591686,0.03039791946009665,0.025075042838219375,0.04560498098104587,0.027736481149158013,0.042943542670107235,0.07068002381926525,0.0,0.0,0.0,0.0
2024,target_lbw,0.05,165,245987,130095,175721,23423,29294,26782,33738,0.01365519316061417,0.023867114928837696,0.004410802196864086,0.023867114928837696,0.018065995357478257,0.01365519316061417,0.028277917125701782,0.015860594259046214,0.02607251602726974,0.04193311028631595,0.0,0.0,0.0,0.0
2024,target_lbw,0.1,165,245987,260191,351442,39063,48897,45218,56414,0.025021647485436227,0.03997772239996422,0.005536877965095721,0.03997772239996422,0.030558525450531948,0.025021647485436227,0.04551460036505994,0.027790086467984088,0.04274616138251208,0.07053624785049617,0.0,0.0,0.0,0.0
2024,target_lbw,0.05,166,247485,130095,175721,23306,29106,26677,33430,0.013621027537022448,0.02343576378366366,0.003850738428591613,0.02343576378366366,0.01747176596561406,0.013621027537022448,0.027286502212255273,0.015546396751318255,0.025361132997959467,0.04090752974927772,0.0,0.0,0.0,0.0
2024,target_lbw,0.1,166,247485,260191,351442,39038,48839,45010,56384,0.02413075539931714,0.03960240014546337,0.006355940764086715,0.03960240014546337,0.030486696163403854,0.02413075539931714,0.04595834090955009,0.027308725781360496,0.04278037052750673,0.07008909630886723,0.0,0.0,0.0,0.0
2024,target_lbw,0.05,167,246518,130095,175721,23342,29226,26641,33522,0.013382389926901883,0.02386843962712662,0.004044329420164056,0.02386843962712662,0.01742671934706594,0.013382389926901883,0.027912769047290675,0.015404554636983911,0.025890604337208648,0.04129515897419256,0.0,0.0,0.0,0.0
2024,target_lbw,0.1,167,246518,260191,351442,39269,49064,45145,56468,0.02383598763579131,0.03973340689118038,0.006198330345045772,0.03973340689118038,0.030034317980837083,0.02383598763579131,0.04593173723622615,0.026935152808314197,0.042832572063703264,0.06976772487201746,0.0,0.0,0.0,0.0
2024,target_lbw,0.05,168,246093,130095,175721,23327,29238,26640,33553,0.013462390234586119,0.02401937478920571,0.004071631456400632,0.02401937478920571,0.01753402169098675,0.013462390234586119,0.028091006245606343,0.015498205962786435,0.026055190517406027,0.04155339648019246,0.0,0.0,0.0,0.0
2024,target_lbw,0.1,168,246093,260191,351442,38985,48688,45023,56196,0.024535439854038943,0.03942818365414702,0.005973351537833238,0.03942818365414702,0.03050879139187218,0.024535439854038943,0.04540153519198026,0.027522115622955562,0.04241485942306364,0.0699369750460192,0.0,0.0,0.0,0.0
2024,target_lbw,0.05,169,245506,130095,175721,23320,29087,26426,33401,0.012651421961174067,0.023490260930486423,0.004920450009368416,0.023490260930486423,0.017571871970542483,0.012651421961174067,0.02841071093985484,0.015111646965858275,0.02595048593517063,0.041062132901028905,0.0,0.0,0.0,0.0
2024,target_lbw,0.1,169,245506,260191,351442,39085,48663,44890,56316,0.02364504329833078,0.0390133031371942,0.007527310941484122,0.0390133031371942,0.031172354239814903,0.02364504329833078,0.04654061407867832,0.027408698769072842,0.04277695860793626,0.0701856573770091,0.0,0.0,0.0,0.0
2024,target_lbw,0.05,170,246262,130095,175721,23575,29482,26960,33786,0.013745523060805148,0.023986648366374014,0.003731797841323492,0.023986648366374014,0.01747732090212864,0.013745523060805148,0.027718446207697506,0.015611421981466894,0.02585254728703576,0.041463969268502654,0.0,0.0,0.0,0.0
2024,target_lbw,0.1,170,246262,260191,351442,39425,49108,45490,56890,0.024628241466405687,0.03931991131396642,0.006972249068065733,0.03931991131396642,0.03160049053447142,0.024628241466405687,0.046292160382032155,0.028114366000438554,0.04280603584799929,0.07092040184843784,0.0,0.0,0.0,0.0
2024,target_lbw,0.05,171,246682,130095,175721,23559,29385,26663,33724,0.01258300159719801,0.023617450807111987,0.005006445545276919,0.023617450807111987,0.01758944714247493,0.01258300159719801,0.028623896352388906,0.01508622436983647,0.026120673579750446,0.041206897949586915,0.0,0.0,0.0,0.0
2024,target_lbw,0.1,171,246682,260191,351442,39325,49108,45251,56641,0.02402283101320729,0.03965834556230288,0.0065144599119514035,0.03965834556230288,0.030537290925158694,0.02402283101320729,0.046172805474254286,0.027280060969182993,0.042915575518278584,0.07019563648746158,0.0,0.0,0.0,0.0
2024,target_lbw,0.05,172,245830,130095,175721,23554,29506,26815,33661,0.013265264613757474,0.02421185372005044,0.0036366594801285623,0.02421185372005044,0.016901924093886037,0.013265264613757474,0.027848513200179004,0.015083594353821755,0.026030183460114723,0.04111377781393648,0.0,0.0,0.0,0.0
2024,target_lbw,0.1,172,245830,260191,351442,39304,48956,45285,56500,0.024329821421307407,0.039262905259732334,0.00635805231257372,0.039262905259732334,0.030687873733881127,0.024329821421307407,0.04562095757230605,0.027508847577594267,0.042441931416019194,0.06995077899361346,0.0,0.0,0.0,0.0
2024,target_lbw,0.05,173,245179,130095,175721,23476,29287,26736,33722,0.013296407930532397,0.023701051068810958,0.004792416968826832,0.023701051068810958,0.01808882489935923,0.013296407930532397,0.02849346803763779,0.015692616414945813,0.026097259553224374,0.04178987596817019,0.0,0.0,0.0,0.0
2024,target_lbw,0.1,173,245179,260191,351442,39047,48680,45341,56613,0.02567104034195425,0.03928966183890137,0.006684911839921037,0.03928966183890137,0.032355952181875286,0.02567104034195425,0.045974573678822406,0.029013496261914767,0.04263211775886189,0.07164561402077665,0.0,0.0,0.0,0.0
2024,target_lbw,0.05,174,245876,130095,175721,23422,29339,26537,33582,0.01266898761977582,0.024064975841481068,0.004587678341928456,0.024064975841481068,0.017256665961704276,0.01266898761977582,0.028652654183409523,0.014962826790740048,0.026358815012445296,0.041321641803185344,0.0,0.0,0.0,0.0
2024,target_lbw,0.1,174,245876,260191,351442,39231,49027,45082,56395,0.023796547853389527,0.03984122077795313,0.0061697766353771555,0.03984122077795313,0.029966324488766682,0.023796547853389527,0.046010997413330285,0.026881436171078105,0.04292610909564171,0.06980754526671981,0.0,0.0,0.0,0.0
2024,target_lbw,0.05,175,245956,130095,175721,23261,29150,26565,33453,0.013433297012473769,0.023943306932947356,0.004061702093057312,0.023943306932947356,0.01749499910553108,0.013433297012473769,0.028005009026004668,0.015464148059002425,0.025974157979476012,0.04143830603847844,0.0,0.0,0.0,0.0
2024,target_lbw,0.1,175,245956,260191,351442,39148,48895,44920,56138,0.02346761209321993,0.03962903934036982,0.005980744523410686,0.03962903934036982,0.029448356616630617,0.02346761209321993,0.045609783863780506,0.026457984354925274,0.04261941160207516,0.06907739595700044,0.0,0.0,0.0,0.0
2024,target_lbw,0.05,176,246676,130095,175721,23513,29356,26813,33681,0.013377872188619896,0.02368694157518364,0.004155248179798593,0.02368694157518364,0.01753312036841849,0.013377872188619896,0.027842189754982233,0.015455496278519193,0.025764565665082936,0.04122006194360213,0.0,0.0,0.0,0.0
2024,target_lbw,0.1,176,246676,260191,351442,39251,48855,45159,56478,0.023950445118292807,0.03893366196954709,0.00695243963741915,0.03893366196954709,0.030902884755711957,0.023950445118292807,0.04588610160696624,0.027426664937002382,0.042409881788256665,0.06983654672525905,0.0,0.0,0.0,0.0
2024,target_lbw,0.05,177,245890,130095,175721,23355,29125,26672,33623,0.01348977184920086,0.023465777380129324,0.004802960673471884,0.023465777380129324,0.018292732522672744,0.01348977184920086,0.02826873805360121,0.015891252185936802,0.025867257716865266,0.04175850990280207,0.0,0.0,0.0,0.0
2024,target_lbw,0.1,177,245890,260191,351442,38964,48694,45128,56383,0.025068119891008184,0.039570539672211164,0.006201960226117353,0.039570539672211164,0.03127008011712554,0.025068119891008184,0.04577249989832852,0.02816910000406686,0.04267151978526984,0.0708406197893367,0.0,0.0,0.0,0.0
2024,target_lbw,0.05,178,246153,130095,175721,23754,29670,26924,33932,0.012878169268706857,0.024033832616299614,0.0044362652496618,0.024033832616299614,0.017314434518368657,0.012878169268706857,0.028470097865961413,0.015096301893537757,0.026251965241130513,0.04134826713466827,0.0,0.0,0.0,0.0
2024,target_lbw,0.1,178,246153,260191,351442,39434,49092,45581,56716,0.024972273342189627,0.039235759872924575,0.006000333126145091,0.039235759872924575,0.030972606468334718,0.024972273342189627,0.045236092999069666,0.027972439905262172,0.04223592643599712,0.07020836634125929,0.0,0.0,0.0,0.0
2024,target_lbw,0.05,179,245409,130095,175721,23515,29361,26526,33535,0.012269313676352547,0.023821457240769492,0.004739027501028878,0.023821457240769492,0.017008341177381425,0.012269313676352547,0.02856048474179837,0.014638827426866986,0.02619097099128393,0.04082979841815092,0.0,0.0,0.0,0.0
2024,target_lbw,0.1,179,245409,260191,351442,39141,48837,45117,56378,0.024351185164358274,0.03950955343936041,0.0063771092339726665,0.03950955343936041,0.03072829439833094,0.024351185164358274,0.04588666267333308,0.027539739781344608,0.042698108056346745,0.07023784783769135,0.0,0.0,0.0,0.0
2024,target_lbw,0.05,180,246569,130095,175721,23565,29452,26932,33806,0.013655406802963885,0.023875669690837056,0.004002936297750323,0.023875669690837056,0.017658343100714208,0.013655406802963885,0.02787860598858738,0.015656874951839046,0.025877137839712218,0.041534012791551264,0.0,0.0,0.0,0.0
2024,target_lbw,0.1,180,246569,260191,351442,39312,49038,45393,56706,0.024662467706808217,0.03944534795533908,0.006436332223434427,0.03944534795533908,0.031098799930242643,0.024662467706808217,0.045881680178773504,0.02788063381852543,0.04266351406705629,0.07054414788558172,0.0,0.0,0.0,0.0
2024,target_lbw,0.05,181,245673,130095,175721,23387,29216,26688,33576,0.013436559980136195,0.023726661049443765,0.004310608003321503,0.023726661049443765,0.0177471679834577,0.013436559980136195,0.028037269052765268,0.015591863981796947,0.025881965051104516,0.04147382903290146,0.0,0.0,0.0,0.0
2024,target_lbw,0.1,181,245673,260191,351442,39095,48871,45083,56407,0.024373862817647834,0.03979273261611979,0.006301058724401981,0.03979273261611979,0.030674921542049816,0.024373862817647834,0.04609379134052177,0.027524392179848825,0.04294326197832078,0.07046765415816961,0.0,0.0,0.0,0.0
2024,target_lbw,0.05,182,246398,130095,175721,23613,29364,26777,33705,0.012841013319913316,0.023340286852977704,0.004776824487211742,0.023340286852977704,0.01761783780712506,0.012841013319913316,0.028117111340189446,0.015229425563519187,0.025728699096583575,0.04095812466010276,0.0,0.0,0.0,0.0
2024,target_lbw,0.1,182,246398,260191,351442,39340,49065,45023,56357,0.023064310586936587,0.03946866451838085,0.006530085471472963,0.03946866451838085,0.02959439605840955,0.023064310586936587,0.045998749989853815,0.02632935332267307,0.042733707254117334,0.0690630605767904,0.0,0.0,0.0,0.0
2024,target_lbw,0.05,183,245984,130095,175721,23408,29437,26568,33406,0.012846363991153895,0.024509724209704695,0.0032888317939378103,0.024509724209704695,0.016135195785091705,0.012846363991153895,0.027798556003642505,0.0144907798881228,0.0261541401066736,0.0406449199947964,0.0,0.0,0.0,0.0
2024,target_lbw,0.1,183,245984,260191,351442,39239,48905,45088,56357,0.023777969298816176,0.03929523871471313,0.006516684011968282,0.03929523871471313,0.03029465331078446,0.023777969298816176,0.045811922726681414,0.027036311304800317,0.04255358072069727,0.06958989202549759,0.0,0.0,0.0,0.0
2024,target_lbw,0.05,184,246251,130095,175721,23368,29286,26713,33519,0.013583701182939362,0.02403238971618389,0.003606076726591967,0.02403238971618389,0.01718977790953133,0.013583701182939362,0.027638466442775858,0.015386739546235345,0.025835428079479875,0.04122216762571522,0.0,0.0,0.0,0.0
2024,target_lbw,0.1,184,246251,260191,351442,39155,48831,45253,56475,0.024763351214817403,0.03929324144876567,0.006278147093818909,0.03929324144876567,0.03104149830863631,0.024763351214817403,0.04557138854258458,0.027902424761726857,0.042432314995675124,0.07033473975740198,0.0,0.0,0.0,0.0
2024,target_lbw,0.05,185,245270,130095,175721,23352,29265,26524,33544,0.012932686427202675,0.024108125738981523,0.004513393403188334,0.024108125738981523,0.01744607983039101,0.012932686427202675,0.028621519142169857,0.015189383128796842,0.02636482244057569,0.04155420556937253,0.0,0.0,0.0,0.0
2024,target_lbw,0.1,185,245270,260191,351442,39132,48849,45144,56344,0.02451176254739676,0.0396175643168753,0.006046397847270318,0.0396175643168753,0.030558160394667078,0.02451176254739676,0.045663962164145616,0.02753496147103192,0.04264076324051046,0.07017572471154238,0.0,0.0,0.0,0.0
2024,target_lbw,0.05,186,246705,130095,175721,23622,29503,26843,33803,0.013056079122839015,0.02383818730872904,0.004373644636306531,0.02383818730872904,0.017429723759145546,0.013056079122839015,0.02821183194503557,0.01524290144099228,0.026025009626882305,0.041267911067874585,0.0,0.0,0.0,0.0
2024,target_lbw,0.1,186,246705,260191,351442,39280,49073,45330,56582,0.02452321598670476,0.03969518250542145,0.005913945805719384,0.03969518250542145,0.030437161792424144,0.02452321598670476,0.045609128311140834,0.027480188889564452,0.04265215540828114,0.0701323442978456,0.0,0.0,0.0,0.0
2024,target_lbw,0.05,187,246701,130095,175721,23779,29706,26811,33732,0.012290181231531291,0.024025034353326508,0.004029168912975611,0.024025034353326508,0.016319350144506903,0.012290181231531291,0.02805420326630212,0.014304765688019097,0.026039618809814313,0.04034438449783341,0.0,0.0,0.0,0.0
2024,target_lbw,0.1,187,246701,260191,351442,39684,49393,45439,56623,0.02332783409876732,0.03935533297392388,0.005978897531830063,0.03935533297392388,0.029306731630597382,0.02332783409876732,0.04533423050575394,0.02631728286468235,0.04234478173983891,0.06866206460452126,0.0,0.0,0.0,0.0
2024,target_lbw,0.05,188,245766,130095,175721,23238,28988,26581,33507,0.013602369733811848,0.023396238698599484,0.004785039427748342,0.023396238698599484,0.01838740916156019,0.013602369733811848,0.028181278126347825,0.01599488944768602,0.025788758412473654,0.04178364786015967,0.0,0.0,0.0,0.0
2024,target_lbw,0.1,188,245766,260191,351442,38945,48712,44831,56081,0.023949610605209837,0.03974105449899498,0.006034195128699654,0.03974105449899498,0.02998380573390949,0.023949610605209837,0.045775249627694636,0.026966708169559664,0.04275815206334481,0.06972486023290447,0.0,0.0,0.0,0.0
2024,target_lbw,0.05,189,246435,130095,175721,23758,29652,26974,33960,0.013050094345364915,0.023917057236188047,0.004431188751597787,0.023917057236188047,0.017481283096962702,0.013050094345364915,0.028348245987785833,0.015265688721163809,0.02613265161198694,0.04139834033315075,0.0,0.0,0.0,0.0
2024,target_lbw,0.1,189,246435,260191,351442,39673,49354,45513,56956,0.02369793251770244,0.03928419258628035,0.007149958406882151,0.03928419258628035,0.030847890924584592,0.02369793251770244,0.046434150993162504,0.027272911721143517,0.04285917178972143,0.07013208351086495,0.0,0.0,0.0,0.0
2024,target_lbw,0.05,190,245827,130095,175721,23457,29387,26748,33665,0.013387463541433609,0.024122655363324613,0.004015018692006975,0.024122655363324613,0.017402482233440583,0.013387463541433609,0.028137674055331588,0.015394972887437096,0.0261301647093281,0.041525137596765196,0.0,0.0,0.0,0.0
2024,target_lbw,0.1,190,245827,260191,351442,39099,48700,45195,56269,0.024797926997441294,0.03905592144068795,0.0059920187774329114,0.03905592144068795,0.030789945774874206,0.024797926997441294,0.04504794021812086,0.02779393638615775,0.04205193082940441,0.06984586721556216,0.0,0.0,0.0,0.0
2024,target_lbw,0.05,191,246200,130095,175721,23543,29444,26819,33714,0.013306255077173035,0.023968318440292444,0.004037367993501212,0.023968318440292444,0.017343623070674247,0.013306255077173035,0.028005686433793656,0.01532493907392364,0.02598700243704305,0.04131194151096669,0.0,0.0,0.0,0.0
2024,target_lbw,0.1,191,246200,260191,351442,39423,49102,45199,56678,0.023460601137286763,0.0393135662063363,0.0073111291632818876,0.0393135662063363,0.03077173030056865,0.023460601137286763,0.04662469536961819,0.027116165718927707,0.04296913078797725,0.07008529650690495,0.0,0.0,0.0,0.0
2024,target_lbw,0.05,192,245362,130095,175721,23428,29350,26627,33532,0.01303787872612712,0.024135766744646694,0.004006325347853348,0.024135766744646694,0.017044204073980468,0.01303787872612712,0.028142092092500043,0.015041041400053794,0.02613892941857337,0.04117997081862716,0.0,0.0,0.0,0.0
2024,target_lbw,0.1,192,245362,260191,351442,39047,48752,45161,56280,0.024918284004858127,0.039553802137250266,0.005762913572598838,0.039553802137250266,0.030681197577456965,0.024918284004858127,0.045316715709849104,0.027799740791157546,0.042435258923549685,0.07023499971470723,0.0,0.0,0.0,0.0
2024,target_lbw,0.05,193,245639,130095,175721,23249,29168,26658,33592,0.01387808939134258,0.024096336493797804,0.004132080003582478,0.024096336493797804,0.018010169394925057,0.01387808939134258,0.028228416497380282,0.01594412939313382,0.026162376495589043,0.04210650588872286,0.0,0.0,0.0,0.0
2024,target_lbw,0.1,193,245639,260191,351442,39089,48746,45082,56348,0.02439759158765506,0.039313789748370576,0.006550262784004168,0.039313789748370576,0.030947854371659228,0.02439759158765506,0.045864052532374744,0.027672722979657144,0.04258892114037266,0.0702616441200298,0.0,0.0,0.0,0.0
2024,target_lbw,0.05,194,245580,130095,175721,23538,29494,26636,33549,0.012615033797540517,0.02425278931509081,0.00389689714146102,0.02425278931509081,0.016511930939001537,0.012615033797540517,0.02814968645655183,0.014563482368271027,0.02620123788582132,0.04076472025409235,0.0,0.0,0.0,0.0
2024,target_lbw,0.1,194,245580,260191,351442,39398,49127,45126,56476,0.023324374949100085,0.03961641827510384,0.006600700382767333,0.03961641827510384,0.029925075331867418,0.023324374949100085,0.046217118657871176,0.02662472514048375,0.04291676846648751,0.06954149360697126,0.0,0.0,0.0,0.0
2024,target_lbw,0.05,195,245397,130095,175721,23244,29051,26492,33349,0.013235695627900917,0.02366369597020339,0.004278780914192107,0.02366369597020339,0.017514476542093024,0.013235695627900917,0.027942476884395495,0.015375086084996971,0.025803086427299442,0.04117817251229641,0.0,0.0,0.0,0.0
2024,target_lbw,0.1,195,245397,260191,351442,38867,48351,44903,56257,0.024596877712441456,0.038647579228759915,0.007620305056704052,0.038647579228759915,0.03221718276914551,0.024596877712441456,0.04626788428546397,0.028407030240793482,0.04245773175711194,0.07086476199790542,0.0,0.0,0.0,0.0
2024,target_lbw,0.05,196,245482,130095,175721,23487,29380,26733,33511,0.013222965431273978,0.02400583342159507,0.003605152312593188,0.02400583342159507,0.016828117743867166,0.013222965431273978,0.027610985734188256,0.015025541587570572,0.025808409577891663,0.040833951165462234,0.0,0.0,0.0,0.0
2024,target_lbw,0.1,196,245482,260191,351442,39221,48749,45095,56294,0.0239284346713812,0.03881343642303714,0.006807016400387805,0.03881343642303714,0.030735451071769004,0.0239284346713812,0.045620452823424945,0.0273319428715751,0.04221694462323104,0.06954888749480614,0.0,0.0,0.0,0.0
2024,target_lbw,0.05,197,245817,130095,175721,23593,29477,26824,33772,0.013143924138688534,0.02393650561189828,0.004328423176590712,0.02393650561189828,0.017472347315279246,0.013143924138688534,0.02826492878848899,0.01530813572698389,0.026100717200193635,0.041408852927177525,0.0,0.0,0.0,0.0
2024,target_lbw,0.1,197,245817,260191,351442,39457,49233,45387,56741,0.024123636689081712,0.03976942196837485,0.006419409560770806,0.03976942196837485,0.030543046249852518,0.024123636689081712,0.04618883152914566,0.027333341469467115,0.042979126748760255,0.07031246821822737,0.0,0.0,0.0,0.0
2024,target_lbw,0.05,198,246813,130095,175721,23588,29533,26711,33691,0.01265330432351619,0.024087061864650566,0.004193458205199882,0.024087061864650566,0.016846762528716072,0.01265330432351619,0.02828052006985045,0.014750033426116131,0.026183790967250507,0.04093382439336664,0.0,0.0,0.0,0.0
2024,target_lbw,0.1,198,246813,260191,351442,39288,48974,45368,56659,0.024634034674024446,0.03924428615996725,0.006502898955889708,0.03924428615996725,0.031136933629914154,0.024634034674024446,0.04574718511585696,0.0278854841519693,0.042495735637912105,0.0703812197898814,0.0,0.0,0.0,0.0
2024,target_lbw,0.05,199,245899,130095,175721,23391,29249,26680,33741,0.01337541022940314,0.023822789031268943,0.004892252510176928,0.023822789031268943,0.018267662739580068,0.01337541022940314,0.02871504154144587,0.015821536484491604,0.026268915286357407,0.04209045177084901,0.0,0.0,0.0,0.0
2024,target_lbw,0.1,199,245899,260191,351442,39224,49018,45248,56570,0.02449786294372891,0.03982936083513963,0.006213933362884783,0.03982936083513963,0.030711796306613692,0.02449786294372891,0.046043294198024415,0.0276048296251713,0.042936327516582024,0.07054115714175332,0.0,0.0,0.0,0.0
2024,target_lbw,0.05,200,246397,130095,175721,23538,29527,26977,33878,0.013957150452318823,0.02430630243063024,0.0037013437663607762,0.02430630243063024,0.0176584942186796,0.013957150452318823,0.028007646196991018,0.01580782233549921,0.02615697431381063,0.04196479664930984,0.0,0.0,0.0,0.0
2024,target_lbw,0.1,200,246397,260191,351442,39480,49226,45419,56829,0.024103377882035898,0.039554053012009066,0.006753328977219697,0.039554053012009066,0.030856706859255595,0.024103377882035898,0.04630738198922876,0.027480042370645746,0.042930717500618915,0.07041075987126466,0.0,0.0,0.0,0.0
2024,target_lbw,0.05,201,245793,130095,175721,23571,29399,26749,33724,0.01292957895464883,0.023711008857046384,0.004666528338886783,0.023711008857046384,0.017596107293535612,0.01292957895464883,0.028377537195933167,0.01526284312409222,0.026044273026489775,0.041307116150581996,0.0,0.0,0.0,0.0
2024,target_lbw,0.1,201,245793,260191,351442,39294,49074,45101,56327,0.02362557111065,0.0397895790360181,0.005882999109006387,0.0397895790360181,0.029508570219656388,0.02362557111065,0.045672578145024484,0.026567070665153195,0.04273107859052129,0.06929814925567448,0.0,0.0,0.0,0.0
2024,target_lbw,0.05,202,245725,130095,175721,23567,29478,26904,33838,0.01358022179265439,0.024055346423847795,0.00416319055855123,0.024055346423847795,0.01774341235120562,0.01358022179265439,0.028218536982399026,0.015661817071930005,0.02613694170312341,0.041798758775053416,0.0,0.0,0.0,0.0
2024,target_lbw,0.1,202,245725,260191,351442,39251,48893,45353,56453,0.024832638111710242,0.0392389866720928,0.005933462203682988,0.0392389866720928,0.03076610031539323,0.024832638111710242,0.04517244887577579,0.027799369213551736,0.042205717773934295,0.07000508698748603,0.0,0.0,0.0,0.0
2024,target_lbw,0.05,203,246093,130095,175721,23493,29361,26631,33438,0.012751276956272622,0.02384464409796297,0.0038156306762077707,0.02384464409796297,0.016566907632480393,0.012751276956272622,0.02766027477417074,0.014659092294376508,0.025752459436066855,0.04041155173044336,0.0,0.0,0.0,0.0
2024,target_lbw,0.1,203,246093,260191,351442,39316,48986,45023,56524,0.023190419881914587,0.039294088007379324,0.007440276643382759,0.039294088007379324,0.030630696525297346,0.023190419881914587,0.046734364650762084,0.026910558203605967,0.043014226329070704,0.06992478453267667,0.0,0.0,0.0,0.0
2024,target_lbw,0.05,204,246072,130095,175721,23656,29591,26676,33766,0.012272830716213143,0.024118957053220202,0.004693748171266943,0.024118957053220202,0.016966578887480085,0.012272830716213143,0.028812705224487145,0.014619704801846614,0.026465831138853674,0.04108553594070029,0.0,0.0,0.0,0.0
2024,target_lbw,0.1,204,246072,260191,351442,39484,49226,45300,56862,0.02363535875678663,0.03959003868786373,0.007396209239572155,0.03959003868786373,0.031031567996358783,0.02363535875678663,0.04698624792743589,0.027333463376572706,0.04328814330764981,0.07062160668422252,0.0,0.0,0.0,0.0
2024,target_lbw,0.05,205,246751,130095,175721,23455,29351,26446,33571,0.012121531422365064,0.023894533355487926,0.004980729561379682,0.023894533355487926,0.017102260983744746,0.012121531422365064,0.02887526291686761,0.014611896203054905,0.026384898136177767,0.04099679433923267,0.0,0.0,0.0,0.0
2024,target_lbw,0.1,205,246751,260191,351442,39363,49169,45085,56486,0.023189369040044427,0.039740467110568944,0.006464006224898788,0.039740467110568944,0.029653375264943216,0.023189369040044427,0.04620447333546773,0.02642137215249382,0.04297247022301834,0.06939384237551216,0.0,0.0,0.0,0.0
2024,target_lbw,0.05,206,245402,130095,175721,23464,29371,26674,33561,0.013080577990399425,0.024070708470183624,0.003993447486165563,0.024070708470183624,0.01707402547656499,0.013080577990399425,0.028064155956349188,0.015077301733482207,0.026067432213266406,0.04114473394674861,0.0,0.0,0.0,0.0
2024,target_lbw,0.1,206,245402,260191,351442,39201,48822,45120,56599,0.02411960782715708,0.039205059453468194,0.007571250438056731,0.039205059453468194,0.03169085826521381,0.02411960782715708,0.046776309891524925,0.027905233046185446,0.04299068467249656,0.070895917718682,0.0,0.0,0.0,0.0
2024,target_lbw,0.05,207,245884,130095,175721,23365,29230,26622,33567,0.013246083519057775,0.02385271103447155,0.004392315075401401,0.02385271103447155,0.017638398594459176,0.013246083519057775,0.02824502610987295,0.015442241056758475,0.02604886857217225,0.041491109628930725,0.0,0.0,0.0,0.0
2024,target_lbw,0.1,207,245884,260191,351442,39196,48843,45128,56575,0.02412519724748255,0.039233947715182765,0.007320525125668997,0.039233947715182765,0.03144572237315155,0.02412519724748255,0.04655447284085176,0.027785459810317048,0.042894210278017264,0.07067967008833431,0.0,0.0,0.0,0.0
2024,target_lbw,0.05,208,245888,130095,175721,23316,29294,26832,33631,0.014299193128578858,0.024311881832378965,0.0033389185320145814,0.024311881832378965,0.01763811166059344,0.014299193128578858,0.027650800364393546,0.01596865239458615,0.025981341098386256,0.041949993492972404,0.0,0.0,0.0,0.0
2024,target_lbw,0.1,208,245888,260191,351442,39172,49024,45168,56479,0.024385085892764197,0.04006702238417492,0.0059335957834460995,0.04006702238417492,0.030318681676210296,0.024385085892764197,0.04600061816762102,0.027351883784487246,0.04303382027589797,0.07038570406038522,0.0,0.0,0.0,0.0
2024,target_lbw,0.05,209,246078,130095,175721,23278,29283,26786,33650,0.014255642519851425,0.02440283162249368,0.0034907630913775245,0.02440283162249368,0.01774640561122895,0.014255642519851425,0.027893594713871206,0.016001024065540187,0.026148213168182444,0.04214923723372263,0.0,0.0,0.0,0.0
2024,target_lbw,0.1,209,246078,260191,351442,39243,48837,45233,56655,0.024341875340339242,0.038987638065979074,0.007428538918554273,0.038987638065979074,0.031770414258893515,0.024341875340339242,0.04641617698453335,0.028056144799616378,0.04270190752525621,0.07075805232487259,0.0,0.0,0.0,0.0
2024,target_lbw,0.05,210,246444,130095,175721,23499,29257,26611,33667,0.012627615198584671,0.02336433429095454,0.00526691662203177,0.02336433429095454,0.01789453182061644,0.012627615198584671,0.02863125091298631,0.015261073509600556,0.025997792601970424,0.04125886611157098,0.0,0.0,0.0,0.0
2024,target_lbw,0.1,210,246444,260191,351442,39116,48824,45123,56467,0.024374705815519954,0.03939231630715295,0.006638424956582428,0.03939231630715295,0.031013130772102382,0.024374705815519954,0.04603074126373538,0.027693918293811168,0.04271152878544417,0.07040544707925533,0.0,0.0,0.0,0.0
2024,target_lbw,0.05,211,246256,130095,175721,23557,29452,26687,33583,0.012710350204665058,0.023938503021246185,0.004064875576635707,0.023938503021246185,0.016775225781300765,0.012710350204665058,0.028003378597881892,0.014742787992982911,0.02597094080956404,0.04071372880254695,0.0,0.0,0.0,0.0
2024,target_lbw,0.1,211,246256,260191,351442,39278,49010,45190,56337,0.024007536872198032,0.039519849262556056,0.005746052888051439,0.039519849262556056,0.02975358976024947,0.024007536872198032,0.045265902150607495,0.02688056331622375,0.042392875706581776,0.06927343902280553,0.0,0.0,0.0,0.0
2024,target_lbw,0.05,212,245988,130095,175721,23384,29150,26502,33468,0.012675415060897283,0.02344016781306406,0.004878286745694904,0.02344016781306406,0.017553701806592187,0.012675415060897283,0.028318454558758963,0.015114558433744735,0.02587931118591151,0.040993869619656245,0.0,0.0,0.0,0.0
2024,target_lbw,0.1,212,245988,260191,351442,39207,48814,45047,56477,0.023740995495715234,0.039054750638242514,0.007410930614501515,0.039054750638242514,0.03115192611021675,0.023740995495715234,0.04646568125274403,0.02744646080296599,0.04276021594549327,0.07020667674845926,0.0,0.0,0.0,0.0
2024,target_lbw,0.05,213,245407,130095,175721,23467,29327,26687,33664,0.013121060116459596,0.023878699466600387,0.004551622406858802,0.023878699466600387,0.017672682523318398,0.013121060116459596,0.02843032187345919,0.015396871319888997,0.026154510670029787,0.041551381989918784,0.0,0.0,0.0,0.0
2024,target_lbw,0.1,213,245407,260191,351442,39124,48874,45221,56459,0.02484444209007891,0.039729918054497215,0.006063396724624831,0.039729918054497215,0.030907838814703742,0.02484444209007891,0.045793314779122046,0.027876140452391326,0.04276161641680963,0.07063775686920096,0.0,0.0,0.0,0.0
2024,target_lbw,0.05,214,245124,130095,175721,23405,29301,26607,33505,0.0130627763907247,0.024053132292227608,0.004087727027953195,0.024053132292227608,0.017150503418677895,0.0130627763907247,0.028140859320180803,0.015106639904701298,0.026096995806204205,0.041203635710905503,0.0,0.0,0.0,0.0
2024,target_lbw,0.1,214,245124,260191,351442,39038,48727,44904,56096,0.023930745255462516,0.039526933307224094,0.006131590541929827,0.039526933307224094,0.030062335797392342,0.023930745255462516,0.04565852384915392,0.02699654052642743,0.04259272857818901,0.06958926910461644,0.0,0.0,0.0,0.0
2024,target_lbw,0.05,215,245339,130095,175721,23316,29221,26578,33475,0.013295888546052598,0.02406873754274698,0.0040433848674691075,0.02406873754274698,0.017339273413521705,0.013295888546052598,0.028112122410216087,0.015317580979787151,0.026090429976481533,0.041408010956268684,0.0,0.0,0.0,0.0
2024,target_lbw,0.1,215,245339,260191,351442,38983,48626,44971,56078,0.024407044945972706,0.039304798666335156,0.005967253473764866,0.039304798666335156,0.030374298419737572,0.024407044945972706,0.04527205214010002,0.02739067168285514,0.04228842540321759,0.06967909708607273,0.0,0.0,0.0,0.0
2024,target_lbw,0.05,216,245998,130095,175721,23078,29101,26579,33342,0.01423182302295141,0.024483938893812146,0.003008154537841784,0.024483938893812146,0.017239977560793193,0.01423182302295141,0.02749209343165393,0.0157359002918723,0.025988016162733038,0.04172391645460534,0.0,0.0,0.0,0.0
2024,target_lbw,0.1,216,245998,260191,351442,38907,48495,44996,56202,0.024752233757998038,0.03897592663354987,0.006577289246254031,0.03897592663354987,0.03132952300425207,0.024752233757998038,0.045553215879803904,0.028040878381125053,0.04226457125667689,0.07030544963780194,0.0,0.0,0.0,0.0
2024,target_lbw,0.05,217,246250,130095,175721,23632,29516,26730,33783,0.012580710659898478,0.02389441624365482,0.004747208121827398,0.02389441624365482,0.017327918781725876,0.012580710659898478,0.02864162436548222,0.014954314720812177,0.02626802030456852,0.041222335025380696,0.0,0.0,0.0,0.0
2024,target_lbw,0.1,217,246250,260191,351442,39396,49116,45376,56643,0.024284263959390873,0.03947208121827411,0.006282233502538065,0.03947208121827411,0.030566497461928938,0.024284263959390873,0.04575431472081218,0.027425380710659905,0.042613197969543146,0.07003857868020305,0.0,0.0,0.0,0.0
2024,target_lbw,0.05,218,245603,130095,175721,23256,29148,26523,33420,0.013301954780682648,0.0239899349763643,0.004091969560632389,0.0239899349763643,0.017393924341315037,0.013301954780682648,0.028081904536996688,0.015347939560998843,0.026035919756680494,0.041383859317679336,0.0,0.0,0.0,0.0
2024,target_lbw,0.1,218,245603,260191,351442,38959,48584,44970,56155,0.024474456745235185,0.03918926071749937,0.006351713944862253,0.03918926071749937,0.030826170690097437,0.024474456745235185,0.04554097466236162,0.02765031371766631,0.042365117689930495,0.0700154314075968,0.0,0.0,0.0,0.0
2024,target_lbw,0.05,219,246109,130095,175721,23281,29079,26608,33510,0.013518400383569884,0.023558667094661312,0.00448581725983202,0.023558667094661312,0.018004217643401904,0.013518400383569884,0.028044484354493332,0.015761309013485894,0.025801575724577322,0.041562884738063216,0.0,0.0,0.0,0.0
2024,target_lbw,0.1,219,246109,260191,351442,38952,48564,44974,56283,0.024468832915496785,0.03905586549049403,0.006895318740883116,0.03905586549049403,0.0313641516563799,0.024468832915496785,0.045951184231377146,0.027916492285938344,0.04250352486093559,0.07042001714687393,0.0,0.0,0.0,0.0
2024,target_lbw,0.05,220,245670,130095,175721,23526,29402,26744,33756,0.0130988724712012,0.023918264338340045,0.004624089225383654,0.023918264338340045,0.017722961696584855,0.0130988724712012,0.0285423535637237,0.015410917083893028,0.026230308951031872,0.0416412260349249,0.0,0.0,0.0,0.0
2024,target_lbw,0.1,220,245670,260191,351442,39300,49039,45205,56457,0.024036308869621853,0.03964261000529165,0.006158668132047046,0.03964261000529165,0.0301949770016689,0.024036308869621853,0.0458012781373387,0.027115642935645376,0.042721944071315174,0.06983758700696055,0.0,0.0,0.0,0.0
2024,target_lbw,0.05,221,246160,130095,175721,23308,29219,26519,33564,0.013044361390965223,0.024012837179070518,0.00460675983100424,0.024012837179070518,0.017651121221969462,0.013044361390965223,0.028619597010074757,0.015347741306467343,0.026316217094572637,0.04166395840103998,0.0,0.0,0.0,0.0
2024,target_lbw,0.1,221,246160,260191,351442,39026,48884,45067,56204,0.024540948976275595,0.04004712382190445,0.005195807604809866,0.04004712382190445,0.02973675658108546,0.024540948976275595,0.04524293142671432,0.027138852778680528,0.042645027624309384,0.06978388040298991,0.0,0.0,0.0,0.0
2024,target_lbw,0.05,222,246630,130095,175721,23582,29540,26703,33793,0.012654583789482227,0.024157645055346066,0.0045898714673802965,0.024157645055346066,0.017244455256862523,0.012654583789482227,0.028747516522726363,0.014949519523172375,0.026452580789036215,0.04140210031220859,0.0,0.0,0.0,0.0
2024,target_lbw,0.1,222,246630,260191,351442,39548,49204,45530,56856,0.024254956817905376,0.03915176580302479,0.006771276811417898,0.03915176580302479,0.031026233629323274,0.024254956817905376,0.04592304261444269,0.027640595223614325,0.04253740420873374,0.07017799943234806,0.0,0.0,0.0,0.0
2024,target_lbw,0.05,223,245978,130095,175721,23513,29469,26603,33526,0.012562099049508502,0.024213547553033204,0.003931245883778203,0.024213547553033204,0.016493344933286705,0.012562099049508502,0.028144793436811408,0.014527721991397603,0.026179170494922306,0.04070689248631991,0.0,0.0,0.0,0.0
2024,target_lbw,0.1,223,245978,260191,351442,39264,48982,45220,56480,0.024213547553033204,0.03950759824049305,0.006268853312084821,0.03950759824049305,0.030482400865118026,0.024213547553033204,0.04577645155257787,0.027347974209075615,0.04264202489653546,0.06998999910561107,0.0,0.0,0.0,0.0
2024,target_lbw,0.05,224,245989,130095,175721,23404,29298,26465,33426,0.012443645854082905,0.02396042099443471,0.004337592331364423,0.02396042099443471,0.016781238185447328,0.012443645854082905,0.028298013325799135,0.014612442019765116,0.026129217160116923,0.04074165917988204,0.0,0.0,0.0,0.0
2024,target_lbw,0.1,224,245989,260191,351442,39113,48788,44988,56275,0.023883181768290462,0.039331026997142166,0.0065531385549760235,0.039331026997142166,0.030436320323266486,0.023883181768290462,0.04588416555211819,0.027159751045778474,0.04260759627463018,0.06976734732040865,0.0,0.0,0.0,0.0
2024,target_lbw,0.05,225,245358,130095,175721,23435,29236,26761,33716,0.013555702279933815,0.0236430032849958,0.004703331458521823,0.0236430032849958,0.018259033738455638,0.013555702279933815,0.028346334743517623,0.015907368009194726,0.025994669014256712,0.04190203702345144,0.0,0.0,0.0,0.0
2024,target_lbw,0.1,225,245358,260191,351442,39069,48764,45202,56483,0.024996128106684917,0.039513690199626667,0.0064640239975872205,0.039513690199626667,0.03146015210427214,0.024996128106684917,0.04597771419721389,0.028228140105478527,0.04274570219842028,0.0709738423038988,0.0,0.0,0.0,0.0
2024,target_lbw,0.05,226,246780,130095,175721,23599,29572,26854,33909,0.013189885728178946,0.024203744225626073,0.00438447199935163,0.024203744225626073,0.017574357727530576,0.013189885728178946,0.028588216224977703,0.015382121727854761,0.026395980225301888,0.04177810195315665,0.0,0.0,0.0,0.0
2024,target_lbw,0.1,226,246780,260191,351442,39584,49424,45647,57052,0.024568441526866047,0.03987357160223681,0.006341680849339476,0.03987357160223681,0.030910122376205523,0.024568441526866047,0.04621525245157629,0.027739281951535785,0.04304441202690655,0.07078369397844234,0.0,0.0,0.0,0.0
2024,target_lbw,0.05,227,247183,130095,175721,23280,29163,26630,33575,0.013552711958346647,0.02380018043312039,0.0042964119700788644,0.02380018043312039,0.01784912392842551,0.013552711958346647,0.028096592403199255,0.01570091794338608,0.025948386418159823,0.0416493043615459,0.0,0.0,0.0,0.0
2024,target_lbw,0.1,227,247183,260191,351442,39118,49005,45301,56551,0.025013856130882778,0.03999870541258904,0.005514133253500447,0.03999870541258904,0.030527989384383225,0.025013856130882778,0.04551283866608949,0.027770922757633,0.042755772039339265,0.07052669479697227,0.0,0.0,0.0,0.0
2024,target_lbw,0.05,228,244958,130095,175721,23319,29179,26651,33583,0.013602331828313427,0.023922468341511613,0.004376260420153655,0.023922468341511613,0.017978592248467082,0.013602331828313427,0.028298728761665268,0.015790462038390254,0.02611059855158844,0.041901060589978695,0.0,0.0,0.0,0.0
2024,target_lbw,0.1,228,244958,260191,351442,38973,48725,45136,56424,0.025159415083402054,0.039810906359457526,0.00627046269156345,0.039810906359457526,0.0314298777749655,0.025159415083402054,0.046081369051020976,0.02829464642918378,0.04294613770523925,0.07124078413442303,0.0,0.0,0.0,0.0
2024,target_lbw,0.05,229,246273,130095,175721,23309,29226,26591,33514,0.013326674056839363,0.024026182326117765,0.004084897654229244,0.024026182326117765,0.017411571711068607,0.013326674056839363,0.02811107998034701,0.015369122883953985,0.026068631153232387,0.04143775403718637,0.0,0.0,0.0,0.0
2024,target_lbw,0.1,229,246273,260191,351442,39121,48946,45119,56418,0.024355085616368816,0.03989475094711967,0.0059852277756798355,0.03989475094711967,0.03034031339204865,0.024355085616368816,0.0458799787227995,0.027347699504208733,0.042887364834959585,0.07023506433916832,0.0,0.0,0.0,0.0
2024,target_lbw,0.05,230,245212,130095,175721,23279,29181,26633,33400,0.013677960295580965,0.024068968892223874,0.0035275598257834134,0.024068968892223874,0.01720552012136438,0.013677960295580965,0.027596528718007288,0.015441740208472672,0.02583274880511558,0.04127448901358825,0.0,0.0,0.0,0.0
2024,target_lbw,0.1,230,245212,260191,351442,39091,48701,44852,56162,0.02349395625010195,0.0391905779488769,0.0069327765362217075,0.0391905779488769,0.030426732786323657,0.02349395625010195,0.046123354485098605,0.026960344518212803,0.04265696621698775,0.06961731073520055,0.0,0.0,0.0,0.0
2024,target_lbw,0.05,231,247073,130095,175721,23470,29401,26801,33795,0.013481845446487478,0.024005051138732275,0.0043023721734062464,0.024005051138732275,0.017784217619893725,0.013481845446487478,0.02830742331213852,0.0156330315331906,0.0261562372254354,0.041789268758626,0.0,0.0,0.0,0.0
2024,target_lbw,0.1,231,247073,260191,351442,39304,48919,45448,56911,0.024867144528135404,0.03891562412728222,0.007479570815103226,0.03891562412728222,0.03234671534323863,0.024867144528135404,0.04639519494238545,0.028606929935687017,0.042655409534833835,0.07126233947052085,0.0,0.0,0.0,0.0
2024,target_lbw,0.05,232,245903,130095,175721,23525,29442,26724,33654,0.013009194682456093,0.024062333521754506,0.0041195105387083625,0.024062333521754506,0.017128705221164456,0.013009194682456093,0.02818184406046287,0.015068949951810275,0.026122088791108687,0.04119103874291896,0.0,0.0,0.0,0.0
2024,target_lbw,0.1,232,245903,260191,351442,39217,48909,45404,56697,0.025160327446188124,0.03941391524300231,0.006510697307474916,0.03941391524300231,0.03167102475366304,0.025160327446188124,0.04592461255047722,0.028415676099925583,0.042669263896739765,0.07108493999666535,0.0,0.0,0.0,0.0
2024,target_lbw,0.05,233,246101,130095,175721,23469,29495,26772,33727,0.01342131888939907,0.024485881812751686,0.0037748729180295676,0.024485881812751686,0.017196191807428637,0.01342131888939907,0.028260754730781254,0.015308755348413854,0.02637331827176647,0.041682073620180324,0.0,0.0,0.0,0.0
2024,target_lbw,0.1,233,246101,260191,351442,39232,49022,45435,56635,0.025205098719631364,0.03978041535792215,0.005729355020906046,0.03978041535792215,0.03093445374053741,0.025205098719631364,0.045509770378828196,0.028069776230084387,0.04264509286837517,0.07071486909845956,0.0,0.0,0.0,0.0
2024,target_lbw,0.05,234,246059,130095,175721,23697,29584,26815,33879,0.012671757586595084,0.023925156161733574,0.004783405605972554,0.023925156161733574,0.017455163192567638,0.012671757586595084,0.02870856176770613,0.015063460389581361,0.02631685896471985,0.04138031935430121,0.0,0.0,0.0,0.0
2024,target_lbw,0.1,234,246059,260191,351442,39461,49130,45367,56509,0.024002373414506256,0.03929545352943806,0.005986369122852664,0.03929545352943806,0.02998874253735892,0.024002373414506256,0.04528182265229072,0.026995557975932588,0.04228863809086439,0.06928419606679698,0.0,0.0,0.0,0.0
2024,target_lbw,0.05,235,246198,130095,175721,23459,29286,26674,33604,0.013058595114501331,0.023667942062892466,0.004480133875986003,0.023667942062892466,0.017538728990487334,0.013058595114501331,0.02814807593887847,0.015298662052494333,0.025908009000885468,0.0412066710533798,0.0,0.0,0.0,0.0
2024,target_lbw,0.1,235,246198,260191,351442,39208,48825,45230,56542,0.02445998748974404,0.03906205574375096,0.006884702556478911,0.03906205574375096,0.03134469004622295,0.02445998748974404,0.04594675830022987,0.027902338767983495,0.04250440702199042,0.07040674578997391,0.0,0.0,0.0,0.0
2024,target_lbw,0.05,236,245581,130095,175721,23514,29426,26645,33675,0.01274935764574621,0.024073523603210342,0.004552469449998167,0.024073523603210342,0.017301827095744376,0.01274935764574621,0.02862599305320851,0.015025592370745293,0.026349758328209426,0.04137535069895472,0.0,0.0,0.0,0.0
2024,target_lbw,0.1,236,245581,260191,351442,39330,49036,45119,56546,0.02357267052418549,0.039522601504188015,0.0070078711300956,0.039522601504188015,0.03058054165428109,0.02357267052418549,0.046530472634283615,0.02707660608923329,0.043026537069235815,0.0701031431584691,0.0,0.0,0.0,0.0
2024,target_lbw,0.05,237,245754,130095,175721,23680,29455,26873,33843,0.012992667464212182,0.023499108864962523,0.004862586163399185,0.023499108864962523,0.017855253627611367,0.012992667464212182,0.028361695028361708,0.015423960545911775,0.025930401946662116,0.04135436249257389,0.0,0.0,0.0,0.0
2024,target_lbw,0.1,237,245754,260191,351442,39447,49139,45207,56556,0.023438072218560035,0.03943781179553538,0.006742514872596167,0.03943781179553538,0.030180587091156202,0.023438072218560035,0.046180326668131544,0.02680932965485812,0.04280906923183346,0.06961839888669158,0.0,0.0,0.0,0.0
2024,target_lbw,0.05,238,246009,130095,175721,23264,29111,26404,33422,0.01276376067542244,0.023767423143055744,0.0047599884557068955,0.023767423143055744,0.017523749131129335,0.01276376067542244,0.02852741159876264,0.015143754903275887,0.02614741737090919,0.04129117227418508,0.0,0.0,0.0,0.0
2024,target_lbw,0.1,238,246009,260191,351442,39104,48914,44852,56245,0.02336499884150578,0.039876589880858015,0.006434723932864261,0.039876589880858015,0.02979972277437004,0.02336499884150578,0.04631131381372228,0.02658236080793791,0.043093951847290146,0.06967631265522806,0.0,0.0,0.0,0.0
2024,target_lbw,0.05,239,245830,130095,175721,23528,29367,26765,33745,0.013167636171337926,0.023752186470325024,0.004641418866696487,0.023752186470325024,0.017809055038034413,0.013167636171337926,0.02839360533702151,0.01548834560468617,0.026072895903673267,0.04156124150835944,0.0,0.0,0.0,0.0
2024,target_lbw,0.1,239,245830,260191,351442,39083,48807,45131,56200,0.02460236748972866,0.03955579058699099,0.005471260627262775,0.03955579058699099,0.030073628116991435,0.02460236748972866,0.045027051214253766,0.027337997803360048,0.04229142090062238,0.06962941870398243,0.0,0.0,0.0,0.0
2024,target_lbw,0.05,240,246169,130095,175721,23508,29372,26907,33859,0.013807587470396357,0.023821033517624074,0.004419727910500493,0.023821033517624074,0.01822731538089685,0.013807587470396357,0.028240761428124567,0.016017451425646603,0.02603089747287432,0.042048348898520924,0.0,0.0,0.0,0.0
2024,target_lbw,0.1,240,246169,260191,351442,39171,48744,45365,56523,0.02516157599047808,0.038887918462519655,0.00643866611961702,0.038887918462519655,0.0316002421100951,0.02516157599047808,0.045326584582136675,0.02838090905028659,0.042107251522328165,0.07048816057261476,0.0,0.0,0.0,0.0
2024,target_lbw,0.05,241,246345,130095,175721,23792,29678,26970,33956,0.0129006068724756,0.023893320343420815,0.0044652824291136345,0.023893320343420815,0.017365889301589235,0.0129006068724756,0.02835860277253445,0.015133248087032418,0.026125961557977632,0.04125920964501005,0.0,0.0,0.0,0.0
2024,target_lbw,0.1,241,246345,260191,351442,39577,49327,45415,56783,0.02369847165560493,0.039578639712598174,0.006568024518459892,0.039578639712598174,0.030266496174064822,0.02369847165560493,0.046146664231058065,0.026982483914834876,0.04286265197182812,0.069845135886663,0.0,0.0,0.0,0.0
2024,target_lbw,0.05,242,246557,130095,175721,23537,29400,26697,33699,0.012816508961416631,0.023779491152147378,0.0046196214262827495,0.023779491152147378,0.01743613038769938,0.012816508961416631,0.028399112578430127,0.015126319674558006,0.026089301865288753,0.04121562153984676,0.0,0.0,0.0,0.0
2024,target_lbw,0.1,242,246557,260191,351442,39285,48961,45222,56537,0.02407962458985144,0.03924447490843902,0.006647550059418306,0.03924447490843902,0.030727174649269745,0.02407962458985144,0.045892024967857326,0.027403399619560592,0.04256824993814817,0.06997164955770876,0.0,0.0,0.0,0.0
2024,target_lbw,0.05,243,246596,130095,175721,23489,29440,26752,33678,0.013232169216045683,0.024132589336404484,0.0039538354231212075,0.024132589336404484,0.01718600463916689,0.013232169216045683,0.02808642475952569,0.015209086927606287,0.026109507047965087,0.041318593975571374,0.0,0.0,0.0,0.0
2024,target_lbw,0.1,243,246596,260191,351442,39325,49064,45262,56564,0.024075816314944293,0.039493746857207745,0.006338302324449707,0.039493746857207745,0.030414118639394,0.024075816314944293,0.04583204918165745,0.027244967477169146,0.0426628980194326,0.06990786549660175,0.0,0.0,0.0,0.0
2024,target_lbw,0.05,244,245923,130095,175721,23422,29329,26647,33577,0.013113860842621478,0.02401971348755505,0.004159838648682704,0.02401971348755505,0.01727369949130418,0.013113860842621478,0.028179552136237754,0.01519378016696283,0.026099632811896402,0.04129341297885923,0.0,0.0,0.0,0.0
2024,target_lbw,0.1,244,245923,260191,351442,39000,48666,45138,56381,0.024959031892096306,0.03930498570690824,0.006412576294205913,0.03930498570690824,0.03137160818630222,0.024959031892096306,0.045717562001114154,0.028165320039199263,0.0425112738540112,0.07067659389321046,0.0,0.0,0.0,0.0
2024,target_lbw,0.05,245,246771,130095,175721,23224,29068,26594,33511,0.01365638588002642,0.023681875098775798,0.004348160845480217,0.023681875098775798,0.018004546725506637,0.01365638588002642,0.028030035944256015,0.01583046630276653,0.025855955521515907,0.041686421824282435,0.0,0.0,0.0,0.0
2024,target_lbw,0.1,245,246771,260191,351442,38946,48631,44993,56304,0.024504500123596368,0.039246913129986905,0.0065891048786121675,0.039246913129986905,0.031093605002208535,0.024504500123596368,0.04583601800859907,0.02779905256290245,0.04254146556929299,0.07034051813219544,0.0,0.0,0.0,0.0
2024,target_lbw,0.05,246,246143,130095,175721,23774,29721,26843,33829,0.012468361887195661,0.02416075208313867,0.004221123493253903,0.02416075208313867,0.016689485380449565,0.012468361887195661,0.028381875576392573,0.014578923633822613,0.026271313829765622,0.040850237463588235,0.0,0.0,0.0,0.0
2024,target_lbw,0.1,246,246143,260191,351442,39601,49434,45537,56875,0.02411606261400895,0.03994832272297,0.006114331912749876,0.03994832272297,0.030230394526758825,0.02411606261400895,0.046062654635719874,0.027173228570383887,0.043005488679344936,0.07017871724972882,0.0,0.0,0.0,0.0
2024,target_lbw,0.05,247,246401,130095,175721,23562,29447,26780,33648,0.013060011931769769,0.023883831640293673,0.003989431861071979,0.023883831640293673,0.017049443792841748,0.013060011931769769,0.027873263501365653,0.015054727862305758,0.025878547570829663,0.04093327543313542,0.0,0.0,0.0,0.0
2024,target_lbw,0.1,247,246401,260191,351442,39296,49028,45220,56567,0.02404211021870853,0.039496592952138976,0.006554356516410259,0.039496592952138976,0.030596466735118788,0.02404211021870853,0.046050949468549235,0.02731928847691366,0.042773771210344105,0.07009305968725776,0.0,0.0,0.0,0.0
2024,target_lbw,0.05,248,246370,130095,175721,23337,29135,26456,33513,0.012659820595039978,0.023533709461379226,0.005110200105532314,0.023533709461379226,0.017770020700572292,0.012659820595039978,0.02864390956691154,0.015214920647806135,0.026088809514145384,0.04130373016195152,0.0,0.0,0.0,0.0
2024,target_lbw,0.1,248,246370,260191,351442,39031,48730,44933,56350,0.02395583877907212,0.039367617810610045,0.006973251613426962,0.039367617810610045,0.03092909039249908,0.02395583877907212,0.04634086942403701,0.0274424645857856,0.042854243617323526,0.07029670820310913,0.0,0.0,0.0,0.0
2024,target_lbw,0.05,249,245905,130095,175721,23316,29156,26734,33669,0.01389967670441837,0.023749008763546894,0.004452939143165052,0.023749008763546894,0.018352615847583423,0.01389967670441837,0.028201947906711947,0.016126146276000897,0.02597547833512942,0.04210162461113032,0.0,0.0,0.0,0.0
2024,target_lbw,0.1,249,245905,260191,351442,38993,48832,45187,56419,0.025188589089282426,0.04001138651105102,0.005664789247880275,0.04001138651105102,0.0308533783371627,0.025188589089282426,0.04567617575893129,0.028020983713222564,0.042843781134991155,0.07086476484821372,0.0,0.0,0.0,0.0
2024,target_lbw,0.05,250,246041,130095,175721,23340,29158,26572,33441,0.013136022045106305,0.023646465426493957,0.004271645782613451,0.023646465426493957,0.017407667827719756,0.013136022045106305,0.027918111209107407,0.01527184493641303,0.025782288317800682,0.04105413325421371,0.0,0.0,0.0,0.0
2024,target_lbw,0.1,250,246041,260191,351442,39186,49055,44895,56355,0.023203449831532136,0.04011120097869866,0.006466401941139899,0.04011120097869866,0.029669851772672035,0.023203449831532136,0.04657760291983856,0.026436650802102085,0.04334440194926861,0.0697810527513707,0.0,0.0,0.0,0.0
2024,target_lbw,0.05,251,245694,130095,175721,23560,29380,26788,33696,0.013138293975432855,0.02368800214901462,0.004428272566688651,0.02368800214901462,0.017566566542121506,0.013138293975432855,0.02811627471570327,0.01535243025877718,0.025902138432358945,0.041254568691136126,0.0,0.0,0.0,0.0
2024,target_lbw,0.1,251,245694,260191,351442,39269,49034,45116,56361,0.023797894942489434,0.03974456030672299,0.006023753123804404,0.03974456030672299,0.029821648066293838,0.023797894942489434,0.045768313430527396,0.026809771504391636,0.042756436868625194,0.06956620837301683,0.0,0.0,0.0,0.0
2024,target_lbw,0.05,252,245607,130095,175721,23456,29250,26649,33568,0.013000443798425937,0.023590532843119294,0.004580488341130354,0.023590532843119294,0.01758093213955629,0.013000443798425937,0.028171021184249648,0.015290687968991114,0.02588077701368447,0.041171464982675585,0.0,0.0,0.0,0.0
2024,target_lbw,0.1,252,245607,260191,351442,38991,48710,45120,56242,0.024954500482478104,0.03957134772217405,0.005712377904538546,0.03957134772217405,0.03066687838701665,0.024954500482478104,0.045283725626712595,0.027810689434747377,0.04242753667444332,0.0702382261091907,0.0,0.0,0.0,0.0
2024,target_lbw,0.05,253,246090,130095,175721,23433,29287,26710,33526,0.01331626640659922,0.023788045024178153,0.0039091389329107135,0.023788045024178153,0.017225405339509933,0.01331626640659922,0.027697183957088867,0.015270835873054577,0.02574261449063351,0.041013450363688086,0.0,0.0,0.0,0.0
2024,target_lbw,0.1,253,246090,260191,351442,38974,48767,45070,56294,0.024771425088382287,0.039794384168393676,0.005814945751554307,0.039794384168393676,0.030586370839936594,0.024771425088382287,0.04560932991994798,0.02767889796415944,0.04270185704417083,0.07038075500833027,0.0,0.0,0.0,0.0
2024,target_lbw,0.05,254,245792,130095,175721,23581,29342,26768,33804,0.012966247884390061,0.023438517120166646,0.005187312849889325,0.023438517120166646,0.018153560734279386,0.012966247884390061,0.02862582997005597,0.015559904309334724,0.02603217354511131,0.04159207785444603,0.0,0.0,0.0,0.0
2024,target_lbw,0.1,254,245792,260191,351442,39312,49115,45200,56539,0.023955214164822297,0.0398833159744825,0.006249186303866672,0.0398833159744825,0.03020440046868897,0.023955214164822297,0.04613250227834917,0.027079807316755633,0.04300790912641583,0.07008771644317147,0.0,0.0,0.0,0.0
2024,target_lbw,0.05,255,245426,130095,175721,23400,29204,26671,33714,0.013327846275455732,0.023648676179377895,0.0050483648839161205,0.023648676179377895,0.018376211159371852,0.013327846275455732,0.028697041063294015,0.015852028717413792,0.026172858621335955,0.04202488733874975,0.0,0.0,0.0,0.0
2024,target_lbw,0.1,255,245426,260191,351442,39040,48632,45098,56173,0.02468361135332034,0.03908306373407869,0.006042554578569531,0.03908306373407869,0.03072616593188987,0.02468361135332034,0.04512561831264822,0.027704888642605105,0.042104341023363454,0.06980922966596856,0.0,0.0,0.0,0.0
2024,target_lbw,0.05,256,245948,130095,175721,23497,29502,26615,33515,0.012677476539756372,0.024415730154341578,0.0036389805975246686,0.024415730154341578,0.01631645713728104,0.012677476539756372,0.028054710751866246,0.014496966838518706,0.026235220453103912,0.04073218729162262,0.0,0.0,0.0,0.0
2024,target_lbw,0.1,256,245948,260191,351442,39236,48842,45160,56356,0.024086392245515315,0.03905703644672859,0.0064647811732561344,0.03905703644672859,0.03055117341877145,0.024086392245515315,0.04552181761998472,0.027318782832143382,0.042289427033356655,0.06960820986550004,0.0,0.0,0.0,0.0
2024,target_lbw,0.05,257,244466,130095,175721,23182,29101,26544,33450,0.01375242364991451,0.02421195585480189,0.004037371249989777,0.02421195585480189,0.017789794899904288,0.01375242364991451,0.028249327104791666,0.0157711092749094,0.026230641479796778,0.04200175075470618,0.0,0.0,0.0,0.0
2024,target_lbw,0.1,257,244466,260191,351442,38628,48308,44892,55889,0.02562319504552779,0.03959650830790376,0.005387252215031946,0.03959650830790376,0.031010447260559737,0.02562319504552779,0.044983760522935706,0.028316821153043764,0.04229013441541973,0.0706069555684635,0.0,0.0,0.0,0.0
2024,target_lbw,0.05,258,246147,130095,175721,23561,29465,26840,33750,0.01332130799887872,0.02398566710136625,0.004086988669372377,0.02398566710136625,0.017408296668251097,0.01332130799887872,0.028072655770738628,0.015364802333564909,0.02602916143605244,0.04139396376961735,0.0,0.0,0.0,0.0
2024,target_lbw,0.1,258,246147,260191,351442,39219,48956,45356,56597,0.024932255928368008,0.03955766269749378,0.006110169939101434,0.03955766269749378,0.031042425867469442,0.024932255928368008,0.04566783263659521,0.027987340897918725,0.042612747667044495,0.07060008856496322,0.0,0.0,0.0,0.0
2024,target_lbw,0.05,259,246641,130095,175721,23485,29482,26757,33686,0.013266245271467428,0.024314692204459115,0.003778771574880102,0.024314692204459115,0.01704501684634753,0.013266245271467428,0.028093463779339217,0.015155631058907479,0.026204077991899166,0.041359709050806645,0.0,0.0,0.0,0.0
2024,target_lbw,0.1,259,246641,260191,351442,39391,49192,45372,56614,0.024249820589439725,0.03973791867532164,0.005842499827684755,0.03973791867532164,0.03009232041712448,0.024249820589439725,0.0455804185030064,0.027171070503282102,0.04265916858916402,0.06983023909244612,0.0,0.0,0.0,0.0
2024,target_lbw,0.05,260,246586,130095,175721,23647,29428,26684,33582,0.012316189889125903,0.023444153358260403,0.004529859764950156,0.023444153358260403,0.01684604965407606,0.012316189889125903,0.02797401312321056,0.014581119771600981,0.02570908324073548,0.04029020301233646,0.0,0.0,0.0,0.0
2024,target_lbw,0.1,260,246586,260191,351442,39355,49151,45230,56553,0.023825359103923194,0.03972650515438833,0.006192565676883505,0.03972650515438833,0.0300179247808067,0.023825359103923194,0.045919070831271835,0.026921641942364946,0.04282278799283008,0.06974442993519503,0.0,0.0,0.0,0.0
2024,target_lbw,0.05,261,245356,130095,175721,23305,29195,26610,33418,0.013470222859844477,0.024005934234337056,0.003741502143823655,0.024005934234337056,0.017211725003668132,0.013470222859844477,0.02774743637816071,0.015340973931756305,0.025876685306248884,0.04121765923800519,0.0,0.0,0.0,0.0
2024,target_lbw,0.1,261,245356,260191,351442,39090,48936,44927,56195,0.023789921583331958,0.04012944456218717,0.005795660183570028,0.04012944456218717,0.029585581766901986,0.023789921583331958,0.0459251047457572,0.026687751675116972,0.043027274653972186,0.06971502632908916,0.0,0.0,0.0,0.0
2024,target_lbw,0.05,262,245941,130095,175721,23317,29084,26647,33582,0.013539832724108622,0.023448713309289618,0.004749106493020683,0.023448713309289618,0.018288939217129305,0.013539832724108622,0.0281978198023103,0.015914385970618963,0.02582326655579996,0.04173765252641892,0.0,0.0,0.0,0.0
2024,target_lbw,0.1,262,245941,260191,351442,38959,48458,44911,56277,0.024200926238406778,0.03862308439829065,0.007591251560333551,0.03862308439829065,0.03179217779874033,0.024200926238406778,0.0462143359586242,0.027996552018573553,0.04241871017845743,0.07041526219703098,0.0,0.0,0.0,0.0
2024,target_lbw,0.05,263,245281,130095,175721,23209,29051,26466,33341,0.013278647755023826,0.0238175806523946,0.004211496202314896,0.0238175806523946,0.017490143957338722,0.013278647755023826,0.028029076854709498,0.015384395856181274,0.02592332875355205,0.04130772460973332,0.0,0.0,0.0,0.0
2024,target_lbw,0.1,263,245281,260191,351442,38876,48578,44844,56040,0.024331277188204548,0.03955463325736605,0.006090973210317957,0.03955463325736605,0.030422250398522505,0.024331277188204548,0.04564560646768401,0.027376763793363526,0.04260011986252503,0.06997688365588856,0.0,0.0,0.0,0.0
2024,target_lbw,0.05,264,246453,130095,175721,23415,29384,26466,33454,0.012379642365887206,0.024219628083245084,0.0041346625928675995,0.024219628083245084,0.016514304958754805,0.012379642365887206,0.028354290676112684,0.014446973662321005,0.026286959379678884,0.04073393304199989,0.0,0.0,0.0,0.0
2024,target_lbw,0.1,264,246453,260191,351442,39486,49145,45145,56588,0.022961781759605282,0.03919205690334465,0.007238702714107759,0.03919205690334465,0.03020048447371304,0.022961781759605282,0.04643075961745241,0.02658113311665916,0.04281140826039853,0.06939254137705769,0.0,0.0,0.0,0.0
2024,target_lbw,0.05,265,245245,130095,175721,23359,29209,26529,33472,0.01292584966054354,0.02385369732308508,0.0044567677220738455,0.02385369732308508,0.017382617382617385,0.01292584966054354,0.028310465045158925,0.015154233521580462,0.026082081184122002,0.041236314705702465,0.0,0.0,0.0,0.0
2024,target_lbw,0.1,265,245245,260191,351442,38998,48712,44912,55996,0.024114660849354708,0.03960937022161512,0.005586250484209687,0.03960937022161512,0.029700911333564395,0.024114660849354708,0.04519562070582481,0.02690778609145955,0.042402495463719964,0.06931028155517951,0.0,0.0,0.0,0.0
2024,target_lbw,0.05,266,246792,130095,175721,23596,29466,26669,33643,0.012451781257090996,0.023785211838309187,0.004473402703491197,0.023785211838309187,0.016925183960582194,0.012451781257090996,0.028258614541800384,0.014688482608836595,0.026021913190054785,0.04071039579889138,0.0,0.0,0.0,0.0
2024,target_lbw,0.1,266,246792,260191,351442,39465,49301,45223,56521,0.02333138837563617,0.039855424811177015,0.005924016985963898,0.039855424811177015,0.029255405361600068,0.02333138837563617,0.04577944179714091,0.02629339686861812,0.042817433304158964,0.06911083017277708,0.0,0.0,0.0,0.0
2024,target_lbw,0.05,267,246141,130095,175721,23507,29407,26702,33710,0.012980364912793876,0.023970000934423752,0.004501484921244345,0.023970000934423752,0.01748184983403822,0.012980364912793876,0.028471485855668097,0.015231107373416049,0.026220743395045924,0.04145185076846197,0.0,0.0,0.0,0.0
2024,target_lbw,0.1,267,246141,260191,351442,39295,49105,45118,56402,0.02365717210866944,0.039855204943508,0.005988437521583151,0.039855204943508,0.02964560963025259,0.02365717210866944,0.04584364246509115,0.026651390869461014,0.042849423704299575,0.06950081457376059,0.0,0.0,0.0,0.0
2024,target_lbw,0.05,268,246226,130095,175721,23284,29121,26501,33353,0.013065232753649084,0.023705863718697456,0.004122229171574093,0.023705863718697456,0.017187461925223177,0.013065232753649084,0.02782809289027155,0.01512634733943613,0.025766978304484503,0.04089332564392063,0.0,0.0,0.0,0.0
2024,target_lbw,0.1,268,246226,260191,351442,38969,48647,44884,56327,0.02402264586193173,0.039305353618220656,0.007168211318057394,0.039305353618220656,0.031190857179989123,0.02402264586193173,0.04647356493627805,0.027606751520960426,0.04288945927724935,0.07049621079820978,0.0,0.0,0.0,0.0
2024,target_lbw,0.05,269,246197,130095,175721,23503,29155,26650,33694,0.012782446577334405,0.022957225311437582,0.005654008781585493,0.022957225311437582,0.018436455358919898,0.012782446577334405,0.028611234093023075,0.015609450968127152,0.025784229702230328,0.04139368067035748,0.0,0.0,0.0,0.0
2024,target_lbw,0.1,269,246197,260191,351442,38970,48706,44915,56248,0.024147329171354648,0.039545567167755896,0.006486675304735651,0.039545567167755896,0.0306340044760903,0.024147329171354648,0.04603224247249155,0.027390666823722473,0.04278890482012372,0.0701795716438462,0.0,0.0,0.0,0.0
2024,target_lbw,0.05,270,245522,130095,175721,23448,29251,26677,33666,0.013151570938653157,0.023635356505730648,0.0048305243521965385,0.023635356505730648,0.017982095290849695,0.013151570938653157,0.028465880857927187,0.015566833114751426,0.026050618681828917,0.04161745179658034,0.0,0.0,0.0,0.0
2024,target_lbw,0.1,270,245522,260191,351442,38974,48656,45058,56384,0.024779856794910432,0.03943434804213064,0.006695937634916632,0.03943434804213064,0.031475794429827064,0.024779856794910432,0.04613028567704727,0.028127825612368748,0.042782316859588956,0.0709101424719577,0.0,0.0,0.0,0.0
2024,target_lbw,0.05,271,246267,130095,175721,23441,29288,26492,33507,0.01238899243504002,0.02374252335879351,0.004742819785030078,0.02374252335879351,0.017131812220070097,0.01238899243504002,0.028485343143823588,0.014760402327555058,0.02611393325130855,0.04087433557886361,0.0,0.0,0.0,0.0
2024,target_lbw,0.1,271,246267,260191,351442,39034,49008,45130,56243,0.024753621069814463,0.04050075730812491,0.0046250614170798565,0.04050075730812491,0.02937868248689432,0.024753621069814463,0.04512581872520477,0.02706615177835439,0.04281328801666484,0.06987943979501923,0.0,0.0,0.0,0.0
2024,target_lbw,0.05,272,245999,130095,175721,23315,29344,26380,33387,0.012459400241464386,0.02450822970825084,0.003975625917178524,0.02450822970825084,0.01643502615864291,0.012459400241464386,0.028483855625429363,0.014447213200053648,0.0264960426668401,0.04094325586689375,0.0,0.0,0.0,0.0
2024,target_lbw,0.1,272,245999,260191,351442,39176,48915,45002,56259,0.023683023101719908,0.039589591827609044,0.006170756791694293,0.039589591827609044,0.0298537798934142,0.023683023101719908,0.04576034861930334,0.026768401497567054,0.04267497022345619,0.06944337172102324,0.0,0.0,0.0,0.0
2024,target_lbw,0.05,273,246021,130095,175721,23312,29279,26666,33625,0.013632982550270095,0.02425402709524796,0.004032176115047109,0.02425402709524796,0.017665158665317204,0.013632982550270095,0.02828620321029507,0.01564907060779365,0.026270115152771514,0.041919185760565164,0.0,0.0,0.0,0.0
2024,target_lbw,0.1,273,246021,260191,351442,39123,48944,45243,56422,0.02487592522589535,0.039919356477699064,0.005519853996203555,0.039919356477699064,0.030395779222098906,0.02487592522589535,0.04543921047390262,0.02763585222399713,0.04267928347580084,0.07031513569979797,0.0,0.0,0.0,0.0
2024,target_lbw,0.05,274,246127,130095,175721,23355,29327,26569,33549,0.01305829917075331,0.024263896281188163,0.004095446659651308,0.024263896281188163,0.017153745830404618,0.01305829917075331,0.02835934294083947,0.015106022500578964,0.026311619611013817,0.04141764211159278,0.0,0.0,0.0,0.0
2024,target_lbw,0.1,274,246127,260191,351442,39088,48806,45161,56333,0.024674253535776264,0.039483681188979686,0.00590751928882241,0.039483681188979686,0.030581772824598674,0.024674253535776264,0.045391200477802096,0.02762801318018747,0.04243744083339089,0.07006545401357836,0.0,0.0,0.0,0.0
2024,target_lbw,0.05,275,246038,130095,175721,23416,29374,26644,33527,0.013119924564498175,0.02421577154748454,0.0037595818532096537,0.02421577154748454,0.01687950641770783,0.013119924564498175,0.027975353400694195,0.014999715491103002,0.026095562474089368,0.04109527796519237,0.0,0.0,0.0,0.0
2024,target_lbw,0.1,275,246038,260191,351442,39173,48806,45056,56163,0.023910940586413465,0.039152488639966176,0.0059909444882498,0.039152488639966176,0.029901885074663265,0.023910940586413465,0.045143433128215976,0.026906412830538365,0.042147960884091076,0.06905437371462944,0.0,0.0,0.0,0.0
2024,target_lbw,0.05,276,246306,130095,175721,23529,29366,26911,33811,0.013730887595105268,0.023698164072332786,0.004315769814783238,0.023698164072332786,0.018046657409888506,0.013730887595105268,0.028013933887116024,0.015888772502496887,0.025856048979724405,0.04174482148222129,0.0,0.0,0.0,0.0
2024,target_lbw,0.1,276,246306,260191,351442,39253,48952,45427,56763,0.02506638084334123,0.03937784706828093,0.006646204314957799,0.03937784706828093,0.03171258515829903,0.02506638084334123,0.04602405138323873,0.02838948300082013,0.04270094922575983,0.07109043222657996,0.0,0.0,0.0,0.0
2024,target_lbw,0.05,277,246407,130095,175721,23763,29601,26807,33876,0.012353545150908862,0.02369250873554729,0.004995799632315626,0.02369250873554729,0.017349344783224488,0.012353545150908862,0.028688308367862916,0.014851444967066675,0.026190408551705104,0.04104185351877178,0.0,0.0,0.0,0.0
2024,target_lbw,0.1,277,246407,260191,351442,39450,49087,45369,56587,0.024021233163018907,0.03911009021659287,0.006416213825094247,0.03911009021659287,0.030437446988113154,0.024021233163018907,0.045526304041687116,0.02722934007556603,0.04231819712913999,0.06954753720470602,0.0,0.0,0.0,0.0
2024,target_lbw,0.05,278,246816,130095,175721,23630,29433,26788,33710,0.012794956566835214,0.02351144172176843,0.0045337417347335734,0.02351144172176843,0.017328698301568787,0.012794956566835214,0.028045183456502004,0.015061827434202,0.025778312589135217,0.04084014002333722,0.0,0.0,0.0,0.0
2024,target_lbw,0.1,278,246816,260191,351442,39346,49179,45135,56492,0.02345471930506937,0.039839394528717764,0.006174640217814054,0.039839394528717764,0.029629359522883425,0.02345471930506937,0.04601403474653182,0.026542039413976398,0.04292671463762479,0.06946875405160119,0.0,0.0,0.0,0.0
2024,target_lbw,0.05,279,245116,130095,175721,23362,29270,26588,33401,0.013161115553452243,0.024102873741412234,0.003692129440754588,0.024102873741412234,0.01685324499420683,0.013161115553452243,0.027795003182166822,0.015007180273829537,0.025948938461789528,0.040956118735619065,0.0,0.0,0.0,0.0
2024,target_lbw,0.1,279,245116,260191,351442,39285,48932,44969,56208,0.023189020708562463,0.039356875928131974,0.006494884054896483,0.039356875928131974,0.029683904763458946,0.023189020708562463,0.045851759983028456,0.026436462736010705,0.042604317955580215,0.06904078069159092,0.0,0.0,0.0,0.0
2024,target_lbw,0.05,280,245619,130095,175721,23410,29384,26594,33558,0.01296316653027657,0.02432222262935685,0.0040306328093510785,0.02432222262935685,0.01699379933962765,0.01296316653027657,0.028352855438707927,0.01497848293495211,0.026337539034032388,0.0413160219689845,0.0,0.0,0.0,0.0
2024,target_lbw,0.1,280,245619,260191,351442,39189,48903,45236,56618,0.024619430907218076,0.03954905768690531,0.006791005581815779,0.03954905768690531,0.031410436489033855,0.024619430907218076,0.04634006326872109,0.028014933698125966,0.0429445604778132,0.07095949417593916,0.0,0.0,0.0,0.0
2024,target_lbw,0.05,281,246199,130095,175721,23636,29444,26775,33753,0.012749848699629154,0.023590672585997507,0.0047522532585428795,0.023590672585997507,0.017502101958172034,0.012749848699629154,0.028342925844540387,0.015125975328900594,0.025966799215268947,0.04109277454416954,0.0,0.0,0.0,0.0
2024,target_lbw,0.1,281,246199,260191,351442,39338,49151,45286,56588,0.02415931827505391,0.03985800104793277,0.006047953078607143,0.03985800104793277,0.030207271353661053,0.02415931827505391,0.045905954126539916,0.02718329481435748,0.042881977587236345,0.07006527240159383,0.0,0.0,0.0,0.0
2024,target_lbw,0.05,282,246698,130095,175721,23745,29687,26919,34001,0.012865933246317351,0.024086129599753536,0.004621034625331394,0.024086129599753536,0.017486967871648745,0.012865933246317351,0.02870716422508493,0.015176450558983048,0.026396646912419233,0.04157309747140228,0.0,0.0,0.0,0.0
2024,target_lbw,0.1,282,246698,260191,351442,39656,49368,45717,57075,0.024568500758011813,0.03936797217650731,0.006672125432715309,0.03936797217650731,0.031240626190727122,0.024568500758011813,0.04604009760922262,0.027904563474369468,0.042704034892864964,0.07060859836723443,0.0,0.0,0.0,0.0
2024,target_lbw,0.05,283,246476,130095,175721,23543,29386,26549,33554,0.012195913598078506,0.02370616206040345,0.004714454957074926,0.02370616206040345,0.016910368555153432,0.012195913598078506,0.028420617017478375,0.014553141076615969,0.026063389538940912,0.04061653061555688,0.0,0.0,0.0,0.0
2024,target_lbw,0.1,283,246476,260191,351442,39293,49159,45116,56398,0.02362501825735569,0.04002823804346062,0.0057449812557814894,0.04002823804346062,0.02936999951313718,0.02362501825735569,0.04577321929924211,0.026497508885246435,0.04290072867135136,0.0693982375565978,0.0,0.0,0.0,0.0
2024,target_lbw,0.05,284,245659,130095,175721,23306,29106,26537,33463,0.01315237788967634,0.023609963404556733,0.004583589447160502,0.023609963404556733,0.01773596733683684,0.01315237788967634,0.028193552851717235,0.01544417261325659,0.025901758128136984,0.041345930741393574,0.0,0.0,0.0,0.0
2024,target_lbw,0.1,284,245659,260191,351442,38993,48726,44845,56200,0.023821638938528594,0.03961996100285353,0.00660264838658467,0.03961996100285353,0.030424287325113264,0.023821638938528594,0.0462226093894382,0.02712296313182093,0.04292128519614587,0.0700442483279668,0.0,0.0,0.0,0.0
2024,target_lbw,0.05,285,246094,130095,175721,23516,29394,26650,33622,0.012734971189870534,0.023885182084894388,0.0044454558014417195,0.023885182084894388,0.017180426991312253,0.012734971189870534,0.028330637886336107,0.014957699090591393,0.026107909985615248,0.04106560907620664,0.0,0.0,0.0,0.0
2024,target_lbw,0.1,285,246094,260191,351442,39185,48921,45110,56445,0.02407616601786311,0.03956211854007005,0.006497517208871401,0.03956211854007005,0.03057368322673451,0.02407616601786311,0.04605963574894145,0.02732492462229881,0.04281087714450575,0.07013580176680456,0.0,0.0,0.0,0.0
2024,target_lbw,0.05,286,246122,130095,175721,23559,29587,26579,33609,0.012270337474910825,0.02449191864197431,0.004071151705251852,0.02449191864197431,0.016341489180162677,0.012270337474910825,0.02856307034722616,0.014305913327536751,0.026527494494600234,0.040833407822136986,0.0,0.0,0.0,0.0
2024,target_lbw,0.1,286,246122,260191,351442,39487,49229,45310,56578,0.02365899838291577,0.03958199592072223,0.00620017714791854,0.03958199592072223,0.02985917553083431,0.02365899838291577,0.04578217306864077,0.02675908695687504,0.0426820844946815,0.06944117145155654,0.0,0.0,0.0,0.0
2024,target_lbw,0.05,287,246300,130095,175721,23413,29202,26617,33573,0.013008526187576128,0.023503857084855875,0.004738124238733238,0.023503857084855875,0.017746650426309366,0.013008526187576128,0.028241981323589113,0.015377588306942747,0.025872919204222494,0.04125050751116524,0.0,0.0,0.0,0.0
2024,target_lbw,0.1,287,246300,260191,351442,39137,48837,45173,56483,0.02450669914738124,0.039382866423061325,0.006536743808363776,0.039382866423061325,0.031043442955745015,0.02450669914738124,0.0459196102314251,0.027775071051563127,0.04265123832724321,0.07042630937880634,0.0,0.0,0.0,0.0
2024,target_lbw,0.05,288,245426,130095,175721,23423,29345,26622,33692,0.013034478824574411,0.024129472834988966,0.004677581022385552,0.024129472834988966,0.017712059846959963,0.013034478824574411,0.028807053857374518,0.015373269335767187,0.026468263346181742,0.04184153268194893,0.0,0.0,0.0,0.0
2024,target_lbw,0.1,288,245426,260191,351442,39114,48752,45312,56593,0.025254048063367368,0.03927049293880844,0.006694482247194683,0.03927049293880844,0.03194853031056205,0.025254048063367368,0.04596497518600312,0.02860128918696471,0.04261773406240578,0.07121902324937049,0.0,0.0,0.0,0.0
2024,target_lbw,0.05,289,245547,130095,175721,23397,29263,26566,33432,0.012905879526119227,0.0238895201326019,0.004072540083975784,0.0238895201326019,0.01697841961009501,0.012905879526119227,0.027962060216577683,0.014942149568107119,0.02592579017458979,0.04086793974269691,0.0,0.0,0.0,0.0
2024,target_lbw,0.1,289,245547,260191,351442,39074,48735,44867,56052,0.02359222470647168,0.03934480975128998,0.006206551087979073,0.03934480975128998,0.029798775794450755,0.02359222470647168,0.045551360839269056,0.026695500250461218,0.04244808529527952,0.06914358554574074,0.0,0.0,0.0,0.0
2024,target_lbw,0.05,290,245871,130095,175721,23212,29125,26474,33380,0.01326711974978749,0.024049196529887615,0.00403870322242153,0.024049196529887615,0.01730582297220902,0.01326711974978749,0.028087899752309145,0.015286471360998255,0.02606854814109838,0.041355019502096635,0.0,0.0,0.0,0.0
2024,target_lbw,0.1,290,245871,260191,351442,39023,48724,44986,56322,0.024252555201711462,0.039455649507261936,0.00664982856863966,0.039455649507261936,0.03090238377035112,0.024252555201711462,0.046105478075901596,0.027577469486031292,0.042780563791581766,0.07035803327761306,0.0,0.0,0.0,0.0
2024,target_lbw,0.05,291,245896,130095,175721,23564,29388,26618,33630,0.01241988482935874,0.02368480983830562,0.004831310798060984,0.02368480983830562,0.017251195627419724,0.01241988482935874,0.028516120636366604,0.014835540228389232,0.026100465237336112,0.040936005465725345,0.0,0.0,0.0,0.0
2024,target_lbw,0.1,291,245896,260191,351442,38985,48650,45194,56299,0.025250512411751302,0.03930523473338321,0.005856134300679994,0.03930523473338321,0.031106646712431296,0.025250512411751302,0.0451613690340632,0.0281785795620913,0.04223330188372321,0.0704118814458145,0.0,0.0,0.0,0.0
2024,target_lbw,0.05,292,246436,130095,175721,23286,29239,26475,33472,0.01294047947540132,0.024156373257153987,0.004236394033339294,0.024156373257153987,0.017176873508740614,0.01294047947540132,0.02839276729049328,0.015058676492070967,0.026274570273823634,0.0413332467658946,0.0,0.0,0.0,0.0
2024,target_lbw,0.1,292,246436,260191,351442,39161,48897,45168,56451,0.024375497086464637,0.039507214854972494,0.006277491924881112,0.039507214854972494,0.03065298901134575,0.024375497086464637,0.04578470677985361,0.027514243048905193,0.04264596081741305,0.07016020386631824,0.0,0.0,0.0,0.0
2024,target_lbw,0.05,293,246018,130095,175721,23519,29498,26624,33616,0.012621027729678325,0.02430309977318733,0.0041175848921623515,0.02430309977318733,0.016738612621840676,0.012621027729678325,0.02842068466534968,0.0146798201757595,0.026361892219268504,0.041041712395028004,0.0,0.0,0.0,0.0
2024,target_lbw,0.1,293,246018,260191,351442,39347,49323,45243,56556,0.023965726085083183,0.0405498784641774,0.005434561698737517,0.0405498784641774,0.0294002877838207,0.023965726085083183,0.04598444016291492,0.02668300693445194,0.04326715931354616,0.0699501662479981,0.0,0.0,0.0,0.0
2024,target_lbw,0.05,294,246037,130095,175721,23452,29186,26767,33671,0.013473583241544962,0.023305437800005685,0.004755382320545301,0.023305437800005685,0.018228965562090263,0.013473583241544962,0.028060820120550986,0.015851274401817612,0.025683128960278336,0.04153440336209595,0.0,0.0,0.0,0.0
2024,target_lbw,0.1,294,246037,260191,351442,38981,48675,45178,56428,0.025187268581554817,0.039400577961851285,0.00632425204339182,0.039400577961851285,0.03151152062494664,0.025187268581554817,0.045724830005243106,0.028349394603250727,0.042562703983547195,0.07091209858679792,0.0,0.0,0.0,0.0
2024,target_lbw,0.05,295,246136,130095,175721,23431,29317,26642,33757,0.013045633308414864,0.02391360873663341,0.004993174505151632,0.02391360873663341,0.018038807813566496,0.013045633308414864,0.028906783241785042,0.01554222056099068,0.026410195989209226,0.041952416550199906,0.0,0.0,0.0,0.0
2024,target_lbw,0.1,295,246136,260191,351442,39320,48802,45334,56626,0.024433646439366852,0.0385234179478012,0.007353658140215186,0.0385234179478012,0.03178730457958204,0.024433646439366852,0.04587707608801639,0.028110475509474445,0.042200247017908796,0.07031072252738324,0.0,0.0,0.0,0.0
2024,target_lbw,0.05,296,246314,130095,175721,23730,29552,26909,34096,0.01290629034484439,0.023636496504461785,0.0055417069269306785,0.023636496504461785,0.01844799727177507,0.01290629034484439,0.029178203431392463,0.01567714380830973,0.026407349967927124,0.04208449377623685,0.0,0.0,0.0,0.0
2024,target_lbw,0.1,296,246314,260191,351442,39386,49063,45491,56824,0.02478543647539319,0.03928725123216706,0.006723125766298327,0.03928725123216706,0.03150856224169152,0.02478543647539319,0.046010376998465385,0.028146999358542354,0.04264881411531622,0.07079581347385858,0.0,0.0,0.0,0.0
2024,target_lbw,0.05,297,246366,130095,175721,23329,29294,26528,33372,0.012984746271806999,0.02421194483004961,0.003567862448552145,0.02421194483004961,0.016552608720359144,0.012984746271806999,0.027779807278601756,0.014768677496083071,0.025995876054325684,0.040764553550408755,0.0,0.0,0.0,0.0
2024,target_lbw,0.1,297,246366,260191,351442,39210,48927,45022,56217,0.02359091757791254,0.03944131901317552,0.0059992044356770025,0.03944131901317552,0.029590122013589543,0.02359091757791254,0.04544052344885252,0.02659051979575104,0.04244092123101402,0.06903144102676506,0.0,0.0,0.0,0.0
2024,target_lbw,0.05,298,246149,130095,175721,23245,29098,26531,33448,0.013349637820994603,0.023778280634899993,0.004322585100894186,0.023778280634899993,0.01767222292188879,0.013349637820994603,0.028100865735794178,0.015510930371441696,0.025939573185347085,0.04145050355678878,0.0,0.0,0.0,0.0
2024,target_lbw,0.1,298,246149,260191,351442,39032,48788,44963,56290,0.024095161873499388,0.03963453030481537,0.006382313151790164,0.03963453030481537,0.030477475025289552,0.024095161873499388,0.04601684345660553,0.02728631844939447,0.04282568688071045,0.07011200533010492,0.0,0.0,0.0,0.0
2024,target_lbw,0.05,299,246352,130095,175721,23295,29185,26329,33263,0.01231571085276352,0.02390887835292589,0.004237838539975322,0.02390887835292589,0.016553549392738842,0.01231571085276352,0.028146716892901213,0.014434630122751181,0.026027797622913552,0.040462427745664734,0.0,0.0,0.0,0.0
2024,target_lbw,0.1,299,246352,260191,351442,39036,48914,44900,56166,0.023803338312658323,0.04009709683704618,0.005634214457361814,0.04009709683704618,0.029437552770020137,0.023803338312658323,0.045731311294407995,0.02662044554133923,0.04291420406572709,0.06953464960706632,0.0,0.0,0.0,0.0
2024,target_lbw,0.05,300,245132,130095,175721,23317,29158,26469,33439,0.01285837834309679,0.023827978395313545,0.00460568183672469,0.023827978395313545,0.01746406017982148,0.01285837834309679,0.028433660232038235,0.015161219261459136,0.02613081931367589,0.041292038575135026,0.0,0.0,0.0,0.0
2024,target_lbw,0.1,300,245132,260191,351442,38980,48629,44930,56206,0.024272636783447293,0.0393624659367198,0.006637240343977946,0.0393624659367198,0.03090987712742524,0.024272636783447293,0.045999706280697744,0.027591256955436266,0.04268108610870877,0.07027234306414504,0.0,0.0,0.0,0.0
2024,target_lbw,0.05,301,246335,130095,175721,23614,29309,26620,33587,0.01220289443237868,0.023118923417297585,0.005163699839649261,0.023118923417297585,0.01736659427202794,0.01220289443237868,0.028282623256946846,0.01478474435220331,0.025700773337122215,0.040485517689325526,0.0,0.0,0.0,0.0
2024,target_lbw,0.1,301,246335,260191,351442,39128,48855,45080,56374,0.02416221811760408,0.03948687762599712,0.006361256013152822,0.03948687762599712,0.0305234741307569,0.02416221811760408,0.04584813363914994,0.02734284612418049,0.04266750563257353,0.07001035175675402,0.0,0.0,0.0,0.0
2024,target_lbw,0.05,302,245348,130095,175721,23167,29146,26354,33210,0.012989712571531045,0.024369467042731144,0.0035745145670639383,0.024369467042731144,0.016564227138594984,0.012989712571531045,0.027943981609795082,0.014776969855063014,0.026156724326263113,0.04093369418132613,0.0,0.0,0.0,0.0
2024,target_lbw,0.1,302,245348,260191,351442,39012,48713,44792,56126,0.023558374227627715,0.03953975577546995,0.006655852095798609,0.03953975577546995,0.030214226323426324,0.023558374227627715,0.04619560787126856,0.02688630027552702,0.04286768182336925,0.06975398209889627,0.0,0.0,0.0,0.0
2024,target_lbw,0.05,303,245459,130095,175721,23252,29140,26554,33448,0.013452348457379845,0.023987712815582235,0.00409844413934711,0.023987712815582235,0.017550792596726955,0.013452348457379845,0.028086156954929345,0.0155015705270534,0.02603693488525579,0.04153850541230919,0.0,0.0,0.0,0.0
2024,target_lbw,0.1,303,245459,260191,351442,38998,48729,45000,56237,0.02445214883137306,0.039644095347899255,0.006135444208605095,0.039644095347899255,0.030587593039978156,0.02445214883137306,0.04577953955650435,0.02751987093567561,0.0427118174522018,0.07023168838787741,0.0,0.0,0.0,0.0
2024,target_lbw,0.05,304,244849,130095,175721,23124,29063,26619,33331,0.014274103631217602,0.024255765798512546,0.0031570478131419805,0.024255765798512546,0.017431151444359583,0.014274103631217602,0.027412813611654527,0.015852627537788593,0.025834289705083537,0.04168691724287213,0.0,0.0,0.0,0.0
2024,target_lbw,0.1,304,244849,260191,351442,38762,48367,44842,55984,0.024831630923548814,0.03922825904945498,0.006277338277877381,0.03922825904945498,0.031108969201426195,0.024831630923548814,0.045505597327332364,0.027970300062487505,0.042366928188393674,0.07033722825088118,0.0,0.0,0.0,0.0
2024,target_lbw,0.05,305,245943,130095,175721,23576,29524,26688,33736,0.012653338375151965,0.02418446550623518,0.00447258104520154,0.02418446550623518,0.017125919420353505,0.012653338375151965,0.02865704655143672,0.014889628897752735,0.02642075602883595,0.041310384926588686,0.0,0.0,0.0,0.0
2024,target_lbw,0.1,305,245943,260191,351442,39233,49079,45368,56469,0.02494480428391943,0.040033666337322055,0.0051028083742981345,0.040033666337322055,0.030047612658217565,0.02494480428391943,0.04513647471162019,0.027496208471068498,0.04258507052447112,0.07008127899553962,0.0,0.0,0.0,0.0
2024,target_lbw,0.05,306,246274,130095,175721,23579,29421,26650,33584,0.012469850654149447,0.023721545920397616,0.004434085611960653,0.023721545920397616,0.0169039362661101,0.012469850654149447,0.02815563153235827,0.014686893460129774,0.025938588726377942,0.040625482186507716,0.0,0.0,0.0,0.0
2024,target_lbw,0.1,306,246274,260191,351442,39431,49213,45221,56627,0.023510398986494735,0.03971998668150109,0.0065942811665055945,0.03971998668150109,0.03010468015300033,0.023510398986494735,0.046314267848006685,0.026807539569747532,0.04301712726475389,0.06982466683450142,0.0,0.0,0.0,0.0
2024,target_lbw,0.05,307,246547,130095,175721,23521,29395,26856,33766,0.013526832612037465,0.023825071892985925,0.00420203855654297,0.023825071892985925,0.017728871168580435,0.013526832612037465,0.028027110449528894,0.01562785189030895,0.02592609117125741,0.04155394306156636,0.0,0.0,0.0,0.0
2024,target_lbw,0.1,307,246547,260191,351442,39264,49037,45323,56594,0.024575435920940025,0.039639500784840215,0.00607592061554188,0.039639500784840215,0.030651356536481905,0.024575435920940025,0.045715421400382095,0.027613396228710965,0.042677461092611155,0.07029085732132212,0.0,0.0,0.0,0.0
2024,target_lbw,0.05,308,246406,130095,175721,23299,29116,26696,33689,0.0137861902713408,0.023607379690429614,0.004772611056548942,0.023607379690429614,0.018558801327889743,0.0137861902713408,0.028379990746978556,0.016172495799615272,0.025993685218704085,0.04216618101831936,0.0,0.0,0.0,0.0
2024,target_lbw,0.1,308,246406,260191,351442,39006,48916,45156,56349,0.024958807821238105,0.04021817650544224,0.005206853729211147,0.04021817650544224,0.030165661550449252,0.024958807821238105,0.045425030234653385,0.02756223468584368,0.04282160337004781,0.07038383805589149,0.0,0.0,0.0,0.0
2024,target_lbw,0.05,309,245992,130095,175721,23570,29367,26832,33842,0.0132605938404501,0.023565807018114407,0.004931054668444498,0.023565807018114407,0.018191648508894598,0.0132605938404501,0.028496861686558905,0.01572612117467235,0.026031334352336656,0.041757455527009005,0.0,0.0,0.0,0.0
2024,target_lbw,0.1,309,245992,260191,351442,39294,49010,45310,56691,0.02445607987251619,0.039497219421769814,0.0067685127971641446,0.039497219421769814,0.031224592669680334,0.02445607987251619,0.04626573221893396,0.027840336271098262,0.042881475820351886,0.07072181209145015,0.0,0.0,0.0,0.0
2024,target_lbw,0.05,310,246527,130095,175721,23432,29278,26677,33658,0.013162858429299831,0.02371342692686805,0.004603958187135701,0.02371342692686805,0.017766816616435532,0.013162858429299831,0.02831738511400375,0.015464837522867682,0.0260154060204359,0.04148024354330358,0.0,0.0,0.0,0.0
2024,target_lbw,0.1,310,246527,260191,351442,39123,48878,45189,56506,0.0246058241085155,0.039569702304412924,0.0063360199896968505,0.039569702304412924,0.03094184409821235,0.0246058241085155,0.045905722294109774,0.027773834103363926,0.04273771229926135,0.07051154640262527,0.0,0.0,0.0,0.0
2024,target_lbw,0.05,311,245913,130095,175721,23492,29471,26570,33516,0.012516621732075975,0.024313476717375646,0.003932284995099913,0.024313476717375646,0.016448906727175888,0.012516621732075975,0.02824576171247556,0.014482764229625932,0.026279619214925602,0.040762383444551534,0.0,0.0,0.0,0.0
2024,target_lbw,0.1,311,245913,260191,351442,39310,48901,45115,56394,0.023605909406985398,0.03900159812616655,0.006864216206544593,0.03900159812616655,0.03047012561352999,0.023605909406985398,0.04586581433271114,0.027038017510257695,0.042433706229438845,0.06947172373969654,0.0,0.0,0.0,0.0
2024,target_lbw,0.05,312,245267,130095,175721,23491,29254,26658,33725,0.01291245866749298,0.023496842216849403,0.005316654910770713,0.023496842216849403,0.018229113578263692,0.01291245866749298,0.028813497127620116,0.015570786122878336,0.02615516967223476,0.041725955795113095,0.0,0.0,0.0,0.0
2024,target_lbw,0.1,312,245267,260191,351442,39070,48784,45121,56389,0.024671072749289563,0.03960581733376281,0.006335952247958326,0.03960581733376281,0.03100702499724789,0.024671072749289563,0.04594176958172114,0.027839048873268726,0.042773793457741974,0.0706128423310107,0.0,0.0,0.0,0.0
2024,target_lbw,0.05,313,245876,130095,175721,23152,28991,26540,33350,0.013779303388699995,0.0237477427646456,0.003949145097528847,0.0237477427646456,0.017728448486228843,0.013779303388699995,0.027696887862174446,0.01575387593746442,0.025722315313410023,0.04147619125087444,0.0,0.0,0.0,0.0
2024,target_lbw,0.1,313,245876,260191,351442,38759,48488,44896,56166,0.02495973580178626,0.03956872569913289,0.006267386812865039,0.03956872569913289,0.031227122614651298,0.02495973580178626,0.04583611251199793,0.02809342920821878,0.04270241910556541,0.07079584831378419,0.0,0.0,0.0,0.0
2024,target_lbw,0.05,314,246240,130095,175721,23488,29430,26756,33784,0.013271604938271606,0.024130929174788818,0.004410331384015587,0.024130929174788818,0.017681936322287192,0.013271604938271606,0.028541260558804404,0.015476770630279399,0.02633609486679661,0.04181286549707601,0.0,0.0,0.0,0.0
2024,target_lbw,0.1,314,246240,260191,351442,39104,48751,45391,56581,0.025532001299545165,0.039177225471085125,0.0062662443144899105,0.039177225471085125,0.031798245614035076,0.025532001299545165,0.045443469785575036,0.02866512345679012,0.04231034762833008,0.0709754710851202,0.0,0.0,0.0,0.0
2024,target_lbw,0.05,315,245520,130095,175721,23430,29230,26668,33595,0.013188334962528511,0.02362333007494298,0.004590257412838056,0.02362333007494298,0.017778592375366567,0.013188334962528511,0.028213587487781036,0.015483463668947539,0.025918458781362008,0.04140192245030955,0.0,0.0,0.0,0.0
2024,target_lbw,0.1,315,245520,260191,351442,39090,48773,45119,56411,0.02455604431410882,0.03943874226132291,0.0065534376018246965,0.03943874226132291,0.031109481915933518,0.02455604431410882,0.0459921798631476,0.02783276311502117,0.042715461062235255,0.07054822417725642,0.0,0.0,0.0,0.0
2024,target_lbw,0.05,316,246250,130095,175721,23392,29257,26726,33767,0.013539086294416247,0.023817258883248732,0.004775634517766483,0.023817258883248732,0.01831472081218273,0.013539086294416247,0.028592893401015215,0.01592690355329949,0.026205076142131974,0.04213197969543146,0.0,0.0,0.0,0.0
2024,target_lbw,0.1,316,246250,260191,351442,39187,48888,45337,56740,0.024974619289340083,0.039394923857868,0.006911675126903577,0.039394923857868,0.03188629441624366,0.024974619289340083,0.046306598984771574,0.02843045685279187,0.042850761421319786,0.07128121827411166,0.0,0.0,0.0,0.0
2024,target_lbw,0.05,317,246894,130095,175721,23699,29667,26906,33938,0.01298938005783859,0.024172316864727372,0.004309541746660497,0.024172316864727372,0.017298921804499087,0.01298938005783859,0.02848185861138787,0.015144150931168839,0.02632708773805762,0.04147123866922646,0.0,0.0,0.0,0.0
2024,target_lbw,0.1,317,246894,260191,351442,39663,49429,45541,56799,0.023807787957585036,0.03955543674613399,0.006043079216181829,0.03955543674613399,0.029850867173766865,0.023807787957585036,0.045598515962315816,0.02682932756567595,0.0425769763542249,0.06940630391990085,0.0,0.0,0.0,0.0
2024,target_lbw,0.05,318,245815,130095,175721,23365,29321,26561,33461,0.01300164758049753,0.024229603563655597,0.00384028639423957,0.024229603563655597,0.0168419339747371,0.01300164758049753,0.028069889957895167,0.014921790777617315,0.02614974676077538,0.0410715375383927,0.0,0.0,0.0,0.0
2024,target_lbw,0.1,318,245815,260191,351442,39153,48815,45075,56325,0.02409128816386305,0.03930598214104103,0.006460142790309792,0.03930598214104103,0.030551430954172842,0.02409128816386305,0.04576612493135082,0.027321359559017946,0.042536053536195925,0.06985741309521387,0.0,0.0,0.0,0.0
2024,target_lbw,0.05,319,245701,130095,175721,23375,29275,26649,33485,0.01332513909182298,0.024012926280316316,0.0038095083048095,0.024012926280316316,0.01713464739663248,0.01332513909182298,0.027822434585125816,0.01522989324422773,0.025917680432721066,0.041147573676948795,0.0,0.0,0.0,0.0
2024,target_lbw,0.1,319,245701,260191,351442,39025,48538,45018,56239,0.02439143511829417,0.03871779113638121,0.006951538658776318,0.03871779113638121,0.03134297377707049,0.02439143511829417,0.04566932979515753,0.02786720444768233,0.04219356046576937,0.0700607649134517,0.0,0.0,0.0,0.0
2024,target_lbw,0.05,320,246395,130095,175721,23433,29267,26869,33763,0.013945088171432057,0.023677428519247562,0.004302035349743286,0.023677428519247562,0.018247123521175343,0.013945088171432057,0.027979463868990848,0.0160961058463037,0.025828446194119205,0.041924552040422905,0.0,0.0,0.0,0.0
2024,target_lbw,0.1,320,246395,260191,351442,39177,48963,45254,56605,0.024663649830556633,0.03971671503074334,0.006351589926743617,0.03971671503074334,0.03101523975730025,0.024663649830556633,0.046068304957486955,0.027839444793928442,0.04289250999411515,0.07073195478804359,0.0,0.0,0.0,0.0
2024,target_lbw,0.05,321,245792,130095,175721,23223,29142,26358,33271,0.01275468688972789,0.024081337065486264,0.0040440697825804145,0.024081337065486264,0.016798756672308304,0.01275468688972789,0.028125406848066678,0.014776721781018097,0.02610337195677647,0.04088009373779457,0.0,0.0,0.0,0.0
2024,target_lbw,0.1,321,245792,260191,351442,38798,48542,44953,56112,0.025041498502799103,0.039643275615154266,0.005756900143210536,0.039643275615154266,0.03079839864600964,0.025041498502799103,0.0454001757583648,0.02791994857440437,0.042521725686759534,0.0704416742611639,0.0,0.0,0.0,0.0
2024,target_lbw,0.05,322,245362,130095,175721,23376,29397,26501,33360,0.012736283532087292,0.02453925220694321,0.0034153617919645135,0.02453925220694321,0.016151645324051805,0.012736283532087292,0.027954613998907724,0.014443964428069549,0.026246933102925467,0.040690897530995015,0.0,0.0,0.0,0.0
2024,target_lbw,0.1,322,245362,260191,351442,39179,48762,45006,56226,0.023748583725271222,0.03905657762815756,0.006671774765448613,0.03905657762815756,0.030420358490719834,0.023748583725271222,0.045728352393606175,0.027084471107995528,0.04239246501088187,0.0694769361188774,0.0,0.0,0.0,0.0
2024,target_lbw,0.05,323,246820,130095,175721,23667,29516,26906,33945,0.013122923588039875,0.023697431326472743,0.004821327283040258,0.023697431326472743,0.017944250871080134,0.013122923588039875,0.028518758609513,0.015533587229560004,0.02610809496799287,0.041641682197552876,0.0,0.0,0.0,0.0
2024,target_lbw,0.1,323,246820,260191,351442,39626,49332,45348,56716,0.023182886313912993,0.03932420387326799,0.006733652054128486,0.03932420387326799,0.02991653836804148,0.023182886313912993,0.046057855927396474,0.026549712340977236,0.04269102990033223,0.06924074224130947,0.0,0.0,0.0,0.0
2024,target_lbw,0.05,324,245853,130095,175721,23466,29479,26725,33787,0.013255888681447864,0.024457704400597108,0.004266777301883629,0.024457704400597108,0.017522665983331492,0.013255888681447864,0.028724481702480736,0.015389277332389678,0.026591093051538922,0.0419803703839286,0.0,0.0,0.0,0.0
2024,target_lbw,0.1,324,245853,260191,351442,39283,49019,45537,56730,0.025437964962802984,0.03960089972463221,0.005926305556572392,0.03960089972463221,0.031364270519375376,0.025437964962802984,0.0455272052812046,0.02840111774108918,0.042564052502918406,0.07096517024400759,0.0,0.0,0.0,0.0
2024,target_lbw,0.05,325,245950,130095,175721,23325,29151,26514,33401,0.012966050010164668,0.023687741410855875,0.004313884935962575,0.023687741410855875,0.017279934946127243,0.012966050010164668,0.02800162634681845,0.015122992478145955,0.025844683878837163,0.04096767635698312,0.0,0.0,0.0,0.0
2024,target_lbw,0.1,325,245950,260191,351442,38993,48800,44991,56194,0.024387070542793238,0.039873958121569436,0.005675950396422047,0.039873958121569436,0.030063020939215285,0.024387070542793238,0.04554990851799148,0.02722504574100426,0.04271193331978046,0.06993697906078472,0.0,0.0,0.0,0.0
2024,target_lbw,0.05,326,245656,130095,175721,23629,29544,26810,33898,0.012949001856254264,0.024078386035757307,0.0047749698765753995,0.024078386035757307,0.017723971732829663,0.012949001856254264,0.028853355912332707,0.015336486794541963,0.026465870974045007,0.04180235776858697,0.0,0.0,0.0,0.0
2024,target_lbw,0.1,326,245656,260191,351442,39196,49085,45448,56531,0.025450223076171563,0.04025547920669553,0.004860455270785158,0.04025547920669553,0.03031067834695672,0.025450223076171563,0.04511593447748069,0.027880450711564142,0.04268570684208811,0.07056615755365225,0.0,0.0,0.0,0.0
2024,target_lbw,0.05,327,246588,130095,175721,23484,29315,26794,33630,0.013423199831297541,0.023646730578941386,0.0040756241179619596,0.023646730578941386,0.0174988239492595,0.013423199831297541,0.027722354696903345,0.015461011890278521,0.025684542637922365,0.04114555452820089,0.0,0.0,0.0,0.0
2024,target_lbw,0.1,327,246588,260191,351442,39299,48973,45118,56621,0.023598066410368712,0.03923143056434214,0.007417230359952648,0.03923143056434214,0.03101529677032136,0.023598066410368712,0.04664866092429479,0.027306681590345036,0.042940045744318464,0.0702467273346635,0.0,0.0,0.0,0.0
2024,target_lbw,0.05,328,245553,130095,175721,23342,29094,26532,33543,0.012991085427585897,0.023424678175383726,0.005127202681294879,0.023424678175383726,0.018118288108880776,0.012991085427585897,0.028551880856678605,0.015554686768233336,0.025988279516031165,0.0415429662842645,0.0,0.0,0.0,0.0
2024,target_lbw,0.1,328,245553,260191,351442,38932,48646,44809,55904,0.0239337332469976,0.039559687725256865,0.005624040431189997,0.039559687725256865,0.0295577736781876,0.0239337332469976,0.04518372815644686,0.0267457534625926,0.04237170794085186,0.06911746140344446,0.0,0.0,0.0,0.0
2024,target_lbw,0.05,329,245142,130095,175721,23245,29272,26544,33487,0.013457506261676896,0.024585750299826223,0.0037366098016659716,0.024585750299826223,0.017194116063342868,0.013457506261676896,0.028322360101492194,0.015325811162509882,0.02645405520065921,0.04177986636316909,0.0,0.0,0.0,0.0
2024,target_lbw,0.1,329,245142,260191,351442,39094,48834,45099,56452,0.024496006396292763,0.03973207365526918,0.006579859836339769,0.03973207365526918,0.031075866232632532,0.024496006396292763,0.04631193349160895,0.027785936314462648,0.04302200357343906,0.07080793988790171,0.0,0.0,0.0,0.0
2024,target_lbw,0.05,330,244780,130095,175721,23418,29243,26588,33486,0.012950404444807578,0.023796878829969767,0.00438352806601848,0.023796878829969767,0.01733393251082606,0.012950404444807578,0.028180406895988247,0.015142168477816818,0.025988642862979007,0.041130811340795825,0.0,0.0,0.0,0.0
2024,target_lbw,0.1,330,244780,260191,351442,38942,48545,44949,56172,0.02454040362774737,0.03923114633548494,0.0066181877604379324,0.03923114633548494,0.031158591388185303,0.02454040362774737,0.04584933409592287,0.027849497507966336,0.042540240215703906,0.07038973772367024,0.0,0.0,0.0,0.0
2024,target_lbw,0.05,331,246708,130095,175721,23486,29265,26815,33720,0.013493684841999448,0.023424453199734088,0.004564100069718066,0.023424453199734088,0.018057784911717514,0.013493684841999448,0.027988553269452154,0.01577573487685848,0.02570650323459312,0.0414822381114516,0.0,0.0,0.0,0.0
2024,target_lbw,0.1,331,246708,260191,351442,39175,48966,45163,56625,0.024271608541271444,0.039686593057379566,0.006773189357459047,0.039686593057379566,0.031044797898730492,0.024271608541271444,0.04645978241483861,0.027658203220000968,0.04307318773610909,0.07073139095611006,0.0,0.0,0.0,0.0
2024,target_lbw,0.05,332,245865,130095,175721,23471,29332,26815,33651,0.013600959876354915,0.023838285237833767,0.00396559087304009,0.023838285237833767,0.017566550749395005,0.013600959876354915,0.027803876110873857,0.01558375531287496,0.025821080674353812,0.04140483598722877,0.0,0.0,0.0,0.0
2024,target_lbw,0.1,332,245865,260191,351442,39206,48891,45259,56545,0.024619201594370893,0.0393915360055315,0.00651170357716635,0.0393915360055315,0.031130905171537243,0.024619201594370893,0.04590323958269785,0.027875053382954068,0.04264738779411467,0.07052244117706874,0.0,0.0,0.0,0.0
2024,target_lbw,0.05,333,246336,130095,175721,23261,29187,26551,33381,0.013355741751104183,0.024056573135879458,0.0036697843595739216,0.024056573135879458,0.017025526110678105,0.013355741751104183,0.02772635749545338,0.015190633930891144,0.02589146531566642,0.04108209924655756,0.0,0.0,0.0,0.0
2024,target_lbw,0.1,333,246336,260191,351442,39027,48712,44945,56247,0.024024097168095615,0.03931621849831127,0.006564204988308647,0.03931621849831127,0.030588302156404262,0.024024097168095615,0.045880423486619915,0.02730619966224994,0.04259832099246559,0.06990452065471553,0.0,0.0,0.0,0.0
2024,target_lbw,0.05,334,245691,130095,175721,23803,29586,26821,33821,0.012283722236467759,0.02353769572349007,0.00495337639555378,0.02353769572349007,0.01723709863202154,0.012283722236467759,0.02849107211904385,0.014760410434244649,0.02601438392126696,0.04077479435551161,0.0,0.0,0.0,0.0
2024,target_lbw,0.1,334,245691,260191,351442,39571,49177,45471,56829,0.024013903643194084,0.039097891253647876,0.007130908336080682,0.039097891253647876,0.031144811979274767,0.024013903643194084,0.04622879958972856,0.027579357811234426,0.04266334542168822,0.07024270323292264,0.0,0.0,0.0,0.0
2024,target_lbw,0.05,335,246754,130095,175721,23361,29195,26736,33681,0.01367758982630475,0.02364298045827018,0.004502459939859135,0.02364298045827018,0.018180049766163886,0.01367758982630475,0.028145440398129315,0.01592881979623432,0.025894210428199747,0.041823030224434066,0.0,0.0,0.0,0.0
2024,target_lbw,0.1,335,246754,260191,351442,39033,48828,45124,56335,0.02468450359467325,0.0396954051403422,0.005738508798236286,0.0396954051403422,0.030423012392909538,0.02468450359467325,0.045433913938578485,0.027553757993791395,0.04256465953946034,0.07011841753325174,0.0,0.0,0.0,0.0
2024,target_lbw,0.05,336,245467,130095,175721,23624,29484,26668,33649,0.012400852253052347,0.023872862747334675,0.004566805313952579,0.023872862747334675,0.016967657567004926,0.012400852253052347,0.028439668061287254,0.014684254910028637,0.026156265404310965,0.0408405203143396,0.0,0.0,0.0,0.0
2024,target_lbw,0.1,336,245467,260191,351442,39235,48938,45152,56343,0.024105073187027176,0.03952873502344509,0.006061914636183274,0.03952873502344509,0.03016698782321045,0.024105073187027176,0.04559064965962836,0.027136030505118813,0.042559692341536726,0.06969572284665554,0.0,0.0,0.0,0.0
2024,target_lbw,0.05,337,246731,130095,175721,23589,29436,26684,33744,0.01254402567978892,0.02369787339248007,0.0049162853471999834,0.02369787339248007,0.017460311026988903,0.01254402567978892,0.028614158739680054,0.015002168353388912,0.026156016066080062,0.041158184419468974,0.0,0.0,0.0,0.0
2024,target_lbw,0.1,337,246731,260191,351442,39398,49147,45371,56727,0.024208551013046586,0.03951266764208794,0.006513166160717565,0.03951266764208794,0.03072171717376415,0.024208551013046586,0.046025833802805505,0.02746513409340537,0.04276925072244672,0.07023438481585209,0.0,0.0,0.0,0.0
2024,target_lbw,0.05,338,246061,130095,175721,23570,29455,26892,33891,0.013500717301807269,0.023916833630685072,0.004527332653285171,0.023916833630685072,0.01802804995509244,0.013500717301807269,0.028444166283970243,0.015764383628449855,0.026180499957327658,0.04194488358577751,0.0,0.0,0.0,0.0
2024,target_lbw,0.1,338,246061,260191,351442,39381,49066,45398,56616,0.02445328597380325,0.03936015865984452,0.006230162439395087,0.03936015865984452,0.03068344841319834,0.02445328597380325,0.045590321099239606,0.027568367193500795,0.04247523987954206,0.07004360707304286,0.0,0.0,0.0,0.0
2024,target_lbw,0.05,339,245991,130095,175721,23478,29345,26665,33612,0.012955758544011778,0.02385046607396206,0.004390404526994879,0.02385046607396206,0.017346163071006657,0.012955758544011778,0.028240870600956938,0.015150960807509217,0.0260456683374595,0.041196629144968716,0.0,0.0,0.0,0.0
2024,target_lbw,0.1,339,245991,260191,351442,39118,48738,45119,56402,0.024395201450459564,0.03910712180526929,0.0067604099336967816,0.03910712180526929,0.031155611384156345,0.024395201450459564,0.04586753173896607,0.027775406417307955,0.04248732677211768,0.07026273318942564,0.0,0.0,0.0,0.0
2024,target_lbw,0.05,340,246826,130095,175721,23466,29283,26730,33668,0.013223890513965303,0.02356720928913486,0.004541660927130861,0.02356720928913486,0.017765551441096164,0.013223890513965303,0.02810887021626572,0.015494720977530733,0.02583803975270029,0.041332760730231025,0.0,0.0,0.0,0.0
2024,target_lbw,0.1,340,246826,260191,351442,39192,48954,45225,56470,0.02444231969079433,0.039550128430554304,0.00600828113731941,0.039550128430554304,0.03045060082811374,0.02444231969079433,0.045558409567873714,0.027446460259454034,0.04255426899921401,0.07000072925866804,0.0,0.0,0.0,0.0
2024,target_lbw,0.05,341,246266,130095,175721,23338,29360,26390,33467,0.012393103392266888,0.024453233495488613,0.004283985609056878,0.024453233495488613,0.016677089001323767,0.012393103392266888,0.02873721910454549,0.014535096196795327,0.026595226300017052,0.04113032249681238,0.0,0.0,0.0,0.0
2024,target_lbw,0.1,341,246266,260191,351442,39181,48963,45134,56335,0.02417304865470668,0.03972127699316996,0.005762062160428183,0.03972127699316996,0.029935110815134863,0.02417304865470668,0.045483339153598146,0.027054079734920772,0.042602308073384054,0.06965638780830483,0.0,0.0,0.0,0.0
2024,target_lbw,0.05,342,246282,130095,175721,23725,29708,26807,33763,0.01251410984156373,0.024293289805994753,0.003950755637846054,0.024293289805994753,0.016464865479409785,0.01251410984156373,0.028244045443840807,0.014489487660486758,0.02626866762491778,0.04075815528540454,0.0,0.0,0.0,0.0
2024,target_lbw,0.1,342,246282,260191,351442,39539,49308,45372,56536,0.023684231896768743,0.03966591143485923,0.005664238555801893,0.03966591143485923,0.029348470452570635,0.023684231896768743,0.04533014999066112,0.02651635117466969,0.042498030712760176,0.06901438188742987,0.0,0.0,0.0,0.0
2024,target_lbw,0.05,343,246653,130095,175721,23560,29461,26662,33599,0.012576372474691164,0.023924298508430877,0.004200232715596414,0.023924298508430877,0.016776605190287577,0.012576372474691164,0.02812453122402729,0.01467648883248937,0.026024414866229084,0.040700903698718455,0.0,0.0,0.0,0.0
2024,target_lbw,0.1,343,246653,260191,351442,39457,48987,45169,56498,0.023158039837342353,0.038637275849067315,0.007293647350731597,0.038637275849067315,0.03045168718807395,0.023158039837342353,0.04593092319979891,0.026804863512708152,0.042284099524433114,0.06908896303714127,0.0,0.0,0.0,0.0
2024,target_lbw,0.05,344,246003,130095,175721,23714,29713,26945,33895,0.013133986170900364,0.024385881472990173,0.00386580651455469,0.024385881472990173,0.016999792685455054,0.013133986170900364,0.028251687987544863,0.015066889428177709,0.026318784730267518,0.041385674158445226,0.0,0.0,0.0,0.0
2024,target_lbw,0.1,344,246003,260191,351442,39759,49501,45538,56882,0.02349158343597435,0.03960114307549095,0.006512115705906013,0.03960114307549095,0.030003699141880363,0.02349158343597435,0.046113258781396965,0.026747641288927357,0.04285720092844396,0.06960484221737132,0.0,0.0,0.0,0.0
2024,target_lbw,0.05,345,245830,130095,175721,23480,29418,26661,33548,0.01293983647235894,0.0241549037953057,0.0038603913273400348,0.0241549037953057,0.016800227799698975,0.01293983647235894,0.028015295122645736,0.014870032136028957,0.02608509945897572,0.040955131595004676,0.0,0.0,0.0,0.0
2024,target_lbw,0.1,345,245830,260191,351442,39318,49147,45134,56431,0.023658625879672962,0.03998291502257659,0.005971606394662959,0.03998291502257659,0.02963023227433592,0.023658625879672962,0.04595452141723955,0.026644429077004442,0.04296871821990807,0.06961314729691251,0.0,0.0,0.0,0.0
2024,target_lbw,0.05,346,245513,130095,175721,23275,29150,26480,33401,0.01305429855038226,0.023929486422307578,0.004260466859188725,0.023929486422307578,0.017314765409570984,0.01305429855038226,0.028189953281496302,0.015184531979976622,0.02605971985190194,0.04124425183187856,0.0,0.0,0.0,0.0
2024,target_lbw,0.1,346,245513,260191,351442,39006,48798,44986,56163,0.024357162349855216,0.03988383507186993,0.005641249139556742,0.03988383507186993,0.029998411489411958,0.024357162349855216,0.045525084211426675,0.027177786919633587,0.042704459641648304,0.06988224656128189,0.0,0.0,0.0,0.0
2024,target_lbw,0.05,347,245912,130095,175721,23448,29381,26633,33583,0.0129517876313478,0.024126516802758707,0.004135625752301628,0.024126516802758707,0.017087413383649427,0.0129517876313478,0.028262142555060335,0.015019600507498614,0.02619432967890952,0.041213930186408135,0.0,0.0,0.0,0.0
2024,target_lbw,0.1,347,245912,260191,351442,39260,48875,45269,56487,0.024435570447965127,0.039099352613943206,0.0065185920166563605,0.039099352613943206,0.030954162464621487,0.024435570447965127,0.045617944630599566,0.027694866456293307,0.042358648622271386,0.0700535150785647,0.0,0.0,0.0,0.0
2024,target_lbw,0.05,348,245439,130095,175721,23381,29251,26557,33546,0.012940078797583104,0.023916329515684134,0.004559177636805897,0.023916329515684134,0.017499256434389,0.012940078797583104,0.02847550715249003,0.015219667615986053,0.026195918334087083,0.041415585950073136,0.0,0.0,0.0,0.0
2024,target_lbw,0.1,348,245439,260191,351442,39115,48821,45084,56403,0.024319688395079836,0.03954546750923857,0.006571897701669244,0.03954546750923857,0.03089158609674908,0.024319688395079836,0.04611736521090781,0.027605637245914458,0.04283141636007319,0.07043705360598765,0.0,0.0,0.0,0.0
2024,target_lbw,0.05,349,245627,130095,175721,23494,29427,26810,33731,0.013500144528085262,0.024154510701185128,0.004022359105472925,0.024154510701185128,0.017522503633558187,0.013500144528085262,0.028176869806658053,0.015511324080821724,0.02616569025392159,0.041677014334743315,0.0,0.0,0.0,0.0
2024,target_lbw,0.1,349,245627,260191,351442,39217,49006,45267,56469,0.024630842700517463,0.03985311061080418,0.00575262491501341,0.03985311061080418,0.030383467615530874,0.024630842700517463,0.04560573552581759,0.02750715515802417,0.04272942306831089,0.07023657822633506,0.0,0.0,0.0,0.0
2024,target_lbw,0.05,350,245979,130095,175721,23296,29080,26670,33559,0.013716618085283697,0.02351420243191492,0.004492253403745858,0.02351420243191492,0.018208871489029554,0.013716618085283697,0.028006455835660776,0.015962744787156626,0.025760329133787847,0.04172307392094447,0.0,0.0,0.0,0.0
2024,target_lbw,0.1,350,245979,260191,351442,39013,48492,44975,56393,0.02423784144174909,0.03853580996751754,0.007882786741957665,0.03853580996751754,0.032120628183706756,0.02423784144174909,0.04641859670947521,0.028179234812727924,0.042477203338496375,0.0706564381512243,0.0,0.0,0.0,0.0
2024,target_lbw,0.05,351,245384,130095,175721,23408,29165,26803,33682,0.01383545789456525,0.023461187363479283,0.004572425260000651,0.023461187363479283,0.0184078831545659,0.01383545789456525,0.028033612623479934,0.016121670524565576,0.02574739999347961,0.041869070518045184,0.0,0.0,0.0,0.0
2024,target_lbw,0.1,351,245384,260191,351442,38842,48578,45030,56298,0.025217618100609657,0.03967658853062955,0.00624327584520587,0.03967658853062955,0.03146089394581553,0.025217618100609657,0.04591986437583542,0.028339256023212592,0.04279822645323249,0.07113748247644508,0.0,0.0,0.0,0.0
2024,target_lbw,0.05,352,245269,130095,175721,23258,29275,26570,33467,0.013503541010074657,0.02453224826618937,0.0035878973698266065,0.02453224826618937,0.017091438379901264,0.013503541010074657,0.028120145636015975,0.01529748969498796,0.026326196951102672,0.04162368664609063,0.0,0.0,0.0,0.0
2024,target_lbw,0.1,352,245269,260191,351442,39078,48701,45199,56415,0.024956272500805232,0.03923447317027429,0.0064949096706065634,0.03923447317027429,0.031451182171411796,0.024956272500805232,0.04572938284088085,0.028203727336108514,0.04248192800557757,0.07068565534168608,0.0,0.0,0.0,0.0
2024,target_lbw,0.05,353,245396,130095,175721,23219,29119,26577,33534,0.013684004629252303,0.024042771683320016,0.004307323672757504,0.024042771683320016,0.017991328302009807,0.013684004629252303,0.02835009535607752,0.015837666465631055,0.02619643351969877,0.04203409998532982,0.0,0.0,0.0,0.0
2024,target_lbw,0.1,353,245396,260191,351442,38928,48776,45165,56397,0.02541606220150286,0.040131053480904316,0.005639863730460187,0.040131053480904316,0.031055925931963047,0.02541606220150286,0.045770917211364504,0.028235994066732953,0.04295098534613441,0.07118697941286736,0.0,0.0,0.0,0.0
2024,target_lbw,0.05,354,246207,130095,175721,23316,29181,26312,33378,0.012168622338113874,0.023821418562429184,0.004878009154898111,0.023821418562429184,0.017046631493011985,0.012168622338113874,0.028699427717327294,0.01460762691556293,0.02626042313987824,0.04086805005544117,0.0,0.0,0.0,0.0
2024,target_lbw,0.1,354,246207,260191,351442,38877,48573,44911,56127,0.024507832839846144,0.03938149605819494,0.006173666873809436,0.03938149605819494,0.03068149971365558,0.024507832839846144,0.04555516293200437,0.027594666276750862,0.042468329495099655,0.07006299577185052,0.0,0.0,0.0,0.0
2024,target_lbw,0.05,355,246067,130095,175721,23510,29406,26734,33793,0.013102122592627205,0.02396095372398574,0.004726355017129494,0.02396095372398574,0.0178284776097567,0.013102122592627205,0.028687308741115233,0.015465300101191952,0.026324131232550486,0.04178943133374244,0.0,0.0,0.0,0.0
2024,target_lbw,0.1,355,246067,260191,351442,39195,48802,45294,56550,0.024785932286734896,0.03904221208044964,0.0067014268471595195,0.03904221208044964,0.031487359133894416,0.024785932286734896,0.04574363892760916,0.028136645710314656,0.0423929255040294,0.07052957121434406,0.0,0.0,0.0,0.0
2024,target_lbw,0.05,356,246612,130095,175721,23542,29421,26725,33621,0.01290691450537687,0.023839067036478354,0.004123886915478575,0.023839067036478354,0.017030801420855446,0.01290691450537687,0.02796295395195693,0.014968857963116158,0.02590101049421764,0.0408698684573338,0.0,0.0,0.0,0.0
2024,target_lbw,0.1,356,246612,260191,351442,39358,48974,45252,56644,0.023899891327267136,0.03899242534832045,0.0072015960293902725,0.03899242534832045,0.03110148735665741,0.023899891327267136,0.046194021377710726,0.027500689341962273,0.04259322336301559,0.07009391270497786,0.0,0.0,0.0,0.0
2024,target_lbw,0.05,357,246885,130095,175721,23395,29255,26784,33641,0.013727038904753228,0.023735747412763034,0.004038317435243133,0.023735747412763034,0.01776535633999636,0.013727038904753228,0.027774064848006166,0.015746197622374794,0.0257549061303846,0.041501103752759394,0.0,0.0,0.0,0.0
2024,target_lbw,0.1,357,246885,260191,351442,39217,48935,45120,56387,0.023909917572959072,0.039362456204305646,0.00627417623589932,0.039362456204305646,0.030184093808858392,0.023909917572959072,0.045636632440204966,0.027047005690908732,0.042499544322255306,0.06954655001316404,0.0,0.0,0.0,0.0
2024,target_lbw,0.05,358,245650,130095,175721,23480,29284,26669,33605,0.01298188479544067,0.02362711174435171,0.004608182373295355,0.02362711174435171,0.017590067168736026,0.01298188479544067,0.028235294117647067,0.015285975982088348,0.02593120293099939,0.04121717891308774,0.0,0.0,0.0,0.0
2024,target_lbw,0.1,358,245650,260191,351442,39092,48753,45171,56285,0.024746590677793612,0.03932831263993486,0.005914919601058416,0.03932831263993486,0.030661510278852028,0.024746590677793612,0.045243232240993275,0.02770405047832282,0.04228577244046407,0.06998982291878689,0.0,0.0,0.0,0.0
2024,target_lbw,0.05,359,246646,130095,175721,23418,29232,26699,33684,0.013302465882276626,0.02357224524216893,0.004747695077155112,0.02357224524216893,0.018050160959431738,0.013302465882276626,0.02831994031932404,0.015676313420854182,0.025946092780746485,0.04162240620160067,0.0,0.0,0.0,0.0
2024,target_lbw,0.1,359,246646,260191,351442,39115,48778,45188,56581,0.024622333222513226,0.039177606772459295,0.0070141011814503496,0.039177606772459295,0.031636434403963576,0.024622333222513226,0.046191707953909644,0.0281293838132384,0.04268465736318447,0.07081404117642287,0.0,0.0,0.0,0.0
2024,target_lbw,0.05,360,246212,130095,175721,23505,29394,26651,33589,0.01277760629051386,0.0239184117752181,0.004260555943658331,0.0239184117752181,0.01703816223417219,0.01277760629051386,0.02817896771887643,0.014907884262343025,0.026048689747047264,0.04095657400939029,0.0,0.0,0.0,0.0
2024,target_lbw,0.1,360,246212,260191,351442,39387,49089,45202,56604,0.023617857781099205,0.039405065553263036,0.00690461878381235,0.039405065553263036,0.030522476564911555,0.023617857781099205,0.046309684337075385,0.02707016717300538,0.04285737494516921,0.06992754211817459,0.0,0.0,0.0,0.0
2024,target_lbw,0.05,361,246363,130095,175721,23572,29442,26613,33549,0.012343574319195666,0.023826629810482905,0.004326948445992296,0.023826629810482905,0.01667052276518796,0.012343574319195666,0.0281535782564752,0.014507048542191814,0.025990104033479053,0.04049715257567087,0.0,0.0,0.0,0.0
2024,target_lbw,0.1,361,246363,260191,351442,39146,48988,45139,56358,0.024325893092712797,0.039949180680540514,0.005589313330329637,0.039949180680540514,0.029915206423042434,0.024325893092712797,0.04553849401087015,0.027120549757877616,0.04274383734570533,0.06986438710358295,0.0,0.0,0.0,0.0
2024,target_lbw,0.05,362,245141,130095,175721,23293,29274,26643,33492,0.013665604692809433,0.02439820348289351,0.003540819365181691,0.02439820348289351,0.017206424057991124,0.013665604692809433,0.0279390228480752,0.015436014375400278,0.026168613165484356,0.041604627540884634,0.0,0.0,0.0,0.0
2024,target_lbw,0.1,362,245141,260191,351442,39103,48929,45083,56180,0.024394124197910594,0.04008305424225242,0.005184771213301714,0.04008305424225242,0.029578895411212308,0.024394124197910594,0.045267825455554134,0.02698650980456145,0.04267543984890328,0.06966194965346473,0.0,0.0,0.0,0.0
2024,target_lbw,0.05,363,246377,130095,175721,23358,29212,26460,33455,0.012590460960235736,0.023760334771508698,0.0046311141056186444,0.023760334771508698,0.01722157506585438,0.012590460960235736,0.028391448877127343,0.014906018013045058,0.02607589182431802,0.04098190983736308,0.0,0.0,0.0,0.0
2024,target_lbw,0.1,363,246377,260191,351442,39086,48780,44964,56359,0.023857746461723284,0.03934620520584306,0.0069040535439590656,0.03934620520584306,0.03076180000568235,0.023857746461723284,0.046250258749802126,0.027309773233702817,0.04279823197782259,0.07010800521152541,0.0,0.0,0.0,0.0
2024,target_lbw,0.05,364,245145,130095,175721,23679,29390,26910,33833,0.013179954720675527,0.02329641640661649,0.0049440127271614676,0.02329641640661649,0.018123967447836994,0.013179954720675527,0.02824042913377796,0.01565196108425626,0.025768422770197225,0.041420383854453485,0.0,0.0,0.0,0.0
2024,target_lbw,0.1,364,245145,260191,351442,39226,48851,45146,56437,0.024148973056762335,0.03926247730934754,0.006795977890636129,0.03926247730934754,0.030944950947398464,0.024148973056762335,0.04605845519998367,0.0275469620020804,0.0426604662546656,0.070207428256746,0.0,0.0,0.0,0.0
2024,target_lbw,0.05,365,245666,130095,175721,23208,29071,26525,33491,0.01350207191878404,0.02386573640634032,0.004489835793312857,0.02386573640634032,0.017991907712096897,0.01350207191878404,0.02835557219965318,0.015746989815440468,0.02611065430299675,0.04185764411843722,0.0,0.0,0.0,0.0
2024,target_lbw,0.1,365,245666,260191,351442,38855,48461,44936,56361,0.024753120089878122,0.03910187001864318,0.00740436201997835,0.03910187001864318,0.03215748210985647,0.024753120089878122,0.04650623203862153,0.028455301099867297,0.042804051028632356,0.07125935212849965,0.0,0.0,0.0,0.0
2024,target_lbw,0.05,366,245961,130095,175721,23655,29578,26834,33868,0.012924813283406722,0.024081053500351682,0.004516976268595416,0.024081053500351682,0.017441789552002138,0.012924813283406722,0.028598029768947097,0.01518330141770443,0.02633954163464939,0.04152284305235382,0.0,0.0,0.0,0.0
2024,target_lbw,0.1,366,245961,260191,351442,39564,49326,45439,56811,0.02388590061025936,0.03968921902252798,0.006545753188513609,0.03968921902252798,0.030431653798772967,0.02388590061025936,0.046234972211041586,0.027158777204516163,0.04296209561678478,0.07012087282130094,0.0,0.0,0.0,0.0
2024,target_lbw,0.05,367,245668,130095,175721,23724,29472,26937,33899,0.013078626438933844,0.02339743067880229,0.004941628539329501,0.02339743067880229,0.018020254978263345,0.013078626438933844,0.02833905921813179,0.015549440708598594,0.02586824494846704,0.041417685657065634,0.0,0.0,0.0,0.0
2024,target_lbw,0.1,367,245668,260191,351442,39438,49147,45324,56647,0.02395916440073595,0.03952081671198526,0.006569842226093747,0.03952081671198526,0.030529006626829697,0.02395916440073595,0.04609065893807901,0.027244085513782823,0.042805737825032136,0.07004982333881496,0.0,0.0,0.0,0.0
2024,target_lbw,0.05,368,246068,130095,175721,23360,29268,26411,33480,0.01239901165531479,0.024009623356145454,0.004718207975031294,0.024009623356145454,0.017117219630346084,0.01239901165531479,0.028727831331176748,0.014758115642830437,0.0263687273436611,0.04112684298649154,0.0,0.0,0.0,0.0
2024,target_lbw,0.1,368,246068,260191,351442,39138,48698,45062,56394,0.02407464603280396,0.038851049303444574,0.007201261439927165,0.038851049303444574,0.031275907472731124,0.02407464603280396,0.04605231074337174,0.02767527675276754,0.042451680023408156,0.0701269567761757,0.0,0.0,0.0,0.0
2024,target_lbw,0.05,369,245924,130095,175721,23345,29308,26571,33591,0.013117873814674441,0.024247328442933577,0.004298075828304687,0.024247328442933577,0.01741594964297913,0.013117873814674441,0.028545404271238264,0.015266911728826785,0.02639636635708592,0.041663278085912706,0.0,0.0,0.0,0.0
2024,target_lbw,0.1,369,245924,260191,351442,39161,48906,45205,56411,0.02457669849221711,0.03962606333664059,0.005940859777817553,0.03962606333664059,0.03051755827003466,0.02457669849221711,0.04556692311445815,0.027547128381125885,0.04259649322554937,0.07014362160667525,0.0,0.0,0.0,0.0
2024,target_lbw,0.05,370,246162,130095,175721,23620,29539,26682,33561,0.01243896295935197,0.024045141004704215,0.0038998708167791857,0.024045141004704215,0.016338833776131156,0.01243896295935197,0.0279450118214834,0.014388898367741564,0.025995076413093808,0.04038397478083537,0.0,0.0,0.0,0.0
2024,target_lbw,0.1,370,246162,260191,351442,39577,49312,45096,56507,0.022420194831046236,0.03954712750140152,0.006808524467627003,0.03954712750140152,0.02922871929867324,0.022420194831046236,0.04635565196902852,0.025824457064859738,0.04295138973521502,0.06877584680007476,0.0,0.0,0.0,0.0
2024,target_lbw,0.05,371,246098,130095,175721,23361,29125,26536,33511,0.012901364497070272,0.023421563767279704,0.004920803907386473,0.023421563767279704,0.017822168404456745,0.012901364497070272,0.028342367674666177,0.015361766450763509,0.02588196572097294,0.04124373217173645,0.0,0.0,0.0,0.0
2024,target_lbw,0.1,371,246098,260191,351442,39061,48836,44887,56353,0.023673495924387833,0.03971994896342107,0.0068712464140301965,0.03971994896342107,0.03054474233841803,0.023673495924387833,0.04659119537745127,0.02710911913140293,0.04315557217043617,0.0702646913018391,0.0,0.0,0.0,0.0
2024,target_lbw,0.05,372,246065,130095,175721,23521,29362,26742,33657,0.013090037185296569,0.023737630300936743,0.0043647003840448645,0.023737630300936743,0.017454737569341433,0.013090037185296569,0.028102330684981608,0.015272387377319,0.025919980492959176,0.041192367870278176,0.0,0.0,0.0,0.0
2024,target_lbw,0.1,372,246065,260191,351442,39080,48844,45330,56542,0.025399792737691246,0.03968057220653079,0.005884623981468329,0.03968057220653079,0.031284416719159575,0.025399792737691246,0.04556519618799912,0.02834210472842541,0.042622884197264954,0.07096498892569036,0.0,0.0,0.0,0.0
2024,target_lbw,0.05,373,246160,130095,175721,23529,29445,26416,33518,0.011728144296392587,0.02403314917127071,0.004818004549886262,0.02403314917127071,0.01654614884627885,0.011728144296392587,0.028851153721156972,0.014137146571335718,0.02644215144621384,0.04057929801754956,0.0,0.0,0.0,0.0
2024,target_lbw,0.1,373,246160,260191,351442,39203,48996,45209,56347,0.02439876503087421,0.03978306792330191,0.005463925901852462,0.03978306792330191,0.02986269093272667,0.02439876503087421,0.045246993825154375,0.02713072798180044,0.042515030874228144,0.06964575885602858,0.0,0.0,0.0,0.0
2024,target_lbw,0.05,374,246482,130095,175721,23799,29769,26736,33863,0.011915677412549383,0.024220835598542684,0.004694054738277054,0.024220835598542684,0.016609732150826437,0.011915677412549383,0.028914890336819737,0.01426270478168791,0.02656786296768121,0.04083056774936912,0.0,0.0,0.0,0.0
2024,target_lbw,0.1,374,246482,260191,351442,39722,49436,45584,56895,0.023782669728418304,0.03941058576285489,0.006479174949894945,0.03941058576285489,0.03026184467831325,0.023782669728418304,0.04588976071274983,0.027022257203365777,0.04265017323780236,0.06967243044116814,0.0,0.0,0.0,0.0
2024,target_lbw,0.05,375,245702,130095,175721,23480,29382,26483,33326,0.012222122734043675,0.024020968490284983,0.0038298426549234488,0.024020968490284983,0.016051965388967124,0.012222122734043675,0.02785081114520843,0.0141370440615054,0.025935889817746707,0.04007293387925211,0.0,0.0,0.0,0.0
2024,target_lbw,0.1,375,245702,260191,351442,39170,48866,45024,56093,0.023825609885145427,0.03946243823819098,0.005588070101179482,0.03946243823819098,0.02941367998632491,0.023825609885145427,0.045050508339370465,0.026619644935735168,0.042256473288780724,0.06887611822451589,0.0,0.0,0.0,0.0
2024,target_lbw,0.05,376,245746,130095,175721,23525,29380,26739,33718,0.013078544513440718,0.02382541323154802,0.004573828261701093,0.02382541323154802,0.01765237277514181,0.013078544513440718,0.028399241493249114,0.015365458644291265,0.026112327362398567,0.04147778600668983,0.0,0.0,0.0,0.0
2024,target_lbw,0.1,376,245746,260191,351442,39109,48843,45172,56421,0.024671815614496273,0.0396100038250877,0.006164901971954767,0.0396100038250877,0.03083671758645104,0.024671815614496273,0.045774905797042464,0.027754266600473657,0.04269245481106508,0.07044672141153874,0.0,0.0,0.0,0.0
2024,target_lbw,0.05,377,245075,130095,175721,23423,29156,26509,33529,0.012592063653983479,0.02339283892685913,0.005251453636641826,0.02339283892685913,0.017843517290625305,0.012592063653983479,0.028644292563500956,0.015217790472304392,0.026018565745180043,0.041236356217484435,0.0,0.0,0.0,0.0
2024,target_lbw,0.1,377,245075,260191,351442,38919,48705,44921,56001,0.02449046210343772,0.03993063347954706,0.005280016321534242,0.03993063347954706,0.029770478424971963,0.02449046210343772,0.045210649801081304,0.027130470264204842,0.04257064164031418,0.06970111190451903,0.0,0.0,0.0,0.0
2024,target_lbw,0.05,378,245183,130095,175721,23278,29252,26701,33547,0.013961000558766312,0.024365473952109237,0.003556527165423373,0.024365473952109237,0.017517527724189685,0.013961000558766312,0.02792200111753261,0.015739264141478,0.026143737534820924,0.04188300167629892,0.0,0.0,0.0,0.0
2024,target_lbw,0.1,378,245183,260191,351442,39104,48941,45152,56527,0.024667289330826347,0.040121052438382765,0.00627286557387749,0.040121052438382765,0.030940154904703837,0.024667289330826347,0.046393918012260255,0.027803722117765092,0.04325748522532151,0.0710612073430866,0.0,0.0,0.0,0.0
2024,target_lbw,0.05,379,245459,130095,175721,23257,29059,26383,33361,0.01273532443300103,0.023637348803669855,0.0047910241628948275,0.023637348803669855,0.017526348595895858,0.01273532443300103,0.028428372966564683,0.015130836514448444,0.02603286088511727,0.04116369739956571,0.0,0.0,0.0,0.0
2024,target_lbw,0.1,379,245459,260191,351442,38997,48654,44807,56095,0.023669940804777995,0.03934261933764907,0.006644694225919595,0.03934261933764907,0.03031463503069759,0.023669940804777995,0.045987313563568666,0.026992287917737792,0.04266496645060887,0.06965725436834666,0.0,0.0,0.0,0.0
2024,target_lbw,0.05,380,246204,130095,175721,23262,29162,26738,33681,0.014118373381423535,0.023963867362024993,0.004236324348913911,0.023963867362024993,0.018354697730337446,0.014118373381423535,0.028200191710938904,0.01623653555588049,0.02608202953648195,0.04231856509236244,0.0,0.0,0.0,0.0
2024,target_lbw,0.1,380,246204,260191,351442,38923,48602,45230,56531,0.025616968042761284,0.03931292749102372,0.00658803268833974,0.03931292749102372,0.032205000731101024,0.025616968042761284,0.04590096017936346,0.028910984386931154,0.04260694383519359,0.07151792822212474,0.0,0.0,0.0,0.0
2024,target_lbw,0.05,381,245974,130095,175721,23368,29300,26578,33568,0.01305015977298414,0.024116370022847944,0.004301267613650225,0.024116370022847944,0.017351427386634366,0.01305015977298414,0.02841763763649817,0.015200793579809253,0.026267003829673057,0.04146779740948231,0.0,0.0,0.0,0.0
2024,target_lbw,0.1,381,245974,260191,351442,39164,48882,45264,56491,0.02479936903900412,0.03950824070836753,0.006134794734402843,0.03950824070836753,0.030934163773406964,0.02479936903900412,0.045643035442770374,0.027866766406205543,0.04257563807556895,0.0704424044817745,0.0,0.0,0.0,0.0
2024,target_lbw,0.05,382,246142,130095,175721,23547,29566,26747,33658,0.013000625655109649,0.02445336431815781,0.0036239244013618055,0.02445336431815781,0.016624550056471454,0.013000625655109649,0.028077288719519616,0.014812587855790552,0.026265326518838714,0.041077914374629265,0.0,0.0,0.0,0.0
2024,target_lbw,0.1,382,246142,260191,351442,39351,49116,45442,56649,0.024745878395397797,0.03967222172567056,0.005858406935833754,0.03967222172567056,0.03060428533123155,0.024745878395397797,0.04553062866150431,0.027675081863314674,0.042601425193587436,0.07027650705690211,0.0,0.0,0.0,0.0
2024,target_lbw,0.05,383,245700,130095,175721,23618,29552,26703,33634,0.012555962555962558,0.024151404151404154,0.004057794057794065,0.024151404151404154,0.016613756613756622,0.012555962555962558,0.02820919820919822,0.01458485958485959,0.026180301180301187,0.04076516076516078,0.0,0.0,0.0,0.0
2024,target_lbw,0.1,383,245700,260191,351442,39301,48879,45237,56397,0.02415954415954416,0.038982498982498975,0.006438746438746451,0.038982498982498975,0.03059829059829061,0.02415954415954416,0.045421245421245426,0.027378917378917386,0.0422018722018722,0.06958078958078959,0.0,0.0,0.0,0.0
2024,target_lbw,0.05,384,245837,130095,175721,23617,29497,26831,33668,0.013073703307476092,0.023918287320460294,0.0038928232934830886,0.023918287320460294,0.01696652660095918,0.013073703307476092,0.027811110613943382,0.015020114954217637,0.025864698967201838,0.040884813921419474,0.0,0.0,0.0,0.0
2024,target_lbw,0.1,384,245837,260191,351442,39469,49123,45268,56680,0.023588800709413132,0.03926992275369451,0.007151079780504999,0.03926992275369451,0.03073988048991813,0.023588800709413132,0.04642100253419951,0.027164340599665632,0.04284546264394701,0.07000980324361264,0.0,0.0,0.0,0.0
2024,target_lbw,0.05,385,245478,130095,175721,23361,29282,26538,33398,0.012942096644098441,0.024120287765095033,0.0038251900373964393,0.024120287765095033,0.01676728668149488,0.012942096644098441,0.027945477802491472,0.014854691662796661,0.026032882783793253,0.040887574446589914,0.0,0.0,0.0,0.0
2024,target_lbw,0.1,385,245478,260191,351442,39149,48948,44933,56259,0.023562192946007393,0.03991803746160552,0.0062205167061814,0.03991803746160552,0.029782709652188794,0.023562192946007393,0.04613855416778692,0.026672451299098093,0.04302829581469622,0.06970074711379431,0.0,0.0,0.0,0.0
2024,target_lbw,0.05,386,246716,130095,175721,23365,29240,26784,33682,0.013858039202970213,0.023812805006566254,0.004146468003696571,0.023812805006566254,0.018004507206666784,0.013858039202970213,0.027959273010262825,0.015931273204818498,0.02588603900841454,0.04181731221323304,0.0,0.0,0.0,0.0
2024,target_lbw,0.1,386,246716,260191,351442,39166,48943,45182,56555,0.024384312326723834,0.039628560774331634,0.006468976474975269,0.039628560774331634,0.030853288801699102,0.024384312326723834,0.0460975372493069,0.027618800564211468,0.04286304901181927,0.07048184957603074,0.0,0.0,0.0,0.0
2024,target_lbw,0.05,387,246373,130095,175721,23622,29535,26992,33874,0.013678446907737452,0.02400019482654349,0.0039330608467648825,0.02400019482654349,0.017611507754502334,0.013678446907737452,0.02793325567330837,0.015644977331119893,0.02596672524992593,0.04161170258104582,0.0,0.0,0.0,0.0
2024,target_lbw,0.1,387,246373,260191,351442,39387,49126,45416,56558,0.024471025639984906,0.039529493897464435,0.00569461751084735,0.039529493897464435,0.030165643150832255,0.024471025639984906,0.045224111408311785,0.02731833439540858,0.04237680265288811,0.06969513704829669,0.0,0.0,0.0,0.0
2024,target_lbw,0.05,388,246301,130095,175721,23547,29369,26881,33764,0.013536282840914168,0.023637744061128466,0.0043077372808068,0.023637744061128466,0.01784402012172097,0.013536282840914168,0.027945481341935266,0.01569015148131757,0.025791612701531866,0.041481764182849434,0.0,0.0,0.0,0.0
2024,target_lbw,0.1,388,246301,260191,351442,39158,48891,45278,56474,0.024847645766765042,0.039516688929399385,0.005939886561564911,0.039516688929399385,0.030787532328329953,0.024847645766765042,0.045456575490964296,0.027817589047547497,0.04248663221018184,0.07030422125772934,0.0,0.0,0.0,0.0
2024,target_lbw,0.05,389,246478,130095,175721,23278,29149,26583,33449,0.013408904648690753,0.023819570103619805,0.0040368714449159765,0.023819570103619805,0.01744577609360673,0.013408904648690753,0.027856441548535782,0.015427340371148741,0.025838005826077794,0.041265346197226535,0.0,0.0,0.0,0.0
2024,target_lbw,0.1,389,246478,260191,351442,39203,49092,45007,56444,0.023547740569138026,0.04012122785806441,0.006280479393698413,0.04012122785806441,0.02982821996283644,0.023547740569138026,0.04640170725176282,0.026687980265987232,0.04326146755491361,0.06994944782090085,0.0,0.0,0.0,0.0
2024,target_lbw,0.05,390,246940,130095,175721,23427,29262,26849,33687,0.013857617234955863,0.02362922167328095,0.004061715396452573,0.02362922167328095,0.017919332631408436,0.013857617234955863,0.027690937069733523,0.01588847493318215,0.025660079371507237,0.041548554304689386,0.0,0.0,0.0,0.0
2024,target_lbw,0.1,390,246940,260191,351442,39004,48722,45205,56472,0.02511136308414999,0.039353689155260385,0.006272778812667051,0.039353689155260385,0.03138414189681704,0.02511136308414999,0.04562646796792744,0.028247752490483516,0.04249007856159391,0.07073783105207743,0.0,0.0,0.0,0.0
2024,target_lbw,0.05,391,246337,130095,175721,23453,29327,26831,33695,0.01371292172917589,0.023845382545050073,0.004018884698603953,0.023845382545050073,0.017731806427779842,0.01371292172917589,0.027864267243654026,0.015722364078477866,0.02585482489435205,0.041577188972829915,0.0,0.0,0.0,0.0
2024,target_lbw,0.1,391,246337,260191,351442,39199,48923,45208,56422,0.024393412276677878,0.039474378595176524,0.006048624445373629,0.039474378595176524,0.030442036722051508,0.024393412276677878,0.04552300304055015,0.027417724499364693,0.04249869081786334,0.06991641531722803,0.0,0.0,0.0,0.0
2024,target_lbw,0.05,392,245920,130095,175721,23417,29271,26656,33512,0.013170949902407289,0.023804489264801554,0.004074495770982442,0.023804489264801554,0.01724544567338973,0.013170949902407289,0.027878985035783996,0.01520819778789851,0.025841737150292775,0.041049934938191285,0.0,0.0,0.0,0.0
2024,target_lbw,0.1,392,245920,260191,351442,39231,48904,45055,56374,0.02368249837345479,0.03933392973324659,0.006693233571893276,0.03933392973324659,0.030375731945348067,0.02368249837345479,0.04602716330513987,0.02702911515940143,0.04268054651919323,0.06970966167859466,0.0,0.0,0.0,0.0
2024,target_lbw,0.05,393,245919,130095,175721,23460,29340,26938,33817,0.014142868180173157,0.02391031193197761,0.00406231320068802,0.02391031193197761,0.018205181380861177,0.014142868180173157,0.02797262513266563,0.016174024780517167,0.02594146853232162,0.042115493312838786,0.0,0.0,0.0,0.0
2024,target_lbw,0.1,393,245919,260191,351442,39152,48831,45298,56448,0.02499196890032898,0.03935848795741689,0.005981644362574645,0.03935848795741689,0.030973613262903626,0.02499196890032898,0.04534013231999154,0.027982791081616304,0.042349310138704216,0.07033210122032052,0.0,0.0,0.0,0.0
2024,target_lbw,0.05,394,246226,130095,175721,23609,29555,26887,33900,0.013312972634896392,0.02414854645731969,0.0043334172670635995,0.02414854645731969,0.01764638990195999,0.013312972634896392,0.02848196372438329,0.015479681268428191,0.02631525509085149,0.04179493635927968,0.0,0.0,0.0,0.0
2024,target_lbw,0.1,394,246226,260191,351442,39447,49173,45536,56776,0.024729313719915852,0.03950029647559558,0.00614882262636765,0.03950029647559558,0.030878136346283502,0.024729313719915852,0.04564911910196323,0.027803725033099677,0.042574707788779406,0.07037843282187908,0.0,0.0,0.0,0.0
2024,target_lbw,0.05,395,246333,130095,175721,23490,29447,26601,33620,0.012629245777057874,0.024182712019908,0.004311237227655251,0.024182712019908,0.016940483004713125,0.012629245777057874,0.028493949247563252,0.0147848643908855,0.026338330633735627,0.041123195024621126,0.0,0.0,0.0,0.0
2024,target_lbw,0.1,395,246333,260191,351442,39321,49013,45229,56692,0.023983794294714894,0.03934511413411926,0.007189454924837496,0.03934511413411926,0.03117324921955239,0.023983794294714894,0.046534569058956754,0.027578521757133642,0.042939841596538006,0.07051836335367165,0.0,0.0,0.0,0.0
2024,target_lbw,0.05,396,246018,130095,175721,23457,29214,26747,33775,0.013373005227259802,0.023400726776089564,0.00516628864554626,0.023400726776089564,0.018539293872806062,0.013373005227259802,0.028567015421635825,0.01595614955003293,0.025983871098862694,0.041940020648895626,0.0,0.0,0.0,0.0
2024,target_lbw,0.1,396,246018,260191,351442,39122,48833,45028,56301,0.02400637351738491,0.03947272150818232,0.006349128925525777,0.03947272150818232,0.030355502442910687,0.02400637351738491,0.045821850433708095,0.0271809379801478,0.042647285970945206,0.069828223951093,0.0,0.0,0.0,0.0
2024,target_lbw,0.05,397,245372,130095,175721,23415,29274,26659,33536,0.013220742382993977,0.023878030093083147,0.004148802634367413,0.023878030093083147,0.01736954501736139,0.013220742382993977,0.02802683272745056,0.015295143700177684,0.025952431410266853,0.04124757511044454,0.0,0.0,0.0,0.0
2024,target_lbw,0.1,397,245372,260191,351442,39117,48846,44936,56223,0.023715012307842787,0.039650000815088904,0.006349542735112401,0.039650000815088904,0.030064555042955188,0.023715012307842787,0.045999543550201305,0.026889783675398987,0.042824772182645104,0.06971455585804409,0.0,0.0,0.0,0.0
2024,target_lbw,0.05,398,245912,130095,175721,23520,29474,26723,33665,0.013024984547317736,0.024211913204723642,0.004017697387683386,0.024211913204723642,0.017042681935001122,0.013024984547317736,0.02822961059240703,0.01503383324115943,0.026220761898565335,0.041254595139724765,0.0,0.0,0.0,0.0
2024,target_lbw,0.1,398,245912,260191,351442,39309,49177,45214,56499,0.024012654933472127,0.04012817593285403,0.005762223884966999,0.04012817593285403,0.029774878818439127,0.024012654933472127,0.04589039981782103,0.026893766875955627,0.04300928787533753,0.06990305475129316,0.0,0.0,0.0,0.0
2024,target_lbw,0.05,399,246449,130095,175721,23386,29345,26774,33661,0.01374726616865965,0.02417944483442823,0.0037654849482042924,0.02417944483442823,0.017512751116863942,0.01374726616865965,0.02794492978263252,0.015630008642761796,0.026062187308530375,0.04169219595129217,0.0,0.0,0.0,0.0
2024,target_lbw,0.1,399,246449,260191,351442,39128,48722,45283,56405,0.02497474122435067,0.03892894675977587,0.006200065733681204,0.03892894675977587,0.031174806958031875,0.02497474122435067,0.04512901249345708,0.028074774091191274,0.042028979626616475,0.07010375371780775,0.0,0.0,0.0,0.0
2024,target_lbw,0.05,400,246307,130095,175721,23592,29516,26725,33745,0.01271989833825267,0.024051285590746513,0.004449731432724188,0.024051285590746513,0.017169629770976857,0.01271989833825267,0.0285010170234707,0.014944764054614763,0.026276151307108607,0.04122091536172337,0.0,0.0,0.0,0.0
2024,target_lbw,0.1,400,246307,260191,351442,39500,49194,45383,56756,0.023884826659412828,0.03935738732557337,0.006816696236810166,0.03935738732557337,0.030701522896222994,0.023884826659412828,0.04617408356238353,0.02729317477781791,0.04276573544397845,0.07005891022179636,0.0,0.0,0.0,0.0
2024,target_lbw,0.05,401,245619,130095,175721,23403,29352,26554,33514,0.012828812103298198,0.024220438972555047,0.004116131081064567,0.024220438972555047,0.016944943184362765,0.012828812103298198,0.028336570053619614,0.014886877643830482,0.02627850451308733,0.04116538215691781,0.0,0.0,0.0,0.0
2024,target_lbw,0.1,401,245619,260191,351442,39281,48825,45047,56481,0.02347538260476592,0.038856928820653114,0.007694844454215671,0.038856928820653114,0.031170227058981592,0.02347538260476592,0.046551773274868785,0.027322804831873757,0.04270435104776095,0.0700271558796347,0.0,0.0,0.0,0.0
2024,target_lbw,0.05,402,246639,130095,175721,23562,29336,26837,33844,0.013278516374133867,0.02341073390664089,0.004999209370780758,0.02341073390664089,0.018277725744914625,0.013278516374133867,0.028409943277421648,0.015778121059524246,0.02591033859203127,0.041688459651555515,0.0,0.0,0.0,0.0
2024,target_lbw,0.1,402,246639,260191,351442,39249,49001,45323,56562,0.024627086551599703,0.0395395699787949,0.006029054610179274,0.0395395699787949,0.030656141161778977,0.024627086551599703,0.04556862458897418,0.02764161385668934,0.04255409728388454,0.07019571114057388,0.0,0.0,0.0,0.0
2024,target_lbw,0.05,403,245079,130095,175721,23353,29118,26609,33535,0.0132855120185736,0.02352302726875824,0.004737247989423821,0.02352302726875824,0.01802276000799742,0.0132855120185736,0.02826027525818206,0.01565413601328551,0.02589165126347015,0.04154578727675566,0.0,0.0,0.0,0.0
2024,target_lbw,0.1,403,245079,260191,351442,38874,48650,44930,56126,0.02471039950383344,0.03988917859139299,0.005794050081810359,0.03988917859139299,0.0305044495856438,0.02471039950383344,0.04568322867320335,0.02760742454473862,0.04278620363229817,0.07039362817703679,0.0,0.0,0.0,0.0
2024,target_lbw,0.05,404,245897,130095,175721,23515,29345,26683,33732,0.012883443067625872,0.023709113978617066,0.0049573601955290175,0.023709113978617066,0.01784080326315489,0.012883443067625872,0.028666474174146084,0.01536212316539038,0.026187794076381575,0.041549917241771955,0.0,0.0,0.0,0.0
2024,target_lbw,0.1,404,245897,260191,351442,39244,48901,45103,56464,0.023827049537001266,0.039272540941939105,0.006929730740919987,0.039272540941939105,0.030756780277921253,0.023827049537001266,0.04620227168285909,0.02729191490746126,0.0427374063123991,0.07002932121986036,0.0,0.0,0.0,0.0
2024,target_lbw,0.05,405,245297,130095,175721,23510,29515,26667,33539,0.012870112557430383,0.02448052768684493,0.0035344908417143245,0.02448052768684493,0.016404603399144707,0.012870112557430383,0.028015018528559255,0.014637357978287545,0.026247773107702092,0.04088513108598964,0.0,0.0,0.0,0.0
2024,target_lbw,0.1,405,245297,260191,351442,39358,49031,45199,56366,0.023811950411134236,0.03943382919481281,0.00609057591409598,0.03943382919481281,0.029902526325230216,0.023811950411134236,0.04552440510890879,0.026857238368182226,0.0424791171518608,0.06933635552004302,0.0,0.0,0.0,0.0
2024,target_lbw,0.05,406,245932,130095,175721,23568,29338,26604,33691,0.012344875819332177,0.023461769920140527,0.005355138818860489,0.023461769920140527,0.017700014638192665,0.012344875819332177,0.028816908739001015,0.015022445228762421,0.02613933932957077,0.04116178455833319,0.0,0.0,0.0,0.0
2024,target_lbw,0.1,406,245932,260191,351442,39294,49050,45143,56469,0.023782996925979544,0.039669502138802604,0.006383878470471505,0.039669502138802604,0.03016687539645105,0.023782996925979544,0.04605338060927411,0.026974936161215296,0.042861441374038356,0.06983637753525365,0.0,0.0,0.0,0.0
2024,target_lbw,0.05,407,246038,130095,175721,23574,29465,26747,33705,0.01289638185971273,0.023943455888927725,0.004336728472837545,0.023943455888927725,0.017233110332550275,0.01289638185971273,0.02828018436176527,0.015064746096131502,0.026111820125346498,0.041176566221478,0.0,0.0,0.0,0.0
2024,target_lbw,0.1,407,246038,260191,351442,39287,48877,45232,56307,0.024162934180898904,0.03897771888895213,0.006035653029206833,0.03897771888895213,0.030198587210105737,0.024162934180898904,0.04501337191815896,0.02718076069550232,0.041995545403555545,0.06917630609905787,0.0,0.0,0.0,0.0
2024,target_lbw,0.05,408,245870,130095,175721,23220,29181,26486,33396,0.013283442469597756,0.02424451946150405,0.0038597632895432388,0.02424451946150405,0.017143205759140995,0.013283442469597756,0.028104282751047288,0.015213324114369375,0.02617440110627567,0.041387725220645044,0.0,0.0,0.0,0.0
2024,target_lbw,0.1,408,245870,260191,351442,38976,48709,44938,56172,0.024248586651482495,0.03958596006019441,0.0061048521576442805,0.03958596006019441,0.030353438809126776,0.024248586651482495,0.04569081221783869,0.027301012730304636,0.04263838613901655,0.06993939886932118,0.0,0.0,0.0,0.0
2024,target_lbw,0.05,409,245888,130095,175721,23469,29393,26594,33553,0.01270903826132222,0.02409226965122331,0.004209233472149951,0.02409226965122331,0.01691827173347217,0.01270903826132222,0.02830150312337326,0.014813654997397195,0.026196886387298286,0.04101054138469548,0.0,0.0,0.0,0.0
2024,target_lbw,0.1,409,245888,260191,351442,39515,49286,45195,56572,0.023099947943779287,0.039737604112441455,0.006531428943258699,0.039737604112441455,0.029631376887037986,0.023099947943779287,0.046269033055700154,0.026365662415408636,0.043003318584070804,0.06936898099947944,0.0,0.0,0.0,0.0
2024,target_lbw,0.05,410,245535,130095,175721,23517,29372,26688,33614,0.012914655751725818,0.023845887551672884,0.004361903598265007,0.023845887551672884,0.017276559349990825,0.012914655751725818,0.02820779114993789,0.015095607550858321,0.026026839350805388,0.04112244690166371,0.0,0.0,0.0,0.0
2024,target_lbw,0.1,410,245535,260191,351442,39224,49033,45207,56504,0.024367198159121917,0.03994949803490336,0.006060235811595094,0.03994949803490336,0.03042743397071701,0.024367198159121917,0.04600973384649845,0.027397316064919464,0.042979615940700905,0.07037693200562037,0.0,0.0,0.0,0.0
2024,target_lbw,0.05,411,246342,130095,175721,23405,29246,26595,33575,0.012949476743714022,0.023710938451421193,0.004623653295012645,0.023710938451421193,0.017573130038726667,0.012949476743714022,0.028334591746433838,0.015261303391220345,0.026022765098927515,0.04128406849014786,0.0,0.0,0.0,0.0
2024,target_lbw,0.1,411,246342,260191,351442,39135,49032,45097,56401,0.024202125500320693,0.040175853082300206,0.005711571717368524,0.040175853082300206,0.029913697217689217,0.024202125500320693,0.04588742479966873,0.027057911359004955,0.04303163894098447,0.07008955029998942,0.0,0.0,0.0,0.0
2024,target_lbw,0.05,412,246195,130095,175721,23573,29428,26695,33754,0.012681004894494197,0.023781961453319525,0.004890432380836321,0.023781961453319525,0.017571437275330518,0.012681004894494197,0.028672393834155846,0.015126221084912357,0.026227177643737686,0.04135339872865004,0.0,0.0,0.0,0.0
2024,target_lbw,0.1,412,246195,260191,351442,39281,48978,45319,56653,0.024525274680639336,0.03938747740612117,0.00664920083673512,0.03938747740612117,0.031174475517374456,0.024525274680639336,0.04603667824285629,0.027849875099006896,0.04271207782448873,0.07056195292349562,0.0,0.0,0.0,0.0
2024,target_lbw,0.05,413,245774,130095,175721,23477,29306,26747,33713,0.013304906133276923,0.023716910657758758,0.004626201306891689,0.023716910657758758,0.01793110744016861,0.013304906133276923,0.028343111964650447,0.015618006786722767,0.026030011311204602,0.04164801809792737,0.0,0.0,0.0,0.0
2024,target_lbw,0.1,413,245774,260191,351442,39135,48897,45193,56413,0.024648660964951552,0.0397194170253973,0.005932279248415218,0.0397194170253973,0.03058094021336677,0.024648660964951552,0.04565169627381252,0.02761480058915916,0.04268555664960491,0.07030035723876407,0.0,0.0,0.0,0.0
2024,target_lbw,0.05,414,246594,130095,175721,23619,29491,26915,33789,0.013366099742897222,0.023812420415744093,0.0040633592058201135,0.023812420415744093,0.017429458948717336,0.013366099742897222,0.027875779621564206,0.015397779345807279,0.02584410001865415,0.04124187936446143,0.0,0.0,0.0,0.0
2024,target_lbw,0.1,414,246594,260191,351442,39399,49282,45270,56518,0.02380836516703569,0.040078022985149675,0.005535414486970508,0.040078022985149675,0.029343779654006197,0.02380836516703569,0.04561343747212018,0.026576072410520943,0.04284573022863493,0.06942180263915587,0.0,0.0,0.0,0.0
2024,target_lbw,0.05,415,246181,130095,175721,23348,29229,26506,33312,0.012827959915671802,0.02388892725271244,0.0037573980120318012,0.02388892725271244,0.016585357927703603,0.012827959915671802,0.02764632526474424,0.014706658921687703,0.02576762625872834,0.04047428518041604,0.0,0.0,0.0,0.0
2024,target_lbw,0.1,415,246181,260191,351442,39299,48984,44861,56374,0.02259313269504959,0.03934097269894915,0.0074254308821558035,0.03934097269894915,0.030018563577205393,0.02259313269504959,0.046766403581104954,0.02630584813612749,0.04305368814002705,0.06935953627615454,0.0,0.0,0.0,0.0
2024,target_lbw,0.05,416,245604,130095,175721,23550,29369,26592,33629,0.01238579176234915,0.023692610869529812,0.004959202618849856,0.023692610869529812,0.017344994381199005,0.01238579176234915,0.028651813488379668,0.014865393071774077,0.02617221217895474,0.04103760525072882,0.0,0.0,0.0,0.0
2024,target_lbw,0.1,416,245604,260191,351442,39019,48740,45214,56278,0.02522353056139151,0.03957997426752008,0.0054681519844953785,0.03957997426752008,0.03069168254588689,0.02522353056139151,0.04504812625201546,0.0279576065536392,0.04231405025976777,0.07027165681340697,0.0,0.0,0.0,0.0
2024,target_lbw,0.05,417,245575,130095,175721,23294,29120,26567,33538,0.01332790389901252,0.02372391326478672,0.004662526722997065,0.02372391326478672,0.017990430622009584,0.01332790389901252,0.028386439987783785,0.015659167260511052,0.026055176626285252,0.041714343886796304,0.0,0.0,0.0,0.0
2024,target_lbw,0.1,417,245575,260191,351442,39010,48913,45067,56402,0.024664562760867342,0.0403257660592487,0.005831212460551766,0.0403257660592487,0.030495775221419108,0.024664562760867342,0.04615697851980047,0.027580168991143225,0.043241372289524585,0.07082154128066781,0.0,0.0,0.0,0.0
2024,target_lbw,0.05,418,246135,130095,175721,23380,29251,26454,33466,0.012489081195279014,0.023852763727222864,0.004635667418286721,0.023852763727222864,0.017124748613565735,0.012489081195279014,0.028488431145509585,0.014806914904422375,0.026170597436366225,0.0409775123407886,0.0,0.0,0.0,0.0
2024,target_lbw,0.1,418,246135,260191,351442,39242,48979,44909,56271,0.02302395027119264,0.03955959128120745,0.0066020679708290175,0.03955959128120745,0.029626018242021657,0.02302395027119264,0.04616165925203647,0.026324984256607148,0.04286062526662196,0.06918560952322911,0.0,0.0,0.0,0.0
2024,target_lbw,0.05,419,244796,130095,175721,23270,29190,26364,33264,0.012639095410055715,0.02418340168957009,0.004003333387800456,0.02418340168957009,0.01664242879785617,0.012639095410055715,0.028186735077370545,0.014640762103955943,0.026185068383470317,0.04082583048742626,0.0,0.0,0.0,0.0
2024,target_lbw,0.1,419,244796,260191,351442,39087,48773,44976,56115,0.024056765633425375,0.039567639994117554,0.005935554502524559,0.039567639994117554,0.029992320135949935,0.024056765633425375,0.04550319449664211,0.027024542884687655,0.042535417245379833,0.06955996013006749,0.0,0.0,0.0,0.0
2024,target_lbw,0.05,420,245859,130095,175721,23344,29092,26693,33550,0.013621628657075807,0.023379253962637125,0.0045107154913995445,0.023379253962637125,0.01813234414847535,0.013621628657075807,0.02788996945403667,0.01587698640277558,0.025634611708336898,0.04151159811111248,0.0,0.0,0.0,0.0
2024,target_lbw,0.1,420,245859,260191,351442,38931,48590,44962,56166,0.024530320224193547,0.03928674565502993,0.006284089661147241,0.03928674565502993,0.030814409885340788,0.024530320224193547,0.04557083531617717,0.027672365054767167,0.04242879048560355,0.07010115554037072,0.0,0.0,0.0,0.0
2024,target_lbw,0.05,421,245586,130095,175721,23669,29616,26961,33955,0.013404672904807277,0.02421554974632105,0.004263272336370957,0.02421554974632105,0.017667945241178235,0.013404672904807277,0.028478822082692007,0.015536309072992756,0.026347185914506528,0.041883494987499284,0.0,0.0,0.0,0.0
2024,target_lbw,0.1,421,245586,260191,351442,39478,49251,45452,56803,0.02432549086674321,0.03979461369947798,0.006425447704673737,0.03979461369947798,0.030750938571416947,0.02432549086674321,0.04622006140415172,0.02753821471908008,0.04300733755181485,0.07054555227089493,0.0,0.0,0.0,0.0
2024,target_lbw,0.05,422,245399,130095,175721,23444,29351,26703,33637,0.013280412715618237,0.024071002734322472,0.004185021128855451,0.024071002734322472,0.017465433844473688,0.013280412715618237,0.028256023863177923,0.015372923280045962,0.026163513298750198,0.04153643657879616,0.0,0.0,0.0,0.0
2024,target_lbw,0.1,422,245399,260191,351442,39173,48920,45354,56686,0.025187551701514682,0.03971898825993586,0.006458869025546127,0.03971898825993586,0.03164642072706081,0.025187551701514682,0.04617785728548199,0.028416986214287746,0.042948422772708925,0.07136540898699667,0.0,0.0,0.0,0.0
2024,target_lbw,0.05,423,245985,130095,175721,23583,29393,26873,33862,0.013374799276378649,0.02361932638168994,0.004792975181413486,0.02361932638168994,0.018167774457792135,0.013374799276378649,0.028412301563103426,0.015771286867085392,0.026015813972396683,0.041787100839482075,0.0,0.0,0.0,0.0
2024,target_lbw,0.1,423,245985,260191,351442,39189,48842,45391,56569,0.025212919486960583,0.039242230217289675,0.006199565014126884,0.039242230217289675,0.03141248450108747,0.025212919486960583,0.04544179523141656,0.028312701994024025,0.04234201272435312,0.07065471471837714,0.0,0.0,0.0,0.0
2024,target_lbw,0.05,424,245736,130095,175721,23373,29269,26419,33417,0.012395416219031813,0.023993228505387904,0.004484487417391006,0.023993228505387904,0.01687990363642282,0.012395416219031813,0.02847771592277891,0.014637659927727316,0.026235472214083407,0.04087313214181072,0.0,0.0,0.0,0.0
2024,target_lbw,0.1,424,245736,260191,351442,39056,48849,44952,56221,0.023993228505387876,0.03985171077904742,0.0060064459419865435,0.03985171077904742,0.02999967444737442,0.023993228505387876,0.045858156721033966,0.026996451476381148,0.042854933750040694,0.06985138522642184,0.0,0.0,0.0,0.0
2024,target_lbw,0.05,425,245095,130095,175721,23161,28988,26441,33324,0.013382565943817704,0.02377445480323956,0.004308533425814484,0.02377445480323956,0.017691099369632188,0.013382565943817704,0.028082988229054043,0.015536832656724946,0.0259287215161468,0.041465554172871746,0.0,0.0,0.0,0.0
2024,target_lbw,0.1,425,245095,260191,351442,38728,48199,44678,55913,0.024276301026132735,0.03864215916277364,0.007197209245394631,0.03864215916277364,0.031473510271527366,0.024276301026132735,0.04583936840816827,0.02787490564883005,0.04224076378547095,0.070115669434301,0.0,0.0,0.0,0.0
2024,target_lbw,0.05,426,246061,130095,175721,23299,28998,26429,33422,0.012720422984544483,0.023160923510836748,0.005258858575719033,0.023160923510836748,0.017979281560263516,0.012720422984544483,0.02841978208655578,0.015349852272404,0.025790352798696264,0.041140205071100264,0.0,0.0,0.0,0.0
2024,target_lbw,0.1,426,246061,260191,351442,39054,48811,44857,56141,0.02358358293268742,0.03965276902881806,0.006205778241980653,0.03965276902881806,0.029789361174668072,0.02358358293268742,0.045858547270798716,0.026686472053677746,0.04275565814980839,0.06944213020348614,0.0,0.0,0.0,0.0
2024,target_lbw,0.05,427,245758,130095,175721,23595,29492,26725,33789,0.012736106250864673,0.02399514970011149,0.004748573800242517,0.02399514970011149,0.01748468005110719,0.012736106250864673,0.028743723500354007,0.015110393150985932,0.02636943660023275,0.04147982975121868,0.0,0.0,0.0,0.0
2024,target_lbw,0.1,427,245758,260191,351442,39341,48888,45305,56612,0.024267775616663545,0.03884715858690255,0.007161516613904739,0.03884715858690255,0.031429292230568284,0.024267775616663545,0.046008675200807286,0.027848533923615915,0.04242791689385492,0.07027645081747083,0.0,0.0,0.0,0.0
2024,target_lbw,0.05,428,245584,130095,175721,23483,29280,26478,33455,0.012195419897061702,0.02360495797771843,0.0048048732816469986,0.02360495797771843,0.0170002931787087,0.012195419897061702,0.02840983125936543,0.014597856537885201,0.02600739461854193,0.04060525115642713,0.0,0.0,0.0,0.0
2024,target_lbw,0.1,428,245584,260191,351442,39025,48678,44878,56045,0.023832985862271144,0.03930630659977849,0.006164896735943726,0.03930630659977849,0.02999788259821487,0.023832985862271144,0.045471203335722216,0.026915434230243007,0.04238875496775035,0.06930418919799336,0.0,0.0,0.0,0.0
2024,target_lbw,0.05,429,246242,130095,175721,23551,29219,26768,33743,0.01306438381754535,0.023018006676359032,0.005307786648906354,0.023018006676359032,0.018372170466451704,0.01306438381754535,0.028325793325265386,0.015718277141998527,0.02567190000081221,0.041390177142810736,0.0,0.0,0.0,0.0
2024,target_lbw,0.1,429,246242,260191,351442,39043,48696,45068,56250,0.02446779996913606,0.03920127354391209,0.006209338780549217,0.03920127354391209,0.03067713874968528,0.02446779996913606,0.04541061232446131,0.02757246935941067,0.0423059429341867,0.06987841229359737,0.0,0.0,0.0,0.0
2024,target_lbw,0.05,430,245414,130095,175721,23514,29243,26603,33526,0.012586893983228348,0.02334422649074626,0.004865248111354692,0.02334422649074626,0.01745214209458304,0.012586893983228348,0.02820947460210095,0.015019518038905694,0.025776850546423605,0.0407963685853293,0.0,0.0,0.0,0.0
2024,target_lbw,0.1,430,245414,260191,351442,39107,48703,44955,56193,0.023829121403016934,0.03910127376596281,0.006690734839903206,0.03910127376596281,0.03051985624292014,0.023829121403016934,0.04579200860586602,0.027174488822968537,0.042446641185914416,0.06962113000888295,0.0,0.0,0.0,0.0
2024,target_lbw,0.05,431,246607,130095,175721,23689,29592,26763,33826,0.01246517738750319,0.023936871216145517,0.004703840523586106,0.023936871216145517,0.017169017911089296,0.01246517738750319,0.028640711739731622,0.014817097649296243,0.02628879147793857,0.04110588912723481,0.0,0.0,0.0,0.0
2024,target_lbw,0.1,431,246607,260191,351442,39461,49234,45507,56753,0.024516741211725535,0.03962985641121297,0.005973066457967552,0.03962985641121297,0.030489807669693086,0.024516741211725535,0.04560292286918052,0.02750327444070931,0.04261638964019675,0.07011966408090606,0.0,0.0,0.0,0.0
2024,target_lbw,0.05,432,246198,130095,175721,23336,29282,26461,33365,0.012693035686723683,0.024151292861842907,0.003891177020122011,0.024151292861842907,0.016584212706845694,0.012693035686723683,0.028042469881964918,0.014638624196784689,0.026096881371903913,0.0407355055686886,0.0,0.0,0.0,0.0
2024,target_lbw,0.1,432,246198,260191,351442,39081,48827,44909,56101,0.023672003834312227,0.039586024256898916,0.005873321472960796,0.039586024256898916,0.029545325307273024,0.023672003834312227,0.04545934572985971,0.026608664570792626,0.042522684993379314,0.06913134956417194,0.0,0.0,0.0,0.0
2024,target_lbw,0.05,433,246022,130095,175721,23603,29402,26846,33688,0.013181747973758443,0.023571062750485733,0.0042394582598304364,0.023571062750485733,0.01742120623358888,0.013181747973758443,0.02781052101031617,0.01530147710367366,0.02569079188040095,0.04099226898407461,0.0,0.0,0.0,0.0
2024,target_lbw,0.1,433,246022,260191,351442,39284,49108,45084,56444,0.023575127427628434,0.03993138824983131,0.006243344091178854,0.03993138824983131,0.029818471518807288,0.023575127427628434,0.04617473234101016,0.02669679947321786,0.043053060295420734,0.0697498597686386,0.0,0.0,0.0,0.0
2024,target_lbw,0.05,434,245262,130095,175721,23221,29141,26583,33521,0.013707790036776996,0.024137453009434817,0.004150663372230509,0.024137453009434817,0.017858453409007505,0.013707790036776996,0.028288116381665326,0.01578312172289225,0.026212784695550072,0.04199590641844232,0.0,0.0,0.0,0.0
2024,target_lbw,0.1,434,245262,260191,351442,39073,48824,45055,56451,0.024390243902439046,0.03975748383361469,0.006707113209547311,0.03975748383361469,0.031097357111986357,0.024390243902439046,0.046464597043162,0.0277438005072127,0.04311104043838834,0.07085484094560104,0.0,0.0,0.0,0.0
2024,target_lbw,0.05,435,245939,130095,175721,23383,29271,26777,33730,0.013800169960843947,0.023940895913214258,0.004330342076693805,0.023940895913214258,0.018130512037537752,0.013800169960843947,0.028271237989908063,0.01596534099919085,0.02610606695156116,0.04207140795075201,0.0,0.0,0.0,0.0
2024,target_lbw,0.1,435,245939,260191,351442,38965,48595,45363,56472,0.026014580851349306,0.03915605089066801,0.00601368632059171,0.03915605089066801,0.032028267171941016,0.026014580851349306,0.04516973721125972,0.02902142401164516,0.042162894050963864,0.07118431806260903,0.0,0.0,0.0,0.0
2024,target_lbw,0.05,436,246262,130095,175721,23538,29445,26583,33598,0.012364879680990176,0.023986648366374028,0.0044992731318676815,0.023986648366374028,0.016864152812857858,0.012364879680990176,0.02848592149824171,0.014614516246924017,0.02623628493230787,0.040850801179231885,0.0,0.0,0.0,0.0
2024,target_lbw,0.1,436,246262,260191,351442,39468,49191,45155,56498,0.023093290885317252,0.039482339946885825,0.006578359633236164,0.039482339946885825,0.029671650518553416,0.023093290885317252,0.04606069958012199,0.026382470701935334,0.04277151976350391,0.06915399046543924,0.0,0.0,0.0,0.0
2024,target_lbw,0.05,437,246220,130095,175721,23217,29076,26593,33454,0.013711315084071155,0.023795792380797667,0.00406953131345951,0.023795792380797667,0.017780846397530664,0.013711315084071155,0.027865323694257177,0.01574608074080091,0.025830558037527422,0.04157663877832833,0.0,0.0,0.0,0.0
2024,target_lbw,0.1,437,246220,260191,351442,39053,48707,45065,56386,0.02441718788075703,0.039208837624888304,0.006770367963609802,0.039208837624888304,0.031187555844366832,0.02441718788075703,0.04597920558849811,0.02780237186256193,0.042594021606693205,0.07039639346925514,0.0,0.0,0.0,0.0
2024,target_lbw,0.05,438,246841,130095,175721,23595,29329,26965,33929,0.013652513156242274,0.02322952831984962,0.004982964742486051,0.02322952831984962,0.018635477898728325,0.013652513156242274,0.02821249306233567,0.0161439955274853,0.025721010691092644,0.041865006218577944,0.0,0.0,0.0,0.0
2024,target_lbw,0.1,438,246841,260191,351442,39215,48843,45368,56692,0.024926977284972895,0.0390048654802079,0.006870819677444212,0.0390048654802079,0.03179779696241711,0.024926977284972895,0.04587568515765211,0.028362387123695,0.04244027531893001,0.07080266244262501,0.0,0.0,0.0,0.0
2024,target_lbw,0.05,439,245724,130095,175721,23364,29283,26480,33521,0.01268089401116701,0.024088001172046694,0.0045660985495922235,0.024088001172046694,0.017246992560759233,0.01268089401116701,0.028654099721638918,0.014963943285963122,0.026371050446842806,0.04133499373280593,0.0,0.0,0.0,0.0
2024,target_lbw,0.1,439,245724,260191,351442,39251,49026,45038,56331,0.023550813107388796,0.03978040403053834,0.0061776627435659315,0.03978040403053834,0.029728475850954728,0.023550813107388796,0.04595806677410427,0.026639644479171762,0.04286923540232131,0.06950887988149307,0.0,0.0,0.0,0.0
2024,target_lbw,0.05,440,245164,130095,175721,23256,29162,26707,33605,0.014076291788353928,0.024089996900034272,0.004046271067530291,0.024089996900034272,0.01812256285588422,0.014076291788353928,0.028136267967564563,0.016099427322119074,0.026113132433799417,0.04221255975591849,0.0,0.0,0.0,0.0
2024,target_lbw,0.1,440,245164,260191,351442,38986,48555,45048,56326,0.024726305656621705,0.039031015972981364,0.006970844006460947,0.039031015972981364,0.03169714966308265,0.024726305656621705,0.04600185997944231,0.02821172765985218,0.04251643797621184,0.07072816563606402,0.0,0.0,0.0,0.0
2024,target_lbw,0.05,441,246191,130095,175721,23538,29482,26653,33722,0.012652777721362682,0.024143855786767185,0.004569622772562773,0.024143855786767185,0.017222400493925455,0.012652777721362682,0.028713478559329958,0.014937589107644068,0.02642866717304857,0.04136625628069264,0.0,0.0,0.0,0.0
2024,target_lbw,0.1,441,246191,260191,351442,39292,48921,45220,56437,0.024078865596224047,0.03911190904622833,0.0064502764114041655,0.03911190904622833,0.030529142007628213,0.024078865596224047,0.04556218545763249,0.02730400380192613,0.04233704725193041,0.06964105105385654,0.0,0.0,0.0,0.0
2024,target_lbw,0.05,442,245759,130095,175721,23639,29449,26553,33532,0.01185714460101156,0.02364104671649868,0.0047566925321148035,0.02364104671649868,0.016613837133126363,0.01185714460101156,0.028397739248613482,0.014235490867068962,0.02601939298255608,0.04025488384962504,0.0,0.0,0.0,0.0
2024,target_lbw,0.1,442,245759,260191,351442,39302,49113,44953,56098,0.022994071427699492,0.03992122363779149,0.005428081982755462,0.03992122363779149,0.028422153410454953,0.022994071427699492,0.045349305620546954,0.025708112419077223,0.04263526462916922,0.06834337704824645,0.0,0.0,0.0,0.0
2024,target_lbw,0.05,443,245164,130095,175721,23347,29192,26566,33484,0.013129986458044418,0.02384118386059944,0.004376662152681454,0.02384118386059944,0.017506648610725872,0.013129986458044418,0.028217846013280895,0.015318317534385145,0.026029514936940168,0.04134783247132531,0.0,0.0,0.0,0.0
2024,target_lbw,0.1,443,245164,260191,351442,39070,48766,45025,56292,0.02428986311203929,0.0395490365632801,0.006407955491018247,0.0395490365632801,0.030697818603057536,0.02428986311203929,0.045956992054298346,0.027493840857548413,0.04275301430878922,0.07024685516633764,0.0,0.0,0.0,0.0
2024,target_lbw,0.05,444,246111,130095,175721,23292,29021,26555,33482,0.013258245263316148,0.023278114346778497,0.004867722287910728,0.023278114346778497,0.018125967551226876,0.013258245263316148,0.028145836634689225,0.015692106407271512,0.02571197549073386,0.041404081898005374,0.0,0.0,0.0,0.0
2024,target_lbw,0.1,444,246111,260191,351442,38918,48637,44917,56248,0.024375180304821803,0.039490311282307594,0.006549890090243815,0.039490311282307594,0.030925070395065618,0.024375180304821803,0.04604020137255141,0.02765012534994371,0.0427652563274295,0.07041538167737321,0.0,0.0,0.0,0.0
2024,target_lbw,0.05,445,246080,130095,175721,23564,29381,26811,33822,0.013194895968790643,0.023638654096228867,0.004852080624187252,0.023638654096228867,0.018046976592977895,0.013194895968790643,0.02849073472041612,0.01562093628088427,0.026064694408322493,0.04168563068920676,0.0,0.0,0.0,0.0
2024,target_lbw,0.1,445,246080,260191,351442,39375,49006,45286,56688,0.02402064369310794,0.03913767880364111,0.007196846553966185,0.03913767880364111,0.031217490247074126,0.02402064369310794,0.04633452535760729,0.027619066970091033,0.0427361020806242,0.07035516905071523,0.0,0.0,0.0,0.0
2024,target_lbw,0.05,446,246011,130095,175721,23407,29331,26583,33526,0.012909991829633635,0.02408022405502193,0.004142091207303744,0.02408022405502193,0.01705208303693738,0.012909991829633635,0.028222315262325673,0.014981037433285507,0.0261512696586738,0.04113230709195931,0.0,0.0,0.0,0.0
2024,target_lbw,0.1,446,246011,260191,351442,39054,48668,45119,56317,0.024653369158289667,0.039079553353305346,0.006438736479263102,0.039079553353305346,0.03109210563755277,0.024653369158289667,0.04551828983256845,0.02787273739792122,0.0422989215929369,0.07017165899085812,0.0,0.0,0.0,0.0
2024,target_lbw,0.05,447,246458,130095,175721,23665,29413,26910,33976,0.013166543589577126,0.02332243221968855,0.005347767165196499,0.02332243221968855,0.018514310754773625,0.013166543589577126,0.028670199384885048,0.015840427172175375,0.0259963158022868,0.041836742974462174,0.0,0.0,0.0,0.0
2024,target_lbw,0.1,447,246458,260191,351442,39226,48843,45458,56653,0.02528625567033735,0.03902084736547404,0.006402713646949998,0.03902084736547404,0.03168896931728735,0.02528625567033735,0.045423561012424035,0.028487612493812348,0.042222204188949036,0.07070981668276138,0.0,0.0,0.0,0.0
2024,target_lbw,0.05,448,246630,130095,175721,23662,29551,26821,33821,0.012808660746867775,0.02387787373798808,0.004504723675140904,0.02387787373798808,0.01731338442200868,0.012808660746867775,0.028382597413128985,0.015061022584438227,0.026130235575558533,0.04119125815999676,0.0,0.0,0.0,0.0
2024,target_lbw,0.1,448,246630,260191,351442,39498,49150,45381,56781,0.023853545797348247,0.03913554717593157,0.007087540039735635,0.03913554717593157,0.03094108583708388,0.023853545797348247,0.0462230872156672,0.027397315817216064,0.042679317195799385,0.07007663301301545,0.0,0.0,0.0,0.0
2024,target_lbw,0.05,449,245223,130095,175721,23427,29394,26539,33436,0.012690489880639255,0.024332954086688438,0.0037924664489056986,0.024332954086688438,0.016482956329544954,0.012690489880639255,0.028125420535594137,0.014586723105092105,0.026229187311141287,0.04081591041623339,0.0,0.0,0.0,0.0
2024,target_lbw,0.1,449,245223,260191,351442,39316,49081,45096,56483,0.023570382875994528,0.039820897713509745,0.006614387720564524,0.039820897713509745,0.030184770596559052,0.023570382875994528,0.04643528543407427,0.02687757673627679,0.04312809157379201,0.0700056683100688,0.0,0.0,0.0,0.0
2024,target_lbw,0.05,450,246024,130095,175721,23469,29280,26573,33541,0.012616655285663192,0.023619646863720617,0.004702793223425358,0.023619646863720617,0.01731944850908855,0.012616655285663192,0.028322440087145975,0.014968051897375871,0.025971043475433296,0.04093909537280917,0.0,0.0,0.0,0.0
2024,target_lbw,0.1,450,246024,260191,351442,39061,48575,45043,56220,0.024314701004780004,0.038671023965141604,0.006759503137905271,0.038671023965141604,0.031074204142685274,0.024314701004780004,0.045430527103046875,0.02769445257373264,0.04205077553409424,0.06974522810782688,0.0,0.0,0.0,0.0
2024,target_lbw,0.05,451,246172,130095,175721,23417,29312,26405,33410,0.01213785483320605,0.02394667143298182,0.004509042458118714,0.02394667143298182,0.016646897291324764,0.01213785483320605,0.028455713891100534,0.014392376062265407,0.026201192662041177,0.040593568724306583,0.0,0.0,0.0,0.0
2024,target_lbw,0.1,451,246172,260191,351442,39105,48732,44915,56144,0.02360138439790066,0.03910680337325123,0.006507645061176737,0.03910680337325123,0.030109029459077397,0.02360138439790066,0.04561444843442797,0.026855206928489028,0.0423606259038396,0.06921583283232863,0.0,0.0,0.0,0.0
2024,target_lbw,0.05,452,245725,130095,175721,23554,29408,26726,33620,0.012908739444500966,0.023823379794485705,0.004232373588360955,0.023823379794485705,0.01714111303286192,0.012908739444500966,0.02805575338284666,0.015024926238681444,0.025939566588666182,0.040964492827347626,0.0,0.0,0.0,0.0
2024,target_lbw,0.1,452,245725,260191,351442,39300,48949,45138,56349,0.02375826635466477,0.03926747380201445,0.0063566995625190525,0.03926747380201445,0.030114965917183822,0.02375826635466477,0.045624173364533505,0.026936616135924296,0.04244582358327398,0.06938243971919827,0.0,0.0,0.0,0.0
2024,target_lbw,0.05,453,244516,130095,175721,23270,29102,26470,33370,0.013087078146215375,0.023851199921477523,0.004367812331299403,0.023851199921477523,0.01745489047751478,0.013087078146215375,0.028219012252776926,0.015270984311865077,0.026035106087127224,0.0413060903989923,0.0,0.0,0.0,0.0
2024,target_lbw,0.1,453,244516,260191,351442,39023,48655,44846,56182,0.02381439251419129,0.039392105220108276,0.00696886911285971,0.039392105220108276,0.030783261627051,0.02381439251419129,0.046360974332967986,0.027298827070621146,0.04287653977653813,0.07017536684715928,0.0,0.0,0.0,0.0
2024,target_lbw,0.05,454,245646,130095,175721,23295,29235,26494,33317,0.01302280517492653,0.0241811387118048,0.003594603616586464,0.0241811387118048,0.016617408791512994,0.01302280517492653,0.027775742328391265,0.014820106983219762,0.025978440520098033,0.040798547503317795,0.0,0.0,0.0,0.0
2024,target_lbw,0.1,454,245646,260191,351442,39114,48753,44935,56296,0.023696701757814104,0.03923939327324688,0.00701008768715955,0.03923939327324688,0.030706789444973653,0.023696701757814104,0.04624948096040643,0.02720174560139388,0.042744437116826656,0.06994618271822053,0.0,0.0,0.0,0.0
2024,target_lbw,0.05,455,245726,130095,175721,23392,29284,26489,33398,0.012603468904389445,0.02397792663373026,0.004138756175577685,0.02397792663373026,0.01674222507996713,0.012603468904389445,0.028116682809307944,0.014672846992178287,0.0260473047215191,0.04072015171369739,0.0,0.0,0.0,0.0
2024,target_lbw,0.1,455,245726,260191,351442,39144,48781,44986,56334,0.02377444796236458,0.03921847911901874,0.006963040134133153,0.03921847911901874,0.030737488096497734,0.02377444796236458,0.04618151925315189,0.027255968029431157,0.042699999186085316,0.06995596721551647,0.0,0.0,0.0,0.0
2024,target_lbw,0.05,456,246123,130095,175721,23635,29604,26926,33906,0.013371363098938327,0.024252101591480682,0.004107702246437764,0.024252101591480682,0.01747906534537609,0.013371363098938327,0.028359803837918446,0.015425214222157209,0.026305952714699564,0.04173116693685677,0.0,0.0,0.0,0.0
2024,target_lbw,0.1,456,246123,260191,351442,39456,49062,45576,56719,0.02486561597250156,0.039029265854877454,0.006244845057146203,0.039029265854877454,0.031110461029647762,0.02486561597250156,0.04527411091202366,0.02798803850107466,0.042151688383450556,0.07013972688452522,0.0,0.0,0.0,0.0
2024,target_lbw,0.05,457,245952,130095,175721,23198,29093,26416,33432,0.013083853760083267,0.02396809133489461,0.004557799895914663,0.02396809133489461,0.01764165365599793,0.013083853760083267,0.028525891230809272,0.015362753708040598,0.02624699128285194,0.04160974499089254,0.0,0.0,0.0,0.0
2024,target_lbw,0.1,457,245952,260191,351442,38906,48538,45069,56437,0.0250577348425709,0.03916211293260474,0.007058287795992713,0.03916211293260474,0.03211602263856361,0.0250577348425709,0.046220400728597455,0.028586878740567256,0.0426912568306011,0.07127813557116836,0.0,0.0,0.0,0.0
2024,target_lbw,0.05,458,245678,130095,175721,23360,29312,26505,33500,0.012801309030519611,0.02422683349750486,0.004245394378007,0.02422683349750486,0.01704670340852661,0.012801309030519611,0.02847222787551186,0.014924006219523112,0.02634953068650836,0.04127353690603147,0.0,0.0,0.0,0.0
2024,target_lbw,0.1,458,245678,260191,351442,39211,48810,45092,56615,0.023937837331792,0.03907146753067023,0.007831389053964966,0.03907146753067023,0.031769226385756966,0.023937837331792,0.046902856584635194,0.027853531858774483,0.04298716205765271,0.0708406939164272,0.0,0.0,0.0,0.0
2024,target_lbw,0.05,459,245560,130095,175721,23112,28909,26405,33295,0.013410164521909101,0.023607265026877336,0.004451050659716571,0.023607265026877336,0.017861215181625673,0.013410164521909101,0.028058315686593907,0.015635689851767387,0.02583279035673562,0.04146848020850301,0.0,0.0,0.0,0.0
2024,target_lbw,0.1,459,245560,260191,351442,38679,48540,44723,55909,0.02461312917413261,0.04015719172503665,0.005395829939729591,0.04015719172503665,0.0300089591138622,0.02461312917413261,0.04555302166476624,0.027311044143997404,0.042855106694901446,0.07016615083889885,0.0,0.0,0.0,0.0
2024,target_lbw,0.05,460,245810,130095,175721,23641,29491,26939,33801,0.013416866685651521,0.023798869045197513,0.004117000935682041,0.023798869045197513,0.017533867621333563,0.013416866685651521,0.027915869980879554,0.015475367153492542,0.025857369513038533,0.041332736666531075,0.0,0.0,0.0,0.0
2024,target_lbw,0.1,460,245810,260191,351442,39370,49017,45375,56607,0.024429437370326657,0.03924575891949067,0.006448069647288557,0.03924575891949067,0.030877507017615213,0.024429437370326657,0.04569382856677923,0.027653472193970935,0.04246979374313495,0.07012326593710588,0.0,0.0,0.0,0.0
2024,target_lbw,0.05,461,246324,130095,175721,23474,29245,26603,33571,0.012702781702148391,0.023428492554521688,0.004859453402835279,0.023428492554521688,0.01756223510498367,0.012702781702148391,0.028287945957356966,0.01513250840356603,0.025858219255939327,0.04099072765950536,0.0,0.0,0.0,0.0
2024,target_lbw,0.1,461,246324,260191,351442,39212,49013,44901,56206,0.023095597668111895,0.03978905831344082,0.00610577938000359,0.03978905831344082,0.029201377048115484,0.023095597668111895,0.04589483769344441,0.02614848735811369,0.04284194800344261,0.0689904353615563,0.0,0.0,0.0,0.0
2024,target_lbw,0.05,462,247167,130095,175721,23489,29463,26648,33609,0.012780832392673788,0.02416989323008331,0.003993251526295982,0.02416989323008331,0.01677408391896977,0.012780832392673788,0.028163144756379294,0.01477745815582178,0.026166518993231302,0.04094397714905308,0.0,0.0,0.0,0.0
2024,target_lbw,0.1,462,247167,260191,351442,39201,49059,45096,56302,0.02385027127407785,0.03988396509242739,0.005453802489814585,0.03988396509242739,0.029304073763892435,0.02385027127407785,0.04533776758224198,0.026577172518985143,0.042610866337334685,0.06918803885631983,0.0,0.0,0.0,0.0
2024,target_lbw,0.05,463,245159,130095,175721,23426,29313,26568,33360,0.012816172361610215,0.024012987489751544,0.0036914818546331385,0.024012987489751544,0.016507654216243353,0.012816172361610215,0.027704469344384683,0.014661913288926784,0.025858728417068114,0.0405206417059949,0.0,0.0,0.0,0.0
2024,target_lbw,0.1,463,245159,260191,351442,39218,48967,44950,56217,0.023380744741167997,0.03976602939316934,0.0061918999506442585,0.03976602939316934,0.029572644691812255,0.023380744741167997,0.0459579293438136,0.026476694716490126,0.04286197936849147,0.0693386740849816,0.0,0.0,0.0,0.0
2024,target_lbw,0.05,464,245624,130095,175721,23420,29257,26581,33577,0.012869263589877208,0.02376396443344299,0.004718594274175147,0.02376396443344299,0.017587857864052356,0.012869263589877208,0.028482558707618136,0.015228560726964782,0.026123261570530562,0.041351822297495344,0.0,0.0,0.0,0.0
2024,target_lbw,0.1,464,245624,260191,351442,39093,48926,45164,56371,0.02471664006774582,0.040032732957691414,0.0055939159039833375,0.040032732957691414,0.03031055597172916,0.02471664006774582,0.04562664886167475,0.02751359801973749,0.04282969090968308,0.07034328892942057,0.0,0.0,0.0,0.0
2024,target_lbw,0.05,465,246006,130095,175721,23513,29506,26877,33862,0.013674463224474201,0.02436119444241197,0.004032421973447789,0.02436119444241197,0.01770688519792199,0.013674463224474201,0.02839361641585976,0.015690674211198095,0.026377405429135865,0.04206807964033396,0.0,0.0,0.0,0.0
2024,target_lbw,0.1,465,246006,260191,351442,39457,49255,45438,56730,0.024312415144346067,0.03982829687080802,0.00607302260920467,0.03982829687080802,0.030385437753550737,0.024312415144346067,0.04590131948001269,0.027348926448948402,0.04286480817541036,0.07021373462435876,0.0,0.0,0.0,0.0
2024,target_lbw,0.05,466,245882,130095,175721,23622,29453,26914,33942,0.013388535964405687,0.023714627341570343,0.004868188806012655,0.023714627341570343,0.018256724770418342,0.013388535964405687,0.028582816147583,0.015822630367412015,0.02614872174457667,0.041971352111988686,0.0,0.0,0.0,0.0
2024,target_lbw,0.1,466,245882,260191,351442,39174,48880,45482,56817,0.025654582279304727,0.03947421934098472,0.006625129126979573,0.03947421934098472,0.0322797114062843,0.025654582279304727,0.04609934846796429,0.028967146842794514,0.042786783904474504,0.07175393074726902,0.0,0.0,0.0,0.0
2024,target_lbw,0.05,467,246102,130095,175721,23492,29306,26789,33821,0.01339688421873858,0.02362435087890387,0.004949167418387482,0.02362435087890387,0.018346051637126062,0.01339688421873858,0.02857351829729135,0.01587146792793232,0.02609893458809761,0.04197040251602993,0.0,0.0,0.0,0.0
2024,target_lbw,0.1,467,246102,260191,351442,39073,48692,45186,56478,0.02483929427635695,0.03908541986655939,0.006797994327555262,0.03908541986655939,0.03163728860391221,0.02483929427635695,0.04588341419411465,0.02823829144013458,0.04248441703033702,0.0707227084704716,0.0,0.0,0.0,0.0
2024,target_lbw,0.05,468,246246,130095,175721,23390,29287,26626,33620,0.013141330214500938,0.02394759711832882,0.00445489469879716,0.02394759711832882,0.017596224913298097,0.013141330214500938,0.02840249181712598,0.015368777563899517,0.0261750444677274,0.04154382203162692,0.0,0.0,0.0,0.0
2024,target_lbw,0.1,468,246246,260191,351442,39005,48749,45065,56273,0.02460953680465877,0.03957018591164935,0.005945274237957127,0.03957018591164935,0.030554811042615898,0.02460953680465877,0.045515460149606474,0.027582173923637335,0.04254282303062791,0.07012499695426525,0.0,0.0,0.0,0.0
2024,target_lbw,0.05,469,246496,130095,175721,23613,29561,26789,33810,0.012884590419317138,0.024130209009476822,0.0043530118135791385,0.024130209009476822,0.017237602232896276,0.012884590419317138,0.02848322082305596,0.015061096326106707,0.02630671491626639,0.0413678112423731,0.0,0.0,0.0,0.0
2024,target_lbw,0.1,469,246496,260191,351442,39365,49047,45414,56579,0.0245399519667662,0.039278527846293654,0.00601632480851616,0.039278527846293654,0.03055627677528236,0.0245399519667662,0.045294852654809814,0.02754811437102428,0.042286690250551734,0.06983480462157601,0.0,0.0,0.0,0.0
2024,target_lbw,0.05,470,246007,130095,175721,23446,29320,26752,33733,0.013438641989862082,0.02387736934314877,0.004499871954863066,0.02387736934314877,0.01793851394472515,0.013438641989862082,0.028377241298011835,0.015688577967293615,0.026127305320580302,0.04181588328787392,0.0,0.0,0.0,0.0
2024,target_lbw,0.1,470,246007,260191,351442,39097,48670,45118,56421,0.024474913315474744,0.03891352685086197,0.007032320218530369,0.03891352685086197,0.031507233534005114,0.024474913315474744,0.04594584706939234,0.02799107342473993,0.04242968696012715,0.07042076038486708,0.0,0.0,0.0,0.0
2024,target_lbw,0.05,471,245854,130095,175721,23659,29598,26677,33734,0.012275578188681094,0.02415661327454506,0.004547414319067411,0.02415661327454506,0.016822992507748505,0.012275578188681094,0.02870402759361247,0.0145492853482148,0.026430320434078766,0.040979605782293566,0.0,0.0,0.0,0.0
2024,target_lbw,0.1,471,245854,260191,351442,39402,49219,45419,56634,0.02447387473866605,0.03993020247789339,0.005686301626168372,0.03993020247789339,0.030160176364834423,0.02447387473866605,0.04561650410406176,0.027317025551750237,0.042773353290977575,0.07009037884272781,0.0,0.0,0.0,0.0
2024,target_lbw,0.05,472,245587,130095,175721,23252,29124,26408,33320,0.012850843082084965,0.02391006038593249,0.0042347518394703215,0.02391006038593249,0.017085594921555286,0.012850843082084965,0.028144812225402813,0.014968219001820125,0.026027436305667652,0.04099565530748778,0.0,0.0,0.0,0.0
2024,target_lbw,0.1,472,245587,260191,351442,39052,48713,44748,56145,0.02319341007463749,0.03933840146261813,0.007068778070500492,0.03933840146261813,0.03026218814513798,0.02319341007463749,0.046407179533118625,0.026727799109887734,0.04287279049786838,0.06960058960775611,0.0,0.0,0.0,0.0
2024,target_lbw,0.05,473,246399,130095,175721,23618,29653,26790,33747,0.01287342886943535,0.024492794207768703,0.003741898303158686,0.024492794207768703,0.016615327172594035,0.01287342886943535,0.02823469251092739,0.014744378021014692,0.026363743359348046,0.04110812138036274,0.0,0.0,0.0,0.0
2024,target_lbw,0.1,473,246399,260191,351442,39392,49200,45400,56675,0.024383215840973388,0.03980535635290727,0.005953757929212378,0.03980535635290727,0.030336973770185766,0.024383215840973388,0.04575911428211965,0.027360094805579577,0.04278223531751346,0.07014233012309304,0.0,0.0,0.0,0.0
2024,target_lbw,0.05,474,245952,130095,175721,23426,29317,26744,33645,0.01349043715846994,0.023951827998959146,0.004106492323705441,0.023951827998959146,0.01759692948217538,0.01349043715846994,0.028058320322664587,0.01554368332032266,0.026005074160811867,0.04154875748113453,0.0,0.0,0.0,0.0
2024,target_lbw,0.1,474,245952,260191,351442,39216,48861,45198,56641,0.024321818891491015,0.03921496877439498,0.007310369502992464,0.03921496877439498,0.03163218839448348,0.024321818891491015,0.046525338277387446,0.027977003642987247,0.042870153525891214,0.07084715716887846,0.0,0.0,0.0,0.0
2024,target_lbw,0.05,475,246435,130095,175721,23692,29533,26815,33894,0.012672712885750795,0.02370199038285957,0.0050236370645403705,0.02370199038285957,0.017696349950291165,0.012672712885750795,0.02872562744739994,0.01518453141802098,0.026213808915129755,0.041398340333150735,0.0,0.0,0.0,0.0
2024,target_lbw,0.1,475,246435,260191,351442,39427,49026,45502,56776,0.024651530829630536,0.03895144764339481,0.006796924138210869,0.03895144764339481,0.031448454967841405,0.024651530829630536,0.04574837178160568,0.02804999289873597,0.042349909712500244,0.07039990261123621,0.0,0.0,0.0,0.0
2024,target_lbw,0.05,476,246510,130095,175721,23321,29227,26647,33629,0.013492353251389394,0.023958460103038426,0.004364934485416416,0.023958460103038426,0.01785728773680581,0.013492353251389394,0.028323394588454842,0.015674820494097602,0.026140927345746634,0.041815747839844236,0.0,0.0,0.0,0.0
2024,target_lbw,0.1,476,246510,260191,351442,39214,49032,45030,56289,0.023593363352399505,0.039827998864143455,0.005845604640785346,0.039827998864143455,0.02943896799318485,0.023593363352399505,0.0456736035049288,0.026516165672792177,0.04275080118453613,0.0692669668573283,0.0,0.0,0.0,0.0
2024,target_lbw,0.05,477,245410,130095,175721,23437,29267,26712,33695,0.01334501446558821,0.023756163155535637,0.004698260054602499,0.023756163155535637,0.018043274520190708,0.01334501446558821,0.028454423210138136,0.01569414449288946,0.026105293182836886,0.041799437675726345,0.0,0.0,0.0,0.0
2024,target_lbw,0.1,477,245410,260191,351442,39159,48773,45181,56573,0.024538527362373164,0.03917525773195876,0.007245018540401799,0.03917525773195876,0.03178354590277496,0.024538527362373164,0.04642027627236056,0.028161036632574063,0.04279776700215966,0.07095880363473372,0.0,0.0,0.0,0.0
2024,target_lbw,0.05,478,246035,130095,175721,23278,29267,26608,33614,0.013534659702887794,0.024342065153331843,0.004133558233584647,0.024342065153331843,0.01766821793647244,0.013534659702887794,0.02847562338691649,0.015601438819680118,0.026408844270124167,0.042010283089804284,0.0,0.0,0.0,0.0
2024,target_lbw,0.1,478,246035,260191,351442,39018,48823,45307,56456,0.025561403865303728,0.039852053569614077,0.0054626374296339875,0.039852053569614077,0.031024041294937715,0.025561403865303728,0.045314690999248064,0.02829272258012072,0.04258337228443107,0.07087609486455179,0.0,0.0,0.0,0.0
2024,target_lbw,0.05,479,245582,130095,175721,23239,29140,26613,33505,0.013738791931004718,0.024028634020408668,0.004035312034269614,0.024028634020408668,0.017774103965274332,0.013738791931004718,0.028063946054678282,0.015756447948139525,0.026046290037543475,0.041802737985683,0.0,0.0,0.0,0.0
2024,target_lbw,0.1,479,245582,260191,351442,38975,48603,45169,56296,0.025221718204102905,0.03920482771538633,0.006103867547295805,0.03920482771538633,0.03132558575139871,0.025221718204102905,0.045308695262682136,0.028273651977750808,0.042256761489034234,0.07053041346678504,0.0,0.0,0.0,0.0
2024,target_lbw,0.05,480,244927,130095,175721,23499,29467,26773,33722,0.013367248200484225,0.02436644387919666,0.0040052750411346955,0.02436644387919666,0.01737252324161892,0.013367248200484225,0.028371718920331357,0.015369885721051572,0.02636908139976401,0.04173896712081558,0.0,0.0,0.0,0.0
2024,target_lbw,0.1,480,244927,260191,351442,39407,49144,45253,56424,0.023868336279789487,0.039754702421537835,0.00585480571762198,0.039754702421537835,0.029723141997411467,0.023868336279789487,0.045609508139159816,0.026795739138600477,0.042682105280348825,0.0694778444189493,0.0,0.0,0.0,0.0
2024,target_lbw,0.05,481,246621,130095,175721,23506,29486,26654,33733,0.012764525324283016,0.024247732350448664,0.004456230410224582,0.024247732350448664,0.017220755734507598,0.012764525324283016,0.028703962760673246,0.014992640529395307,0.026475847555560955,0.04146848808495626,0.0,0.0,0.0,0.0
2024,target_lbw,0.1,481,246621,260191,351442,39393,49044,45235,56640,0.02368816929620754,0.03913292055421072,0.0071121275154995,0.03913292055421072,0.03080029681170704,0.02368816929620754,0.04624504806971022,0.02724423305395729,0.04268898431196047,0.06993321736591776,0.0,0.0,0.0,0.0
2024,target_lbw,0.05,482,245371,130095,175721,23446,29041,26596,33620,0.012837702907026516,0.022802205639623277,0.005823834112425652,0.022802205639623277,0.018661537019452168,0.012837702907026516,0.02862603975204893,0.015749619963239342,0.025714122695836103,0.041463742659075445,0.0,0.0,0.0,0.0
2024,target_lbw,0.1,482,245371,260191,351442,38743,48508,44813,55929,0.02473804972877805,0.039796879011782166,0.005505948135680255,0.039796879011782166,0.030243997864458305,0.02473804972877805,0.04530282714746242,0.027491023796618178,0.04254985307962229,0.07004087687624047,0.0,0.0,0.0,0.0
2024,target_lbw,0.05,483,245112,130095,175721,23521,29320,26570,33568,0.012439211462515101,0.023658572407715656,0.004891641372107444,0.023658572407715656,0.017330852834622545,0.012439211462515101,0.0285502137798231,0.014885032148568823,0.026104393093769378,0.0409894252423382,0.0,0.0,0.0,0.0
2024,target_lbw,0.1,483,245112,260191,351442,38998,48623,45036,56176,0.024633636868043984,0.039267763308201975,0.00618084793890139,0.039267763308201975,0.030814484806945375,0.024633636868043984,0.045448611247103365,0.02772406083749468,0.04235818727765267,0.07008224811514735,0.0,0.0,0.0,0.0
2024,target_lbw,0.05,484,246511,130095,175721,23111,28948,26560,33373,0.01399126205321466,0.023678456539464765,0.00395925536791461,0.023678456539464765,0.01795051742112927,0.01399126205321466,0.027637711907379375,0.015970889737171964,0.02565808422342207,0.041628973960594035,0.0,0.0,0.0,0.0
2024,target_lbw,0.1,484,246511,260191,351442,38711,48551,44885,56022,0.025045535493345122,0.03991708280766376,0.005261428496091458,0.03991708280766376,0.03030696398943658,0.025045535493345122,0.04517851130375522,0.02767624974139085,0.04254779705570949,0.07022404679710034,0.0,0.0,0.0,0.0
2024,target_lbw,0.05,485,245933,130095,175721,23430,29244,26606,33482,0.012914086356853288,0.023640585037388237,0.004318249279275252,0.023640585037388237,0.01723233563612854,0.012914086356853288,0.02795883431666349,0.015073210996490914,0.025799709677025863,0.04087292067351678,0.0,0.0,0.0,0.0
2024,target_lbw,0.1,485,245933,260191,351442,39121,48894,45011,56224,0.02394961229277892,0.03973846535438513,0.005855253260034249,0.03973846535438513,0.02980486555281317,0.02394961229277892,0.04559371861441938,0.026877238922796046,0.04266609198440226,0.0695433309071983,0.0,0.0,0.0,0.0
2024,target_lbw,0.05,486,245726,130095,175721,23385,29257,26533,33511,0.012811017149182424,0.023896535165183988,0.004500948210608549,0.023896535165183988,0.017311965359790973,0.012811017149182424,0.028397483375792537,0.015061491254486699,0.026147009270488263,0.04120850052497496,0.0,0.0,0.0,0.0
2024,target_lbw,0.1,486,245726,260191,351442,39122,48834,45106,56440,0.024352327389043082,0.039523697126067264,0.006600848099102247,0.039523697126067264,0.03095317548814533,0.024352327389043082,0.04612454522516951,0.027652751438594206,0.04282412117561839,0.0704768726142126,0.0,0.0,0.0,0.0
2024,target_lbw,0.05,487,246744,130095,175721,23729,29661,26754,33821,0.012259669941315693,0.024041111435333787,0.004599909217650688,0.024041111435333787,0.01685957915896638,0.012259669941315693,0.028641020652984475,0.014559624550141037,0.02634106604415913,0.04090069059430017,0.0,0.0,0.0,0.0
2024,target_lbw,0.1,487,246744,260191,351442,39627,49320,45457,56797,0.023627727523262976,0.03928362999708199,0.0066749343449080956,0.03928362999708199,0.03030266186817107,0.023627727523262976,0.04595856434199008,0.026965194695717024,0.042621097169536035,0.06958629186525306,0.0,0.0,0.0,0.0
2024,target_lbw,0.05,488,246343,130095,175721,23472,29271,26823,33918,0.013602984456631606,0.023540348213669557,0.005260957283137746,0.023540348213669557,0.018863941739769352,0.013602984456631606,0.028801305496807303,0.01623346309820048,0.02617082685523843,0.04240428995343891,0.0,0.0,0.0,0.0
2024,target_lbw,0.1,488,246343,260191,351442,39237,48935,45354,56709,0.024831231250735775,0.039367873249899515,0.0067263936868512675,0.039367873249899515,0.03155762493758704,0.024831231250735775,0.04609426693675078,0.02819442809416141,0.04273107009332515,0.07092549818748656,0.0,0.0,0.0,0.0
2024,target_lbw,0.05,489,246517,130095,175721,23412,29437,26506,33455,0.012550858561478528,0.024440505117294148,0.0037482202038804507,0.024440505117294148,0.01629907876535898,0.012550858561478528,0.0281887253211746,0.014424968663418754,0.026314615219234373,0.04073958388265313,0.0,0.0,0.0,0.0
2024,target_lbw,0.1,489,246517,260191,351442,39271,49051,45117,56285,0.023714388865676617,0.03967272033977373,0.005630443336565011,0.03967272033977373,0.029344832202241627,0.023714388865676617,0.04530316367633874,0.026529610533959122,0.04248794200805624,0.06901755254201536,0.0,0.0,0.0,0.0
2024,target_lbw,0.05,490,245982,130095,175721,23339,29102,26685,33604,0.01360262133001601,0.023428543551967218,0.004699530859981635,0.023428543551967218,0.018302152189997645,0.01360262133001601,0.028128074411948853,0.015952386760006827,0.025778308981958035,0.04173069574196486,0.0,0.0,0.0,0.0
2024,target_lbw,0.1,490,245982,260191,351442,38955,48572,45019,56258,0.02465221032433268,0.03909635664398209,0.0065939784211852814,0.03909635664398209,0.03124618874551796,0.02465221032433268,0.04569033506516737,0.02794919953492532,0.04239334585457473,0.07034254538950005,0.0,0.0,0.0,0.0
2024,target_lbw,0.05,491,245575,130095,175721,23189,28952,26655,33569,0.014113814516950013,0.02346737249312837,0.0046869591774407054,0.02346737249312837,0.01880077369439072,0.014113814516950013,0.028154331670569077,0.016457294105670366,0.025810852081848724,0.04226814618751909,0.0,0.0,0.0,0.0
2024,target_lbw,0.1,491,245575,260191,351442,38763,48578,44904,56083,0.0250066171230785,0.039967423394075136,0.005554311310190352,0.039967423394075136,0.030560928433268852,0.0250066171230785,0.04552173470426549,0.027783772778173677,0.04274457904917031,0.07052835182734399,0.0,0.0,0.0,0.0
2024,target_lbw,0.05,492,245451,130095,175721,23326,29214,26418,33369,0.012597218996866985,0.0239884946486264,0.00433080329678838,0.0239884946486264,0.016928022293655365,0.012597218996866985,0.02831929794541478,0.014762620645261175,0.02615389629702059,0.040916516942281767,0.0,0.0,0.0,0.0
2024,target_lbw,0.1,492,245451,260191,351442,39117,48771,44931,56269,0.023687008812349503,0.039331679235366734,0.006860839841760669,0.039331679235366734,0.03054784865411017,0.023687008812349503,0.0461925190771274,0.027117428733229837,0.04276209915624707,0.0698795278894769,0.0,0.0,0.0,0.0
2024,target_lbw,0.05,493,246058,130095,175721,23369,29314,26515,33504,0.012785603394321665,0.024160970177762975,0.004242902079997404,0.024160970177762975,0.01702850547431907,0.012785603394321665,0.02840387225776038,0.014907054434320367,0.026282421217761677,0.041189475652082044,0.0,0.0,0.0,0.0
2024,target_lbw,0.1,493,246058,260191,351442,39312,49006,45006,56540,0.023140885482284657,0.03939721529070381,0.0074779117118728144,0.03939721529070381,0.03061879719415747,0.023140885482284657,0.04687512700257662,0.026879841338221064,0.043136171146640215,0.07001601248486128,0.0,0.0,0.0,0.0
2024,target_lbw,0.05,494,246136,130095,175721,23509,29377,26777,33708,0.01327721259791334,0.023840478434686507,0.004318750609419192,0.023840478434686507,0.017595963207332532,0.01327721259791334,0.0281592290441057,0.015436587902622936,0.025999853739396103,0.04143644164201904,0.0,0.0,0.0,0.0
2024,target_lbw,0.1,494,246136,260191,351442,39232,48888,45136,56396,0.023986739038580285,0.0392303441999545,0.006516722462378527,0.0392303441999545,0.03050346150095881,0.023986739038580285,0.045747066662333025,0.027245100269769548,0.04248870543114376,0.06973380570091331,0.0,0.0,0.0,0.0
2024,target_lbw,0.05,495,247146,130095,175721,23407,29379,26813,33747,0.013781327636295956,0.024163854563699183,0.003892436049946185,0.024163854563699183,0.01767376368624214,0.013781327636295956,0.028056290613645368,0.01572754566126905,0.026110072588672276,0.041837618249941325,0.0,0.0,0.0,0.0
2024,target_lbw,0.1,495,247146,260191,351442,39306,48996,45262,56517,0.02409911550257743,0.03920759389186959,0.006332289415972747,0.03920759389186959,0.030431404918550176,0.02409911550257743,0.04553988330784234,0.027265260210563802,0.042373738599855965,0.06963899881041977,0.0,0.0,0.0,0.0
2024,target_lbw,0.05,496,245369,130095,175721,23442,29224,26641,33514,0.013037506775509536,0.02356450896405006,0.004446364455167523,0.02356450896405006,0.01748387123067706,0.013037506775509536,0.028010873419217583,0.015260689003093297,0.02578769119163382,0.04104838019472712,0.0,0.0,0.0,0.0
2024,target_lbw,0.1,496,245369,260191,351442,39021,48740,44946,56215,0.02414730467173931,0.03960973065057119,0.00631701641201618,0.03960973065057119,0.03046432108375549,0.02414730467173931,0.04592674706258737,0.0273058128777474,0.04276823885657928,0.07007405173432668,0.0,0.0,0.0,0.0
2024,target_lbw,0.05,497,246840,130095,175721,23549,29476,26756,33628,0.012992221682061253,0.024011505428617727,0.003828390860476427,0.024011505428617727,0.01682061254253768,0.012992221682061253,0.027839896289094154,0.014906417112299467,0.02592570085885594,0.04083211797115541,0.0,0.0,0.0,0.0
2024,target_lbw,0.1,497,246840,260191,351442,39313,49128,45167,56439,0.023715767298655016,0.03976259925457787,0.005902608977475271,0.03976259925457787,0.029618376276130287,0.023715767298655016,0.04566520823205314,0.02666707178739265,0.042713903743315504,0.06938097553070816,0.0,0.0,0.0,0.0
2024,target_lbw,0.05,498,246034,130095,175721,23463,29305,26629,33509,0.012868140175748069,0.02374468569384719,0.004218929091101234,0.02374468569384719,0.017087069266849303,0.012868140175748069,0.027963614784948423,0.014977604721298686,0.025854150239397806,0.04083175496069649,0.0,0.0,0.0,0.0
2024,target_lbw,0.1,498,246034,260191,351442,39308,49142,45088,56412,0.0234926880024712,0.03997008543534633,0.006056073550810059,0.03997008543534633,0.02954876155328126,0.0234926880024712,0.04602615898615639,0.02652072477787623,0.04299812221075136,0.06951884698862759,0.0,0.0,0.0,0.0
2024,target_lbw,0.05,499,245692,130095,175721,23395,29374,26548,33485,0.012833140680201222,0.024335346694235052,0.003899190856845161,0.024335346694235052,0.016732331537046383,0.012833140680201222,0.028234537551080213,0.014782736108623802,0.026284942122657633,0.041067678231281435,0.0,0.0,0.0,0.0
2024,target_lbw,0.1,499,245692,260191,351442,39371,49091,45090,56523,0.02327711117985118,0.03956172769158131,0.006972143985152168,0.03956172769158131,0.030249255165003347,0.02327711117985118,0.04653387167673348,0.026763183172427263,0.043047799684157395,0.06981098285658466,0.0,0.0,0.0,0.0
